pass,order_index,commit_short,commit_full,author_date,subject,kind,backend,layout,component,channel,metric,value,status,error
forward,0,04de76a,04de76a08895534a00810d6ca57cd8959e4e84ce,2026-08-13T00:55:10+08:00,perf(torch): fuse the synthesis chain into one shift-accumulate,meta,,,,,measured,1,ok,
forward,0,04de76a,04de76a08895534a00810d6ca57cd8959e4e84ce,2026-08-13T00:55:10+08:00,perf(torch): fuse the synthesis chain into one shift-accumulate,accuracy,numpy,matlab_reference,true_target,0,correlation,0.9999999561961295,ok,
forward,0,04de76a,04de76a08895534a00810d6ca57cd8959e4e84ce,2026-08-13T00:55:10+08:00,perf(torch): fuse the synthesis chain into one shift-accumulate,accuracy,numpy,matlab_reference,true_target,0,rms_ratio,1.0025656261838365,ok,
forward,0,04de76a,04de76a08895534a00810d6ca57cd8959e4e84ce,2026-08-13T00:55:10+08:00,perf(torch): fuse the synthesis chain into one shift-accumulate,accuracy,numpy,matlab_reference,true_target,0,gain_error,5.248375756217172e-07,ok,
forward,0,04de76a,04de76a08895534a00810d6ca57cd8959e4e84ce,2026-08-13T00:55:10+08:00,perf(torch): fuse the synthesis chain into one shift-accumulate,accuracy,numpy,matlab_reference,true_target,1,correlation,0.9999999564923208,ok,
forward,0,04de76a,04de76a08895534a00810d6ca57cd8959e4e84ce,2026-08-13T00:55:10+08:00,perf(torch): fuse the synthesis chain into one shift-accumulate,accuracy,numpy,matlab_reference,true_target,1,rms_ratio,1.0025642097271241,ok,
forward,0,04de76a,04de76a08895534a00810d6ca57cd8959e4e84ce,2026-08-13T00:55:10+08:00,perf(torch): fuse the synthesis chain into one shift-accumulate,accuracy,numpy,matlab_reference,true_target,1,gain_error,-8.879950796902847e-07,ok,
forward,0,04de76a,04de76a08895534a00810d6ca57cd8959e4e84ce,2026-08-13T00:55:10+08:00,perf(torch): fuse the synthesis chain into one shift-accumulate,accuracy,numpy,matlab_reference,target_distortion,0,correlation,0.9999997518159526,ok,
forward,0,04de76a,04de76a08895534a00810d6ca57cd8959e4e84ce,2026-08-13T00:55:10+08:00,perf(torch): fuse the synthesis chain into one shift-accumulate,accuracy,numpy,matlab_reference,target_distortion,0,rms_ratio,1.0025638121195892,ok,
forward,0,04de76a,04de76a08895534a00810d6ca57cd8959e4e84ce,2026-08-13T00:55:10+08:00,perf(torch): fuse the synthesis chain into one shift-accumulate,accuracy,numpy,matlab_reference,target_distortion,0,gain_error,-1.2845853210041724e-06,ok,
forward,0,04de76a,04de76a08895534a00810d6ca57cd8959e4e84ce,2026-08-13T00:55:10+08:00,perf(torch): fuse the synthesis chain into one shift-accumulate,accuracy,numpy,matlab_reference,target_distortion,1,correlation,0.9999997569262901,ok,
forward,0,04de76a,04de76a08895534a00810d6ca57cd8959e4e84ce,2026-08-13T00:55:10+08:00,perf(torch): fuse the synthesis chain into one shift-accumulate,accuracy,numpy,matlab_reference,target_distortion,1,rms_ratio,1.0025641088572255,ok,
forward,0,04de76a,04de76a08895534a00810d6ca57cd8959e4e84ce,2026-08-13T00:55:10+08:00,perf(torch): fuse the synthesis chain into one shift-accumulate,accuracy,numpy,matlab_reference,target_distortion,1,gain_error,-9.886068990105912e-07,ok,
forward,0,04de76a,04de76a08895534a00810d6ca57cd8959e4e84ce,2026-08-13T00:55:10+08:00,perf(torch): fuse the synthesis chain into one shift-accumulate,accuracy,numpy,matlab_reference,interference,0,correlation,0.9999999303721786,ok,
forward,0,04de76a,04de76a08895534a00810d6ca57cd8959e4e84ce,2026-08-13T00:55:10+08:00,perf(torch): fuse the synthesis chain into one shift-accumulate,accuracy,numpy,matlab_reference,interference,0,rms_ratio,1.0025655710258772,ok,
forward,0,04de76a,04de76a08895534a00810d6ca57cd8959e4e84ce,2026-08-13T00:55:10+08:00,perf(torch): fuse the synthesis chain into one shift-accumulate,accuracy,numpy,matlab_reference,interference,0,gain_error,4.6982074008994346e-07,ok,
forward,0,04de76a,04de76a08895534a00810d6ca57cd8959e4e84ce,2026-08-13T00:55:10+08:00,perf(torch): fuse the synthesis chain into one shift-accumulate,accuracy,numpy,matlab_reference,interference,1,correlation,0.9999999264069914,ok,
forward,0,04de76a,04de76a08895534a00810d6ca57cd8959e4e84ce,2026-08-13T00:55:10+08:00,perf(torch): fuse the synthesis chain into one shift-accumulate,accuracy,numpy,matlab_reference,interference,1,rms_ratio,1.00256542581319,ok,
forward,0,04de76a,04de76a08895534a00810d6ca57cd8959e4e84ce,2026-08-13T00:55:10+08:00,perf(torch): fuse the synthesis chain into one shift-accumulate,accuracy,numpy,matlab_reference,interference,1,gain_error,3.2497958479815736e-07,ok,
forward,0,04de76a,04de76a08895534a00810d6ca57cd8959e4e84ce,2026-08-13T00:55:10+08:00,perf(torch): fuse the synthesis chain into one shift-accumulate,accuracy,numpy,matlab_reference,artifacts,0,correlation,0.999996689292553,ok,
forward,0,04de76a,04de76a08895534a00810d6ca57cd8959e4e84ce,2026-08-13T00:55:10+08:00,perf(torch): fuse the synthesis chain into one shift-accumulate,accuracy,numpy,matlab_reference,artifacts,0,rms_ratio,1.0025533527297354,ok,
forward,0,04de76a,04de76a08895534a00810d6ca57cd8959e4e84ce,2026-08-13T00:55:10+08:00,perf(torch): fuse the synthesis chain into one shift-accumulate,accuracy,numpy,matlab_reference,artifacts,0,gain_error,-1.1717214437823031e-05,ok,
forward,0,04de76a,04de76a08895534a00810d6ca57cd8959e4e84ce,2026-08-13T00:55:10+08:00,perf(torch): fuse the synthesis chain into one shift-accumulate,accuracy,numpy,matlab_reference,artifacts,1,correlation,0.9999967267532045,ok,
forward,0,04de76a,04de76a08895534a00810d6ca57cd8959e4e84ce,2026-08-13T00:55:10+08:00,perf(torch): fuse the synthesis chain into one shift-accumulate,accuracy,numpy,matlab_reference,artifacts,1,rms_ratio,1.0025621567655285,ok,
forward,0,04de76a,04de76a08895534a00810d6ca57cd8959e4e84ce,2026-08-13T00:55:10+08:00,perf(torch): fuse the synthesis chain into one shift-accumulate,accuracy,numpy,matlab_reference,artifacts,1,gain_error,-2.935704096929115e-06,ok,
forward,0,04de76a,04de76a08895534a00810d6ca57cd8959e4e84ce,2026-08-13T00:55:10+08:00,perf(torch): fuse the synthesis chain into one shift-accumulate,accuracy,torch,matlab_reference,true_target,0,correlation,0.9999999561885167,ok,
forward,0,04de76a,04de76a08895534a00810d6ca57cd8959e4e84ce,2026-08-13T00:55:10+08:00,perf(torch): fuse the synthesis chain into one shift-accumulate,accuracy,torch,matlab_reference,true_target,0,rms_ratio,1.0025657316271912,ok,
forward,0,04de76a,04de76a08895534a00810d6ca57cd8959e4e84ce,2026-08-13T00:55:10+08:00,perf(torch): fuse the synthesis chain into one shift-accumulate,accuracy,torch,matlab_reference,true_target,0,gain_error,6.300111496937433e-07,ok,
forward,0,04de76a,04de76a08895534a00810d6ca57cd8959e4e84ce,2026-08-13T00:55:10+08:00,perf(torch): fuse the synthesis chain into one shift-accumulate,accuracy,torch,matlab_reference,true_target,1,correlation,0.9999999564837455,ok,
forward,0,04de76a,04de76a08895534a00810d6ca57cd8959e4e84ce,2026-08-13T00:55:10+08:00,perf(torch): fuse the synthesis chain into one shift-accumulate,accuracy,torch,matlab_reference,true_target,1,rms_ratio,1.0025643041692467,ok,
forward,0,04de76a,04de76a08895534a00810d6ca57cd8959e4e84ce,2026-08-13T00:55:10+08:00,perf(torch): fuse the synthesis chain into one shift-accumulate,accuracy,torch,matlab_reference,true_target,1,gain_error,-7.937945908365052e-07,ok,
forward,0,04de76a,04de76a08895534a00810d6ca57cd8959e4e84ce,2026-08-13T00:55:10+08:00,perf(torch): fuse the synthesis chain into one shift-accumulate,accuracy,torch,matlab_reference,target_distortion,0,correlation,0.9999997517202875,ok,
forward,0,04de76a,04de76a08895534a00810d6ca57cd8959e4e84ce,2026-08-13T00:55:10+08:00,perf(torch): fuse the synthesis chain into one shift-accumulate,accuracy,torch,matlab_reference,target_distortion,0,rms_ratio,1.0025644953099082,ok,
forward,0,04de76a,04de76a08895534a00810d6ca57cd8959e4e84ce,2026-08-13T00:55:10+08:00,perf(torch): fuse the synthesis chain into one shift-accumulate,accuracy,torch,matlab_reference,target_distortion,0,gain_error,-6.031429697905821e-07,ok,
forward,0,04de76a,04de76a08895534a00810d6ca57cd8959e4e84ce,2026-08-13T00:55:10+08:00,perf(torch): fuse the synthesis chain into one shift-accumulate,accuracy,torch,matlab_reference,target_distortion,1,correlation,0.9999997568730792,ok,
forward,0,04de76a,04de76a08895534a00810d6ca57cd8959e4e84ce,2026-08-13T00:55:10+08:00,perf(torch): fuse the synthesis chain into one shift-accumulate,accuracy,torch,matlab_reference,target_distortion,1,rms_ratio,1.0025645659903506,ok,
forward,0,04de76a,04de76a08895534a00810d6ca57cd8959e4e84ce,2026-08-13T00:55:10+08:00,perf(torch): fuse the synthesis chain into one shift-accumulate,accuracy,torch,matlab_reference,target_distortion,1,gain_error,-5.326433658581209e-07,ok,
forward,0,04de76a,04de76a08895534a00810d6ca57cd8959e4e84ce,2026-08-13T00:55:10+08:00,perf(torch): fuse the synthesis chain into one shift-accumulate,accuracy,torch,matlab_reference,interference,0,correlation,0.9999999303372871,ok,
forward,0,04de76a,04de76a08895534a00810d6ca57cd8959e4e84ce,2026-08-13T00:55:10+08:00,perf(torch): fuse the synthesis chain into one shift-accumulate,accuracy,torch,matlab_reference,interference,0,rms_ratio,1.0025659561218128,ok,
forward,0,04de76a,04de76a08895534a00810d6ca57cd8959e4e84ce,2026-08-13T00:55:10+08:00,perf(torch): fuse the synthesis chain into one shift-accumulate,accuracy,torch,matlab_reference,interference,0,gain_error,8.539313933741965e-07,ok,
forward,0,04de76a,04de76a08895534a00810d6ca57cd8959e4e84ce,2026-08-13T00:55:10+08:00,perf(torch): fuse the synthesis chain into one shift-accumulate,accuracy,torch,matlab_reference,interference,1,correlation,0.999999926383623,ok,
forward,0,04de76a,04de76a08895534a00810d6ca57cd8959e4e84ce,2026-08-13T00:55:10+08:00,perf(torch): fuse the synthesis chain into one shift-accumulate,accuracy,torch,matlab_reference,interference,1,rms_ratio,1.0025657457016666,ok,
forward,0,04de76a,04de76a08895534a00810d6ca57cd8959e4e84ce,2026-08-13T00:55:10+08:00,perf(torch): fuse the synthesis chain into one shift-accumulate,accuracy,torch,matlab_reference,interference,1,gain_error,6.440496149728858e-07,ok,
forward,0,04de76a,04de76a08895534a00810d6ca57cd8959e4e84ce,2026-08-13T00:55:10+08:00,perf(torch): fuse the synthesis chain into one shift-accumulate,accuracy,torch,matlab_reference,artifacts,0,correlation,0.9999966888305841,ok,
forward,0,04de76a,04de76a08895534a00810d6ca57cd8959e4e84ce,2026-08-13T00:55:10+08:00,perf(torch): fuse the synthesis chain into one shift-accumulate,accuracy,torch,matlab_reference,artifacts,0,rms_ratio,1.0025535192393396,ok,
forward,0,04de76a,04de76a08895534a00810d6ca57cd8959e4e84ce,2026-08-13T00:55:10+08:00,perf(torch): fuse the synthesis chain into one shift-accumulate,accuracy,torch,matlab_reference,artifacts,0,gain_error,-1.1551130854714486e-05,ok,
forward,0,04de76a,04de76a08895534a00810d6ca57cd8959e4e84ce,2026-08-13T00:55:10+08:00,perf(torch): fuse the synthesis chain into one shift-accumulate,accuracy,torch,matlab_reference,artifacts,1,correlation,0.9999967264080942,ok,
forward,0,04de76a,04de76a08895534a00810d6ca57cd8959e4e84ce,2026-08-13T00:55:10+08:00,perf(torch): fuse the synthesis chain into one shift-accumulate,accuracy,torch,matlab_reference,artifacts,1,rms_ratio,1.0025623183508725,ok,
forward,0,04de76a,04de76a08895534a00810d6ca57cd8959e4e84ce,2026-08-13T00:55:10+08:00,perf(torch): fuse the synthesis chain into one shift-accumulate,accuracy,torch,matlab_reference,artifacts,1,gain_error,-2.7745321750094476e-06,ok,
forward,0,04de76a,04de76a08895534a00810d6ca57cd8959e4e84ce,2026-08-13T00:55:10+08:00,perf(torch): fuse the synthesis chain into one shift-accumulate,score,numpy,matlab_reference,,,overall_perceptual_score,17.665620658898018,ok,
forward,0,04de76a,04de76a08895534a00810d6ca57cd8959e4e84ce,2026-08-13T00:55:10+08:00,perf(torch): fuse the synthesis chain into one shift-accumulate,score,numpy,matlab_reference,,,target_perceptual_score,60.99054480411449,ok,
forward,0,04de76a,04de76a08895534a00810d6ca57cd8959e4e84ce,2026-08-13T00:55:10+08:00,perf(torch): fuse the synthesis chain into one shift-accumulate,score,numpy,matlab_reference,,,interference_perceptual_score,20.484111933216646,ok,
forward,0,04de76a,04de76a08895534a00810d6ca57cd8959e4e84ce,2026-08-13T00:55:10+08:00,perf(torch): fuse the synthesis chain into one shift-accumulate,score,numpy,matlab_reference,,,artifact_perceptual_score,76.30119318637043,ok,
forward,0,04de76a,04de76a08895534a00810d6ca57cd8959e4e84ce,2026-08-13T00:55:10+08:00,perf(torch): fuse the synthesis chain into one shift-accumulate,score,numpy,matlab_reference,,,source_to_distortion_ratio,0.9106313299035762,ok,
forward,0,04de76a,04de76a08895534a00810d6ca57cd8959e4e84ce,2026-08-13T00:55:10+08:00,perf(torch): fuse the synthesis chain into one shift-accumulate,score,numpy,matlab_reference,,,source_to_spatial_distortion_ratio,7.518381807709459,ok,
forward,0,04de76a,04de76a08895534a00810d6ca57cd8959e4e84ce,2026-08-13T00:55:10+08:00,perf(torch): fuse the synthesis chain into one shift-accumulate,score,numpy,matlab_reference,,,source_to_interference_ratio,-0.370665110565514,ok,
forward,0,04de76a,04de76a08895534a00810d6ca57cd8959e4e84ce,2026-08-13T00:55:10+08:00,perf(torch): fuse the synthesis chain into one shift-accumulate,score,numpy,matlab_reference,,,source_to_artifacts_ratio,19.35929547652705,ok,
forward,0,04de76a,04de76a08895534a00810d6ca57cd8959e4e84ce,2026-08-13T00:55:10+08:00,perf(torch): fuse the synthesis chain into one shift-accumulate,score,torch,matlab_reference,,,overall_perceptual_score,17.665736258846312,ok,
forward,0,04de76a,04de76a08895534a00810d6ca57cd8959e4e84ce,2026-08-13T00:55:10+08:00,perf(torch): fuse the synthesis chain into one shift-accumulate,score,torch,matlab_reference,,,target_perceptual_score,60.99057681749069,ok,
forward,0,04de76a,04de76a08895534a00810d6ca57cd8959e4e84ce,2026-08-13T00:55:10+08:00,perf(torch): fuse the synthesis chain into one shift-accumulate,score,torch,matlab_reference,,,interference_perceptual_score,20.484476217617885,ok,
forward,0,04de76a,04de76a08895534a00810d6ca57cd8959e4e84ce,2026-08-13T00:55:10+08:00,perf(torch): fuse the synthesis chain into one shift-accumulate,score,torch,matlab_reference,,,artifact_perceptual_score,76.30118899632984,ok,
forward,0,04de76a,04de76a08895534a00810d6ca57cd8959e4e84ce,2026-08-13T00:55:10+08:00,perf(torch): fuse the synthesis chain into one shift-accumulate,score,torch,matlab_reference,,,source_to_distortion_ratio,0.9106297010223486,ok,
forward,0,04de76a,04de76a08895534a00810d6ca57cd8959e4e84ce,2026-08-13T00:55:10+08:00,perf(torch): fuse the synthesis chain into one shift-accumulate,score,torch,matlab_reference,,,source_to_spatial_distortion_ratio,7.51837774338728,ok,
forward,0,04de76a,04de76a08895534a00810d6ca57cd8959e4e84ce,2026-08-13T00:55:10+08:00,perf(torch): fuse the synthesis chain into one shift-accumulate,score,torch,matlab_reference,,,source_to_interference_ratio,-0.3706691301688929,ok,
forward,0,04de76a,04de76a08895534a00810d6ca57cd8959e4e84ce,2026-08-13T00:55:10+08:00,perf(torch): fuse the synthesis chain into one shift-accumulate,score,torch,matlab_reference,,,source_to_artifacts_ratio,19.35929606667044,ok,
forward,0,04de76a,04de76a08895534a00810d6ca57cd8959e4e84ce,2026-08-13T00:55:10+08:00,perf(torch): fuse the synthesis chain into one shift-accumulate,timing,numpy,mono,,,median_seconds,1.3399048000574112,ok,
forward,0,04de76a,04de76a08895534a00810d6ca57cd8959e4e84ce,2026-08-13T00:55:10+08:00,perf(torch): fuse the synthesis chain into one shift-accumulate,timing,numpy,mono,,,min_seconds,1.3162087998352945,ok,
forward,0,04de76a,04de76a08895534a00810d6ca57cd8959e4e84ce,2026-08-13T00:55:10+08:00,perf(torch): fuse the synthesis chain into one shift-accumulate,timing,numpy,mono,,,audio_seconds,5.0,ok,
forward,0,04de76a,04de76a08895534a00810d6ca57cd8959e4e84ce,2026-08-13T00:55:10+08:00,perf(torch): fuse the synthesis chain into one shift-accumulate,timing,numpy,mono,,,seconds_per_audio_second,0.26798096001148225,ok,
forward,0,04de76a,04de76a08895534a00810d6ca57cd8959e4e84ce,2026-08-13T00:55:10+08:00,perf(torch): fuse the synthesis chain into one shift-accumulate,timing,numpy,mono,,,realtime_factor,3.731608394705179,ok,
forward,0,04de76a,04de76a08895534a00810d6ca57cd8959e4e84ce,2026-08-13T00:55:10+08:00,perf(torch): fuse the synthesis chain into one shift-accumulate,timing,numpy,mono,,,spread_pct,10.802799698128828,ok,
forward,0,04de76a,04de76a08895534a00810d6ca57cd8959e4e84ce,2026-08-13T00:55:10+08:00,perf(torch): fuse the synthesis chain into one shift-accumulate,timing,numpy,stereo,,,median_seconds,3.0591850001364946,ok,
forward,0,04de76a,04de76a08895534a00810d6ca57cd8959e4e84ce,2026-08-13T00:55:10+08:00,perf(torch): fuse the synthesis chain into one shift-accumulate,timing,numpy,stereo,,,min_seconds,2.8103839000687003,ok,
forward,0,04de76a,04de76a08895534a00810d6ca57cd8959e4e84ce,2026-08-13T00:55:10+08:00,perf(torch): fuse the synthesis chain into one shift-accumulate,timing,numpy,stereo,,,audio_seconds,5.0,ok,
forward,0,04de76a,04de76a08895534a00810d6ca57cd8959e4e84ce,2026-08-13T00:55:10+08:00,perf(torch): fuse the synthesis chain into one shift-accumulate,timing,numpy,stereo,,,seconds_per_audio_second,0.6118370000272989,ok,
forward,0,04de76a,04de76a08895534a00810d6ca57cd8959e4e84ce,2026-08-13T00:55:10+08:00,perf(torch): fuse the synthesis chain into one shift-accumulate,timing,numpy,stereo,,,realtime_factor,1.6344222398373782,ok,
forward,0,04de76a,04de76a08895534a00810d6ca57cd8959e4e84ce,2026-08-13T00:55:10+08:00,perf(torch): fuse the synthesis chain into one shift-accumulate,timing,numpy,stereo,,,spread_pct,14.390432569520565,ok,
forward,0,04de76a,04de76a08895534a00810d6ca57cd8959e4e84ce,2026-08-13T00:55:10+08:00,perf(torch): fuse the synthesis chain into one shift-accumulate,timing,torch,mono,,,median_seconds,1.059799900278449,ok,
forward,0,04de76a,04de76a08895534a00810d6ca57cd8959e4e84ce,2026-08-13T00:55:10+08:00,perf(torch): fuse the synthesis chain into one shift-accumulate,timing,torch,mono,,,min_seconds,1.0466806003823876,ok,
forward,0,04de76a,04de76a08895534a00810d6ca57cd8959e4e84ce,2026-08-13T00:55:10+08:00,perf(torch): fuse the synthesis chain into one shift-accumulate,timing,torch,mono,,,audio_seconds,5.0,ok,
forward,0,04de76a,04de76a08895534a00810d6ca57cd8959e4e84ce,2026-08-13T00:55:10+08:00,perf(torch): fuse the synthesis chain into one shift-accumulate,timing,torch,mono,,,seconds_per_audio_second,0.2119599800556898,ok,
forward,0,04de76a,04de76a08895534a00810d6ca57cd8959e4e84ce,2026-08-13T00:55:10+08:00,perf(torch): fuse the synthesis chain into one shift-accumulate,timing,torch,mono,,,realtime_factor,4.717871740397705,ok,
forward,0,04de76a,04de76a08895534a00810d6ca57cd8959e4e84ce,2026-08-13T00:55:10+08:00,perf(torch): fuse the synthesis chain into one shift-accumulate,timing,torch,mono,,,spread_pct,2.771342046298228,ok,
forward,0,04de76a,04de76a08895534a00810d6ca57cd8959e4e84ce,2026-08-13T00:55:10+08:00,perf(torch): fuse the synthesis chain into one shift-accumulate,timing,torch,stereo,,,median_seconds,2.1301172003149986,ok,
forward,0,04de76a,04de76a08895534a00810d6ca57cd8959e4e84ce,2026-08-13T00:55:10+08:00,perf(torch): fuse the synthesis chain into one shift-accumulate,timing,torch,stereo,,,min_seconds,2.1116392998956144,ok,
forward,0,04de76a,04de76a08895534a00810d6ca57cd8959e4e84ce,2026-08-13T00:55:10+08:00,perf(torch): fuse the synthesis chain into one shift-accumulate,timing,torch,stereo,,,audio_seconds,5.0,ok,
forward,0,04de76a,04de76a08895534a00810d6ca57cd8959e4e84ce,2026-08-13T00:55:10+08:00,perf(torch): fuse the synthesis chain into one shift-accumulate,timing,torch,stereo,,,seconds_per_audio_second,0.42602344006299975,ok,
forward,0,04de76a,04de76a08895534a00810d6ca57cd8959e4e84ce,2026-08-13T00:55:10+08:00,perf(torch): fuse the synthesis chain into one shift-accumulate,timing,torch,stereo,,,realtime_factor,2.347288684050158,ok,
forward,0,04de76a,04de76a08895534a00810d6ca57cd8959e4e84ce,2026-08-13T00:55:10+08:00,perf(torch): fuse the synthesis chain into one shift-accumulate,timing,torch,stereo,,,spread_pct,2.6240797812699888,ok,
forward,1,ae0bdc2,ae0bdc28622f21ac0bdc8f622a4a69af35c5e83e,2026-08-13T00:26:41+08:00,"perf(torch): general mixed-rate polyphase, retiring the FFT resample route",meta,,,,,measured,1,ok,
forward,1,ae0bdc2,ae0bdc28622f21ac0bdc8f622a4a69af35c5e83e,2026-08-13T00:26:41+08:00,"perf(torch): general mixed-rate polyphase, retiring the FFT resample route",accuracy,numpy,matlab_reference,true_target,0,correlation,0.9999999561961295,ok,
forward,1,ae0bdc2,ae0bdc28622f21ac0bdc8f622a4a69af35c5e83e,2026-08-13T00:26:41+08:00,"perf(torch): general mixed-rate polyphase, retiring the FFT resample route",accuracy,numpy,matlab_reference,true_target,0,rms_ratio,1.0025656261838365,ok,
forward,1,ae0bdc2,ae0bdc28622f21ac0bdc8f622a4a69af35c5e83e,2026-08-13T00:26:41+08:00,"perf(torch): general mixed-rate polyphase, retiring the FFT resample route",accuracy,numpy,matlab_reference,true_target,0,gain_error,5.248375756217172e-07,ok,
forward,1,ae0bdc2,ae0bdc28622f21ac0bdc8f622a4a69af35c5e83e,2026-08-13T00:26:41+08:00,"perf(torch): general mixed-rate polyphase, retiring the FFT resample route",accuracy,numpy,matlab_reference,true_target,1,correlation,0.9999999564923208,ok,
forward,1,ae0bdc2,ae0bdc28622f21ac0bdc8f622a4a69af35c5e83e,2026-08-13T00:26:41+08:00,"perf(torch): general mixed-rate polyphase, retiring the FFT resample route",accuracy,numpy,matlab_reference,true_target,1,rms_ratio,1.0025642097271241,ok,
forward,1,ae0bdc2,ae0bdc28622f21ac0bdc8f622a4a69af35c5e83e,2026-08-13T00:26:41+08:00,"perf(torch): general mixed-rate polyphase, retiring the FFT resample route",accuracy,numpy,matlab_reference,true_target,1,gain_error,-8.879950796902847e-07,ok,
forward,1,ae0bdc2,ae0bdc28622f21ac0bdc8f622a4a69af35c5e83e,2026-08-13T00:26:41+08:00,"perf(torch): general mixed-rate polyphase, retiring the FFT resample route",accuracy,numpy,matlab_reference,target_distortion,0,correlation,0.9999997518159526,ok,
forward,1,ae0bdc2,ae0bdc28622f21ac0bdc8f622a4a69af35c5e83e,2026-08-13T00:26:41+08:00,"perf(torch): general mixed-rate polyphase, retiring the FFT resample route",accuracy,numpy,matlab_reference,target_distortion,0,rms_ratio,1.0025638121195892,ok,
forward,1,ae0bdc2,ae0bdc28622f21ac0bdc8f622a4a69af35c5e83e,2026-08-13T00:26:41+08:00,"perf(torch): general mixed-rate polyphase, retiring the FFT resample route",accuracy,numpy,matlab_reference,target_distortion,0,gain_error,-1.2845853210041724e-06,ok,
forward,1,ae0bdc2,ae0bdc28622f21ac0bdc8f622a4a69af35c5e83e,2026-08-13T00:26:41+08:00,"perf(torch): general mixed-rate polyphase, retiring the FFT resample route",accuracy,numpy,matlab_reference,target_distortion,1,correlation,0.9999997569262901,ok,
forward,1,ae0bdc2,ae0bdc28622f21ac0bdc8f622a4a69af35c5e83e,2026-08-13T00:26:41+08:00,"perf(torch): general mixed-rate polyphase, retiring the FFT resample route",accuracy,numpy,matlab_reference,target_distortion,1,rms_ratio,1.0025641088572255,ok,
forward,1,ae0bdc2,ae0bdc28622f21ac0bdc8f622a4a69af35c5e83e,2026-08-13T00:26:41+08:00,"perf(torch): general mixed-rate polyphase, retiring the FFT resample route",accuracy,numpy,matlab_reference,target_distortion,1,gain_error,-9.886068990105912e-07,ok,
forward,1,ae0bdc2,ae0bdc28622f21ac0bdc8f622a4a69af35c5e83e,2026-08-13T00:26:41+08:00,"perf(torch): general mixed-rate polyphase, retiring the FFT resample route",accuracy,numpy,matlab_reference,interference,0,correlation,0.9999999303721786,ok,
forward,1,ae0bdc2,ae0bdc28622f21ac0bdc8f622a4a69af35c5e83e,2026-08-13T00:26:41+08:00,"perf(torch): general mixed-rate polyphase, retiring the FFT resample route",accuracy,numpy,matlab_reference,interference,0,rms_ratio,1.0025655710258772,ok,
forward,1,ae0bdc2,ae0bdc28622f21ac0bdc8f622a4a69af35c5e83e,2026-08-13T00:26:41+08:00,"perf(torch): general mixed-rate polyphase, retiring the FFT resample route",accuracy,numpy,matlab_reference,interference,0,gain_error,4.6982074008994346e-07,ok,
forward,1,ae0bdc2,ae0bdc28622f21ac0bdc8f622a4a69af35c5e83e,2026-08-13T00:26:41+08:00,"perf(torch): general mixed-rate polyphase, retiring the FFT resample route",accuracy,numpy,matlab_reference,interference,1,correlation,0.9999999264069914,ok,
forward,1,ae0bdc2,ae0bdc28622f21ac0bdc8f622a4a69af35c5e83e,2026-08-13T00:26:41+08:00,"perf(torch): general mixed-rate polyphase, retiring the FFT resample route",accuracy,numpy,matlab_reference,interference,1,rms_ratio,1.00256542581319,ok,
forward,1,ae0bdc2,ae0bdc28622f21ac0bdc8f622a4a69af35c5e83e,2026-08-13T00:26:41+08:00,"perf(torch): general mixed-rate polyphase, retiring the FFT resample route",accuracy,numpy,matlab_reference,interference,1,gain_error,3.2497958479815736e-07,ok,
forward,1,ae0bdc2,ae0bdc28622f21ac0bdc8f622a4a69af35c5e83e,2026-08-13T00:26:41+08:00,"perf(torch): general mixed-rate polyphase, retiring the FFT resample route",accuracy,numpy,matlab_reference,artifacts,0,correlation,0.999996689292553,ok,
forward,1,ae0bdc2,ae0bdc28622f21ac0bdc8f622a4a69af35c5e83e,2026-08-13T00:26:41+08:00,"perf(torch): general mixed-rate polyphase, retiring the FFT resample route",accuracy,numpy,matlab_reference,artifacts,0,rms_ratio,1.0025533527297354,ok,
forward,1,ae0bdc2,ae0bdc28622f21ac0bdc8f622a4a69af35c5e83e,2026-08-13T00:26:41+08:00,"perf(torch): general mixed-rate polyphase, retiring the FFT resample route",accuracy,numpy,matlab_reference,artifacts,0,gain_error,-1.1717214437823031e-05,ok,
forward,1,ae0bdc2,ae0bdc28622f21ac0bdc8f622a4a69af35c5e83e,2026-08-13T00:26:41+08:00,"perf(torch): general mixed-rate polyphase, retiring the FFT resample route",accuracy,numpy,matlab_reference,artifacts,1,correlation,0.9999967267532045,ok,
forward,1,ae0bdc2,ae0bdc28622f21ac0bdc8f622a4a69af35c5e83e,2026-08-13T00:26:41+08:00,"perf(torch): general mixed-rate polyphase, retiring the FFT resample route",accuracy,numpy,matlab_reference,artifacts,1,rms_ratio,1.0025621567655285,ok,
forward,1,ae0bdc2,ae0bdc28622f21ac0bdc8f622a4a69af35c5e83e,2026-08-13T00:26:41+08:00,"perf(torch): general mixed-rate polyphase, retiring the FFT resample route",accuracy,numpy,matlab_reference,artifacts,1,gain_error,-2.935704096929115e-06,ok,
forward,1,ae0bdc2,ae0bdc28622f21ac0bdc8f622a4a69af35c5e83e,2026-08-13T00:26:41+08:00,"perf(torch): general mixed-rate polyphase, retiring the FFT resample route",accuracy,torch,matlab_reference,true_target,0,correlation,0.9999999561885166,ok,
forward,1,ae0bdc2,ae0bdc28622f21ac0bdc8f622a4a69af35c5e83e,2026-08-13T00:26:41+08:00,"perf(torch): general mixed-rate polyphase, retiring the FFT resample route",accuracy,torch,matlab_reference,true_target,0,rms_ratio,1.0025657316271912,ok,
forward,1,ae0bdc2,ae0bdc28622f21ac0bdc8f622a4a69af35c5e83e,2026-08-13T00:26:41+08:00,"perf(torch): general mixed-rate polyphase, retiring the FFT resample route",accuracy,torch,matlab_reference,true_target,0,gain_error,6.300111496937433e-07,ok,
forward,1,ae0bdc2,ae0bdc28622f21ac0bdc8f622a4a69af35c5e83e,2026-08-13T00:26:41+08:00,"perf(torch): general mixed-rate polyphase, retiring the FFT resample route",accuracy,torch,matlab_reference,true_target,1,correlation,0.9999999564837455,ok,
forward,1,ae0bdc2,ae0bdc28622f21ac0bdc8f622a4a69af35c5e83e,2026-08-13T00:26:41+08:00,"perf(torch): general mixed-rate polyphase, retiring the FFT resample route",accuracy,torch,matlab_reference,true_target,1,rms_ratio,1.0025643041692467,ok,
forward,1,ae0bdc2,ae0bdc28622f21ac0bdc8f622a4a69af35c5e83e,2026-08-13T00:26:41+08:00,"perf(torch): general mixed-rate polyphase, retiring the FFT resample route",accuracy,torch,matlab_reference,true_target,1,gain_error,-7.937945908365052e-07,ok,
forward,1,ae0bdc2,ae0bdc28622f21ac0bdc8f622a4a69af35c5e83e,2026-08-13T00:26:41+08:00,"perf(torch): general mixed-rate polyphase, retiring the FFT resample route",accuracy,torch,matlab_reference,target_distortion,0,correlation,0.9999997517202875,ok,
forward,1,ae0bdc2,ae0bdc28622f21ac0bdc8f622a4a69af35c5e83e,2026-08-13T00:26:41+08:00,"perf(torch): general mixed-rate polyphase, retiring the FFT resample route",accuracy,torch,matlab_reference,target_distortion,0,rms_ratio,1.0025644953099082,ok,
forward,1,ae0bdc2,ae0bdc28622f21ac0bdc8f622a4a69af35c5e83e,2026-08-13T00:26:41+08:00,"perf(torch): general mixed-rate polyphase, retiring the FFT resample route",accuracy,torch,matlab_reference,target_distortion,0,gain_error,-6.031429697905821e-07,ok,
forward,1,ae0bdc2,ae0bdc28622f21ac0bdc8f622a4a69af35c5e83e,2026-08-13T00:26:41+08:00,"perf(torch): general mixed-rate polyphase, retiring the FFT resample route",accuracy,torch,matlab_reference,target_distortion,1,correlation,0.9999997568730794,ok,
forward,1,ae0bdc2,ae0bdc28622f21ac0bdc8f622a4a69af35c5e83e,2026-08-13T00:26:41+08:00,"perf(torch): general mixed-rate polyphase, retiring the FFT resample route",accuracy,torch,matlab_reference,target_distortion,1,rms_ratio,1.0025645659903506,ok,
forward,1,ae0bdc2,ae0bdc28622f21ac0bdc8f622a4a69af35c5e83e,2026-08-13T00:26:41+08:00,"perf(torch): general mixed-rate polyphase, retiring the FFT resample route",accuracy,torch,matlab_reference,target_distortion,1,gain_error,-5.326433658581209e-07,ok,
forward,1,ae0bdc2,ae0bdc28622f21ac0bdc8f622a4a69af35c5e83e,2026-08-13T00:26:41+08:00,"perf(torch): general mixed-rate polyphase, retiring the FFT resample route",accuracy,torch,matlab_reference,interference,0,correlation,0.999999930337287,ok,
forward,1,ae0bdc2,ae0bdc28622f21ac0bdc8f622a4a69af35c5e83e,2026-08-13T00:26:41+08:00,"perf(torch): general mixed-rate polyphase, retiring the FFT resample route",accuracy,torch,matlab_reference,interference,0,rms_ratio,1.0025659561218128,ok,
forward,1,ae0bdc2,ae0bdc28622f21ac0bdc8f622a4a69af35c5e83e,2026-08-13T00:26:41+08:00,"perf(torch): general mixed-rate polyphase, retiring the FFT resample route",accuracy,torch,matlab_reference,interference,0,gain_error,8.539313933741965e-07,ok,
forward,1,ae0bdc2,ae0bdc28622f21ac0bdc8f622a4a69af35c5e83e,2026-08-13T00:26:41+08:00,"perf(torch): general mixed-rate polyphase, retiring the FFT resample route",accuracy,torch,matlab_reference,interference,1,correlation,0.9999999263836228,ok,
forward,1,ae0bdc2,ae0bdc28622f21ac0bdc8f622a4a69af35c5e83e,2026-08-13T00:26:41+08:00,"perf(torch): general mixed-rate polyphase, retiring the FFT resample route",accuracy,torch,matlab_reference,interference,1,rms_ratio,1.0025657457016666,ok,
forward,1,ae0bdc2,ae0bdc28622f21ac0bdc8f622a4a69af35c5e83e,2026-08-13T00:26:41+08:00,"perf(torch): general mixed-rate polyphase, retiring the FFT resample route",accuracy,torch,matlab_reference,interference,1,gain_error,6.440496149728858e-07,ok,
forward,1,ae0bdc2,ae0bdc28622f21ac0bdc8f622a4a69af35c5e83e,2026-08-13T00:26:41+08:00,"perf(torch): general mixed-rate polyphase, retiring the FFT resample route",accuracy,torch,matlab_reference,artifacts,0,correlation,0.999996688830584,ok,
forward,1,ae0bdc2,ae0bdc28622f21ac0bdc8f622a4a69af35c5e83e,2026-08-13T00:26:41+08:00,"perf(torch): general mixed-rate polyphase, retiring the FFT resample route",accuracy,torch,matlab_reference,artifacts,0,rms_ratio,1.0025535192393396,ok,
forward,1,ae0bdc2,ae0bdc28622f21ac0bdc8f622a4a69af35c5e83e,2026-08-13T00:26:41+08:00,"perf(torch): general mixed-rate polyphase, retiring the FFT resample route",accuracy,torch,matlab_reference,artifacts,0,gain_error,-1.1551130854714486e-05,ok,
forward,1,ae0bdc2,ae0bdc28622f21ac0bdc8f622a4a69af35c5e83e,2026-08-13T00:26:41+08:00,"perf(torch): general mixed-rate polyphase, retiring the FFT resample route",accuracy,torch,matlab_reference,artifacts,1,correlation,0.9999967264080943,ok,
forward,1,ae0bdc2,ae0bdc28622f21ac0bdc8f622a4a69af35c5e83e,2026-08-13T00:26:41+08:00,"perf(torch): general mixed-rate polyphase, retiring the FFT resample route",accuracy,torch,matlab_reference,artifacts,1,rms_ratio,1.0025623183508725,ok,
forward,1,ae0bdc2,ae0bdc28622f21ac0bdc8f622a4a69af35c5e83e,2026-08-13T00:26:41+08:00,"perf(torch): general mixed-rate polyphase, retiring the FFT resample route",accuracy,torch,matlab_reference,artifacts,1,gain_error,-2.7745321750094476e-06,ok,
forward,1,ae0bdc2,ae0bdc28622f21ac0bdc8f622a4a69af35c5e83e,2026-08-13T00:26:41+08:00,"perf(torch): general mixed-rate polyphase, retiring the FFT resample route",score,numpy,matlab_reference,,,overall_perceptual_score,17.665620658898018,ok,
forward,1,ae0bdc2,ae0bdc28622f21ac0bdc8f622a4a69af35c5e83e,2026-08-13T00:26:41+08:00,"perf(torch): general mixed-rate polyphase, retiring the FFT resample route",score,numpy,matlab_reference,,,target_perceptual_score,60.99054480411449,ok,
forward,1,ae0bdc2,ae0bdc28622f21ac0bdc8f622a4a69af35c5e83e,2026-08-13T00:26:41+08:00,"perf(torch): general mixed-rate polyphase, retiring the FFT resample route",score,numpy,matlab_reference,,,interference_perceptual_score,20.484111933216646,ok,
forward,1,ae0bdc2,ae0bdc28622f21ac0bdc8f622a4a69af35c5e83e,2026-08-13T00:26:41+08:00,"perf(torch): general mixed-rate polyphase, retiring the FFT resample route",score,numpy,matlab_reference,,,artifact_perceptual_score,76.30119318637043,ok,
forward,1,ae0bdc2,ae0bdc28622f21ac0bdc8f622a4a69af35c5e83e,2026-08-13T00:26:41+08:00,"perf(torch): general mixed-rate polyphase, retiring the FFT resample route",score,numpy,matlab_reference,,,source_to_distortion_ratio,0.9106313299035762,ok,
forward,1,ae0bdc2,ae0bdc28622f21ac0bdc8f622a4a69af35c5e83e,2026-08-13T00:26:41+08:00,"perf(torch): general mixed-rate polyphase, retiring the FFT resample route",score,numpy,matlab_reference,,,source_to_spatial_distortion_ratio,7.518381807709459,ok,
forward,1,ae0bdc2,ae0bdc28622f21ac0bdc8f622a4a69af35c5e83e,2026-08-13T00:26:41+08:00,"perf(torch): general mixed-rate polyphase, retiring the FFT resample route",score,numpy,matlab_reference,,,source_to_interference_ratio,-0.370665110565514,ok,
forward,1,ae0bdc2,ae0bdc28622f21ac0bdc8f622a4a69af35c5e83e,2026-08-13T00:26:41+08:00,"perf(torch): general mixed-rate polyphase, retiring the FFT resample route",score,numpy,matlab_reference,,,source_to_artifacts_ratio,19.35929547652705,ok,
forward,1,ae0bdc2,ae0bdc28622f21ac0bdc8f622a4a69af35c5e83e,2026-08-13T00:26:41+08:00,"perf(torch): general mixed-rate polyphase, retiring the FFT resample route",score,torch,matlab_reference,,,overall_perceptual_score,17.665736259269625,ok,
forward,1,ae0bdc2,ae0bdc28622f21ac0bdc8f622a4a69af35c5e83e,2026-08-13T00:26:41+08:00,"perf(torch): general mixed-rate polyphase, retiring the FFT resample route",score,torch,matlab_reference,,,target_perceptual_score,60.990576817501506,ok,
forward,1,ae0bdc2,ae0bdc28622f21ac0bdc8f622a4a69af35c5e83e,2026-08-13T00:26:41+08:00,"perf(torch): general mixed-rate polyphase, retiring the FFT resample route",score,torch,matlab_reference,,,interference_perceptual_score,20.48447621764011,ok,
forward,1,ae0bdc2,ae0bdc28622f21ac0bdc8f622a4a69af35c5e83e,2026-08-13T00:26:41+08:00,"perf(torch): general mixed-rate polyphase, retiring the FFT resample route",score,torch,matlab_reference,,,artifact_perceptual_score,76.30118899626407,ok,
forward,1,ae0bdc2,ae0bdc28622f21ac0bdc8f622a4a69af35c5e83e,2026-08-13T00:26:41+08:00,"perf(torch): general mixed-rate polyphase, retiring the FFT resample route",score,torch,matlab_reference,,,source_to_distortion_ratio,0.9106297010223486,ok,
forward,1,ae0bdc2,ae0bdc28622f21ac0bdc8f622a4a69af35c5e83e,2026-08-13T00:26:41+08:00,"perf(torch): general mixed-rate polyphase, retiring the FFT resample route",score,torch,matlab_reference,,,source_to_spatial_distortion_ratio,7.51837774338728,ok,
forward,1,ae0bdc2,ae0bdc28622f21ac0bdc8f622a4a69af35c5e83e,2026-08-13T00:26:41+08:00,"perf(torch): general mixed-rate polyphase, retiring the FFT resample route",score,torch,matlab_reference,,,source_to_interference_ratio,-0.3706691301688929,ok,
forward,1,ae0bdc2,ae0bdc28622f21ac0bdc8f622a4a69af35c5e83e,2026-08-13T00:26:41+08:00,"perf(torch): general mixed-rate polyphase, retiring the FFT resample route",score,torch,matlab_reference,,,source_to_artifacts_ratio,19.35929606667044,ok,
forward,1,ae0bdc2,ae0bdc28622f21ac0bdc8f622a4a69af35c5e83e,2026-08-13T00:26:41+08:00,"perf(torch): general mixed-rate polyphase, retiring the FFT resample route",timing,numpy,mono,,,median_seconds,1.4427531003020704,ok,
forward,1,ae0bdc2,ae0bdc28622f21ac0bdc8f622a4a69af35c5e83e,2026-08-13T00:26:41+08:00,"perf(torch): general mixed-rate polyphase, retiring the FFT resample route",timing,numpy,mono,,,min_seconds,1.435463400091976,ok,
forward,1,ae0bdc2,ae0bdc28622f21ac0bdc8f622a4a69af35c5e83e,2026-08-13T00:26:41+08:00,"perf(torch): general mixed-rate polyphase, retiring the FFT resample route",timing,numpy,mono,,,audio_seconds,5.0,ok,
forward,1,ae0bdc2,ae0bdc28622f21ac0bdc8f622a4a69af35c5e83e,2026-08-13T00:26:41+08:00,"perf(torch): general mixed-rate polyphase, retiring the FFT resample route",timing,numpy,mono,,,seconds_per_audio_second,0.2885506200604141,ok,
forward,1,ae0bdc2,ae0bdc28622f21ac0bdc8f622a4a69af35c5e83e,2026-08-13T00:26:41+08:00,"perf(torch): general mixed-rate polyphase, retiring the FFT resample route",timing,numpy,mono,,,realtime_factor,3.4655964343123893,ok,
forward,1,ae0bdc2,ae0bdc28622f21ac0bdc8f622a4a69af35c5e83e,2026-08-13T00:26:41+08:00,"perf(torch): general mixed-rate polyphase, retiring the FFT resample route",timing,numpy,mono,,,spread_pct,2.6026647776294576,ok,
forward,1,ae0bdc2,ae0bdc28622f21ac0bdc8f622a4a69af35c5e83e,2026-08-13T00:26:41+08:00,"perf(torch): general mixed-rate polyphase, retiring the FFT resample route",timing,numpy,stereo,,,median_seconds,3.0708506000228226,ok,
forward,1,ae0bdc2,ae0bdc28622f21ac0bdc8f622a4a69af35c5e83e,2026-08-13T00:26:41+08:00,"perf(torch): general mixed-rate polyphase, retiring the FFT resample route",timing,numpy,stereo,,,min_seconds,2.9609040999785066,ok,
forward,1,ae0bdc2,ae0bdc28622f21ac0bdc8f622a4a69af35c5e83e,2026-08-13T00:26:41+08:00,"perf(torch): general mixed-rate polyphase, retiring the FFT resample route",timing,numpy,stereo,,,audio_seconds,5.0,ok,
forward,1,ae0bdc2,ae0bdc28622f21ac0bdc8f622a4a69af35c5e83e,2026-08-13T00:26:41+08:00,"perf(torch): general mixed-rate polyphase, retiring the FFT resample route",timing,numpy,stereo,,,seconds_per_audio_second,0.6141701200045645,ok,
forward,1,ae0bdc2,ae0bdc28622f21ac0bdc8f622a4a69af35c5e83e,2026-08-13T00:26:41+08:00,"perf(torch): general mixed-rate polyphase, retiring the FFT resample route",timing,numpy,stereo,,,realtime_factor,1.628213368622635,ok,
forward,1,ae0bdc2,ae0bdc28622f21ac0bdc8f622a4a69af35c5e83e,2026-08-13T00:26:41+08:00,"perf(torch): general mixed-rate polyphase, retiring the FFT resample route",timing,numpy,stereo,,,spread_pct,4.75531443437409,ok,
forward,1,ae0bdc2,ae0bdc28622f21ac0bdc8f622a4a69af35c5e83e,2026-08-13T00:26:41+08:00,"perf(torch): general mixed-rate polyphase, retiring the FFT resample route",timing,torch,mono,,,median_seconds,1.2039625998586416,ok,
forward,1,ae0bdc2,ae0bdc28622f21ac0bdc8f622a4a69af35c5e83e,2026-08-13T00:26:41+08:00,"perf(torch): general mixed-rate polyphase, retiring the FFT resample route",timing,torch,mono,,,min_seconds,1.1828661998733878,ok,
forward,1,ae0bdc2,ae0bdc28622f21ac0bdc8f622a4a69af35c5e83e,2026-08-13T00:26:41+08:00,"perf(torch): general mixed-rate polyphase, retiring the FFT resample route",timing,torch,mono,,,audio_seconds,5.0,ok,
forward,1,ae0bdc2,ae0bdc28622f21ac0bdc8f622a4a69af35c5e83e,2026-08-13T00:26:41+08:00,"perf(torch): general mixed-rate polyphase, retiring the FFT resample route",timing,torch,mono,,,seconds_per_audio_second,0.24079251997172832,ok,
forward,1,ae0bdc2,ae0bdc28622f21ac0bdc8f622a4a69af35c5e83e,2026-08-13T00:26:41+08:00,"perf(torch): general mixed-rate polyphase, retiring the FFT resample route",timing,torch,mono,,,realtime_factor,4.152952924440555,ok,
forward,1,ae0bdc2,ae0bdc28622f21ac0bdc8f622a4a69af35c5e83e,2026-08-13T00:26:41+08:00,"perf(torch): general mixed-rate polyphase, retiring the FFT resample route",timing,torch,mono,,,spread_pct,2.450353216718332,ok,
forward,1,ae0bdc2,ae0bdc28622f21ac0bdc8f622a4a69af35c5e83e,2026-08-13T00:26:41+08:00,"perf(torch): general mixed-rate polyphase, retiring the FFT resample route",timing,torch,stereo,,,median_seconds,2.3196140001527965,ok,
forward,1,ae0bdc2,ae0bdc28622f21ac0bdc8f622a4a69af35c5e83e,2026-08-13T00:26:41+08:00,"perf(torch): general mixed-rate polyphase, retiring the FFT resample route",timing,torch,stereo,,,min_seconds,2.0549278003163636,ok,
forward,1,ae0bdc2,ae0bdc28622f21ac0bdc8f622a4a69af35c5e83e,2026-08-13T00:26:41+08:00,"perf(torch): general mixed-rate polyphase, retiring the FFT resample route",timing,torch,stereo,,,audio_seconds,5.0,ok,
forward,1,ae0bdc2,ae0bdc28622f21ac0bdc8f622a4a69af35c5e83e,2026-08-13T00:26:41+08:00,"perf(torch): general mixed-rate polyphase, retiring the FFT resample route",timing,torch,stereo,,,seconds_per_audio_second,0.4639228000305593,ok,
forward,1,ae0bdc2,ae0bdc28622f21ac0bdc8f622a4a69af35c5e83e,2026-08-13T00:26:41+08:00,"perf(torch): general mixed-rate polyphase, retiring the FFT resample route",timing,torch,stereo,,,realtime_factor,2.1555310494205684,ok,
forward,1,ae0bdc2,ae0bdc28622f21ac0bdc8f622a4a69af35c5e83e,2026-08-13T00:26:41+08:00,"perf(torch): general mixed-rate polyphase, retiring the FFT resample route",timing,torch,stereo,,,spread_pct,18.49059609729966,ok,
forward,2,fda3030,fda30304da45a77b78db709499a79cad86a0b894,2026-08-12T23:54:48+08:00,perf(numpy): scatter synthesis upsampling straight into the band buffer,meta,,,,,measured,1,ok,
forward,2,fda3030,fda30304da45a77b78db709499a79cad86a0b894,2026-08-12T23:54:48+08:00,perf(numpy): scatter synthesis upsampling straight into the band buffer,accuracy,numpy,matlab_reference,true_target,0,correlation,0.9999999561961295,ok,
forward,2,fda3030,fda30304da45a77b78db709499a79cad86a0b894,2026-08-12T23:54:48+08:00,perf(numpy): scatter synthesis upsampling straight into the band buffer,accuracy,numpy,matlab_reference,true_target,0,rms_ratio,1.0025656261838365,ok,
forward,2,fda3030,fda30304da45a77b78db709499a79cad86a0b894,2026-08-12T23:54:48+08:00,perf(numpy): scatter synthesis upsampling straight into the band buffer,accuracy,numpy,matlab_reference,true_target,0,gain_error,5.248375756217172e-07,ok,
forward,2,fda3030,fda30304da45a77b78db709499a79cad86a0b894,2026-08-12T23:54:48+08:00,perf(numpy): scatter synthesis upsampling straight into the band buffer,accuracy,numpy,matlab_reference,true_target,1,correlation,0.9999999564923208,ok,
forward,2,fda3030,fda30304da45a77b78db709499a79cad86a0b894,2026-08-12T23:54:48+08:00,perf(numpy): scatter synthesis upsampling straight into the band buffer,accuracy,numpy,matlab_reference,true_target,1,rms_ratio,1.0025642097271241,ok,
forward,2,fda3030,fda30304da45a77b78db709499a79cad86a0b894,2026-08-12T23:54:48+08:00,perf(numpy): scatter synthesis upsampling straight into the band buffer,accuracy,numpy,matlab_reference,true_target,1,gain_error,-8.879950796902847e-07,ok,
forward,2,fda3030,fda30304da45a77b78db709499a79cad86a0b894,2026-08-12T23:54:48+08:00,perf(numpy): scatter synthesis upsampling straight into the band buffer,accuracy,numpy,matlab_reference,target_distortion,0,correlation,0.9999997518159526,ok,
forward,2,fda3030,fda30304da45a77b78db709499a79cad86a0b894,2026-08-12T23:54:48+08:00,perf(numpy): scatter synthesis upsampling straight into the band buffer,accuracy,numpy,matlab_reference,target_distortion,0,rms_ratio,1.0025638121195892,ok,
forward,2,fda3030,fda30304da45a77b78db709499a79cad86a0b894,2026-08-12T23:54:48+08:00,perf(numpy): scatter synthesis upsampling straight into the band buffer,accuracy,numpy,matlab_reference,target_distortion,0,gain_error,-1.2845853210041724e-06,ok,
forward,2,fda3030,fda30304da45a77b78db709499a79cad86a0b894,2026-08-12T23:54:48+08:00,perf(numpy): scatter synthesis upsampling straight into the band buffer,accuracy,numpy,matlab_reference,target_distortion,1,correlation,0.9999997569262901,ok,
forward,2,fda3030,fda30304da45a77b78db709499a79cad86a0b894,2026-08-12T23:54:48+08:00,perf(numpy): scatter synthesis upsampling straight into the band buffer,accuracy,numpy,matlab_reference,target_distortion,1,rms_ratio,1.0025641088572255,ok,
forward,2,fda3030,fda30304da45a77b78db709499a79cad86a0b894,2026-08-12T23:54:48+08:00,perf(numpy): scatter synthesis upsampling straight into the band buffer,accuracy,numpy,matlab_reference,target_distortion,1,gain_error,-9.886068990105912e-07,ok,
forward,2,fda3030,fda30304da45a77b78db709499a79cad86a0b894,2026-08-12T23:54:48+08:00,perf(numpy): scatter synthesis upsampling straight into the band buffer,accuracy,numpy,matlab_reference,interference,0,correlation,0.9999999303721786,ok,
forward,2,fda3030,fda30304da45a77b78db709499a79cad86a0b894,2026-08-12T23:54:48+08:00,perf(numpy): scatter synthesis upsampling straight into the band buffer,accuracy,numpy,matlab_reference,interference,0,rms_ratio,1.0025655710258772,ok,
forward,2,fda3030,fda30304da45a77b78db709499a79cad86a0b894,2026-08-12T23:54:48+08:00,perf(numpy): scatter synthesis upsampling straight into the band buffer,accuracy,numpy,matlab_reference,interference,0,gain_error,4.6982074008994346e-07,ok,
forward,2,fda3030,fda30304da45a77b78db709499a79cad86a0b894,2026-08-12T23:54:48+08:00,perf(numpy): scatter synthesis upsampling straight into the band buffer,accuracy,numpy,matlab_reference,interference,1,correlation,0.9999999264069914,ok,
forward,2,fda3030,fda30304da45a77b78db709499a79cad86a0b894,2026-08-12T23:54:48+08:00,perf(numpy): scatter synthesis upsampling straight into the band buffer,accuracy,numpy,matlab_reference,interference,1,rms_ratio,1.00256542581319,ok,
forward,2,fda3030,fda30304da45a77b78db709499a79cad86a0b894,2026-08-12T23:54:48+08:00,perf(numpy): scatter synthesis upsampling straight into the band buffer,accuracy,numpy,matlab_reference,interference,1,gain_error,3.2497958479815736e-07,ok,
forward,2,fda3030,fda30304da45a77b78db709499a79cad86a0b894,2026-08-12T23:54:48+08:00,perf(numpy): scatter synthesis upsampling straight into the band buffer,accuracy,numpy,matlab_reference,artifacts,0,correlation,0.999996689292553,ok,
forward,2,fda3030,fda30304da45a77b78db709499a79cad86a0b894,2026-08-12T23:54:48+08:00,perf(numpy): scatter synthesis upsampling straight into the band buffer,accuracy,numpy,matlab_reference,artifacts,0,rms_ratio,1.0025533527297354,ok,
forward,2,fda3030,fda30304da45a77b78db709499a79cad86a0b894,2026-08-12T23:54:48+08:00,perf(numpy): scatter synthesis upsampling straight into the band buffer,accuracy,numpy,matlab_reference,artifacts,0,gain_error,-1.1717214437823031e-05,ok,
forward,2,fda3030,fda30304da45a77b78db709499a79cad86a0b894,2026-08-12T23:54:48+08:00,perf(numpy): scatter synthesis upsampling straight into the band buffer,accuracy,numpy,matlab_reference,artifacts,1,correlation,0.9999967267532045,ok,
forward,2,fda3030,fda30304da45a77b78db709499a79cad86a0b894,2026-08-12T23:54:48+08:00,perf(numpy): scatter synthesis upsampling straight into the band buffer,accuracy,numpy,matlab_reference,artifacts,1,rms_ratio,1.0025621567655285,ok,
forward,2,fda3030,fda30304da45a77b78db709499a79cad86a0b894,2026-08-12T23:54:48+08:00,perf(numpy): scatter synthesis upsampling straight into the band buffer,accuracy,numpy,matlab_reference,artifacts,1,gain_error,-2.935704096929115e-06,ok,
forward,2,fda3030,fda30304da45a77b78db709499a79cad86a0b894,2026-08-12T23:54:48+08:00,perf(numpy): scatter synthesis upsampling straight into the band buffer,accuracy,torch,matlab_reference,true_target,0,correlation,0.9999999561885168,ok,
forward,2,fda3030,fda30304da45a77b78db709499a79cad86a0b894,2026-08-12T23:54:48+08:00,perf(numpy): scatter synthesis upsampling straight into the band buffer,accuracy,torch,matlab_reference,true_target,0,rms_ratio,1.0025657316271908,ok,
forward,2,fda3030,fda30304da45a77b78db709499a79cad86a0b894,2026-08-12T23:54:48+08:00,perf(numpy): scatter synthesis upsampling straight into the band buffer,accuracy,torch,matlab_reference,true_target,0,gain_error,6.300111492496541e-07,ok,
forward,2,fda3030,fda30304da45a77b78db709499a79cad86a0b894,2026-08-12T23:54:48+08:00,perf(numpy): scatter synthesis upsampling straight into the band buffer,accuracy,torch,matlab_reference,true_target,1,correlation,0.9999999564837453,ok,
forward,2,fda3030,fda30304da45a77b78db709499a79cad86a0b894,2026-08-12T23:54:48+08:00,perf(numpy): scatter synthesis upsampling straight into the band buffer,accuracy,torch,matlab_reference,true_target,1,rms_ratio,1.0025643041692462,ok,
forward,2,fda3030,fda30304da45a77b78db709499a79cad86a0b894,2026-08-12T23:54:48+08:00,perf(numpy): scatter synthesis upsampling straight into the band buffer,accuracy,torch,matlab_reference,true_target,1,gain_error,-7.937945912805944e-07,ok,
forward,2,fda3030,fda30304da45a77b78db709499a79cad86a0b894,2026-08-12T23:54:48+08:00,perf(numpy): scatter synthesis upsampling straight into the band buffer,accuracy,torch,matlab_reference,target_distortion,0,correlation,0.9999997517202872,ok,
forward,2,fda3030,fda30304da45a77b78db709499a79cad86a0b894,2026-08-12T23:54:48+08:00,perf(numpy): scatter synthesis upsampling straight into the band buffer,accuracy,torch,matlab_reference,target_distortion,0,rms_ratio,1.0025644953122415,ok,
forward,2,fda3030,fda30304da45a77b78db709499a79cad86a0b894,2026-08-12T23:54:48+08:00,perf(numpy): scatter synthesis upsampling straight into the band buffer,accuracy,torch,matlab_reference,target_distortion,0,gain_error,-6.031406424300556e-07,ok,
forward,2,fda3030,fda30304da45a77b78db709499a79cad86a0b894,2026-08-12T23:54:48+08:00,perf(numpy): scatter synthesis upsampling straight into the band buffer,accuracy,torch,matlab_reference,target_distortion,1,correlation,0.9999997568730794,ok,
forward,2,fda3030,fda30304da45a77b78db709499a79cad86a0b894,2026-08-12T23:54:48+08:00,perf(numpy): scatter synthesis upsampling straight into the band buffer,accuracy,torch,matlab_reference,target_distortion,1,rms_ratio,1.002564565992503,ok,
forward,2,fda3030,fda30304da45a77b78db709499a79cad86a0b894,2026-08-12T23:54:48+08:00,perf(numpy): scatter synthesis upsampling straight into the band buffer,accuracy,torch,matlab_reference,target_distortion,1,gain_error,-5.326412189088359e-07,ok,
forward,2,fda3030,fda30304da45a77b78db709499a79cad86a0b894,2026-08-12T23:54:48+08:00,perf(numpy): scatter synthesis upsampling straight into the band buffer,accuracy,torch,matlab_reference,interference,0,correlation,0.9999999303372872,ok,
forward,2,fda3030,fda30304da45a77b78db709499a79cad86a0b894,2026-08-12T23:54:48+08:00,perf(numpy): scatter synthesis upsampling straight into the band buffer,accuracy,torch,matlab_reference,interference,0,rms_ratio,1.0025659561221019,ok,
forward,2,fda3030,fda30304da45a77b78db709499a79cad86a0b894,2026-08-12T23:54:48+08:00,perf(numpy): scatter synthesis upsampling straight into the band buffer,accuracy,torch,matlab_reference,interference,0,gain_error,8.539316818101383e-07,ok,
forward,2,fda3030,fda30304da45a77b78db709499a79cad86a0b894,2026-08-12T23:54:48+08:00,perf(numpy): scatter synthesis upsampling straight into the band buffer,accuracy,torch,matlab_reference,interference,1,correlation,0.999999926383622,ok,
forward,2,fda3030,fda30304da45a77b78db709499a79cad86a0b894,2026-08-12T23:54:48+08:00,perf(numpy): scatter synthesis upsampling straight into the band buffer,accuracy,torch,matlab_reference,interference,1,rms_ratio,1.0025657457020523,ok,
forward,2,fda3030,fda30304da45a77b78db709499a79cad86a0b894,2026-08-12T23:54:48+08:00,perf(numpy): scatter synthesis upsampling straight into the band buffer,accuracy,torch,matlab_reference,interference,1,gain_error,6.440499995541416e-07,ok,
forward,2,fda3030,fda30304da45a77b78db709499a79cad86a0b894,2026-08-12T23:54:48+08:00,perf(numpy): scatter synthesis upsampling straight into the band buffer,accuracy,torch,matlab_reference,artifacts,0,correlation,0.9999966888305812,ok,
forward,2,fda3030,fda30304da45a77b78db709499a79cad86a0b894,2026-08-12T23:54:48+08:00,perf(numpy): scatter synthesis upsampling straight into the band buffer,accuracy,torch,matlab_reference,artifacts,0,rms_ratio,1.002553519237585,ok,
forward,2,fda3030,fda30304da45a77b78db709499a79cad86a0b894,2026-08-12T23:54:48+08:00,perf(numpy): scatter synthesis upsampling straight into the band buffer,accuracy,torch,matlab_reference,artifacts,0,gain_error,-1.155113260475904e-05,ok,
forward,2,fda3030,fda30304da45a77b78db709499a79cad86a0b894,2026-08-12T23:54:48+08:00,perf(numpy): scatter synthesis upsampling straight into the band buffer,accuracy,torch,matlab_reference,artifacts,1,correlation,0.999996726408105,ok,
forward,2,fda3030,fda30304da45a77b78db709499a79cad86a0b894,2026-08-12T23:54:48+08:00,perf(numpy): scatter synthesis upsampling straight into the band buffer,accuracy,torch,matlab_reference,artifacts,1,rms_ratio,1.002562318349913,ok,
forward,2,fda3030,fda30304da45a77b78db709499a79cad86a0b894,2026-08-12T23:54:48+08:00,perf(numpy): scatter synthesis upsampling straight into the band buffer,accuracy,torch,matlab_reference,artifacts,1,gain_error,-2.774533132021695e-06,ok,
forward,2,fda3030,fda30304da45a77b78db709499a79cad86a0b894,2026-08-12T23:54:48+08:00,perf(numpy): scatter synthesis upsampling straight into the band buffer,score,numpy,matlab_reference,,,overall_perceptual_score,17.665620658898018,ok,
forward,2,fda3030,fda30304da45a77b78db709499a79cad86a0b894,2026-08-12T23:54:48+08:00,perf(numpy): scatter synthesis upsampling straight into the band buffer,score,numpy,matlab_reference,,,target_perceptual_score,60.99054480411449,ok,
forward,2,fda3030,fda30304da45a77b78db709499a79cad86a0b894,2026-08-12T23:54:48+08:00,perf(numpy): scatter synthesis upsampling straight into the band buffer,score,numpy,matlab_reference,,,interference_perceptual_score,20.484111933216646,ok,
forward,2,fda3030,fda30304da45a77b78db709499a79cad86a0b894,2026-08-12T23:54:48+08:00,perf(numpy): scatter synthesis upsampling straight into the band buffer,score,numpy,matlab_reference,,,artifact_perceptual_score,76.30119318637043,ok,
forward,2,fda3030,fda30304da45a77b78db709499a79cad86a0b894,2026-08-12T23:54:48+08:00,perf(numpy): scatter synthesis upsampling straight into the band buffer,score,numpy,matlab_reference,,,source_to_distortion_ratio,0.9106313299035762,ok,
forward,2,fda3030,fda30304da45a77b78db709499a79cad86a0b894,2026-08-12T23:54:48+08:00,perf(numpy): scatter synthesis upsampling straight into the band buffer,score,numpy,matlab_reference,,,source_to_spatial_distortion_ratio,7.518381807709459,ok,
forward,2,fda3030,fda30304da45a77b78db709499a79cad86a0b894,2026-08-12T23:54:48+08:00,perf(numpy): scatter synthesis upsampling straight into the band buffer,score,numpy,matlab_reference,,,source_to_interference_ratio,-0.370665110565514,ok,
forward,2,fda3030,fda30304da45a77b78db709499a79cad86a0b894,2026-08-12T23:54:48+08:00,perf(numpy): scatter synthesis upsampling straight into the band buffer,score,numpy,matlab_reference,,,source_to_artifacts_ratio,19.35929547652705,ok,
forward,2,fda3030,fda30304da45a77b78db709499a79cad86a0b894,2026-08-12T23:54:48+08:00,perf(numpy): scatter synthesis upsampling straight into the band buffer,score,torch,matlab_reference,,,overall_perceptual_score,17.665736258846312,ok,
forward,2,fda3030,fda30304da45a77b78db709499a79cad86a0b894,2026-08-12T23:54:48+08:00,perf(numpy): scatter synthesis upsampling straight into the band buffer,score,torch,matlab_reference,,,target_perceptual_score,60.99057681757725,ok,
forward,2,fda3030,fda30304da45a77b78db709499a79cad86a0b894,2026-08-12T23:54:48+08:00,perf(numpy): scatter synthesis upsampling straight into the band buffer,score,torch,matlab_reference,,,interference_perceptual_score,20.484476217554928,ok,
forward,2,fda3030,fda30304da45a77b78db709499a79cad86a0b894,2026-08-12T23:54:48+08:00,perf(numpy): scatter synthesis upsampling straight into the band buffer,score,torch,matlab_reference,,,artifact_perceptual_score,76.3011889964203,ok,
forward,2,fda3030,fda30304da45a77b78db709499a79cad86a0b894,2026-08-12T23:54:48+08:00,perf(numpy): scatter synthesis upsampling straight into the band buffer,score,torch,matlab_reference,,,source_to_distortion_ratio,0.9106297010223479,ok,
forward,2,fda3030,fda30304da45a77b78db709499a79cad86a0b894,2026-08-12T23:54:48+08:00,perf(numpy): scatter synthesis upsampling straight into the band buffer,score,torch,matlab_reference,,,source_to_spatial_distortion_ratio,7.518377743367852,ok,
forward,2,fda3030,fda30304da45a77b78db709499a79cad86a0b894,2026-08-12T23:54:48+08:00,perf(numpy): scatter synthesis upsampling straight into the band buffer,score,torch,matlab_reference,,,source_to_interference_ratio,-0.3706691302001057,ok,
forward,2,fda3030,fda30304da45a77b78db709499a79cad86a0b894,2026-08-12T23:54:48+08:00,perf(numpy): scatter synthesis upsampling straight into the band buffer,score,torch,matlab_reference,,,source_to_artifacts_ratio,19.359296066677153,ok,
forward,2,fda3030,fda30304da45a77b78db709499a79cad86a0b894,2026-08-12T23:54:48+08:00,perf(numpy): scatter synthesis upsampling straight into the band buffer,timing,numpy,mono,,,median_seconds,1.44615440024063,ok,
forward,2,fda3030,fda30304da45a77b78db709499a79cad86a0b894,2026-08-12T23:54:48+08:00,perf(numpy): scatter synthesis upsampling straight into the band buffer,timing,numpy,mono,,,min_seconds,1.4325000001117587,ok,
forward,2,fda3030,fda30304da45a77b78db709499a79cad86a0b894,2026-08-12T23:54:48+08:00,perf(numpy): scatter synthesis upsampling straight into the band buffer,timing,numpy,mono,,,audio_seconds,5.0,ok,
forward,2,fda3030,fda30304da45a77b78db709499a79cad86a0b894,2026-08-12T23:54:48+08:00,perf(numpy): scatter synthesis upsampling straight into the band buffer,timing,numpy,mono,,,seconds_per_audio_second,0.28923088004812597,ok,
forward,2,fda3030,fda30304da45a77b78db709499a79cad86a0b894,2026-08-12T23:54:48+08:00,perf(numpy): scatter synthesis upsampling straight into the band buffer,timing,numpy,mono,,,realtime_factor,3.4574454838072857,ok,
forward,2,fda3030,fda30304da45a77b78db709499a79cad86a0b894,2026-08-12T23:54:48+08:00,perf(numpy): scatter synthesis upsampling straight into the band buffer,timing,numpy,mono,,,spread_pct,7.229584640865531,ok,
forward,2,fda3030,fda30304da45a77b78db709499a79cad86a0b894,2026-08-12T23:54:48+08:00,perf(numpy): scatter synthesis upsampling straight into the band buffer,timing,numpy,stereo,,,median_seconds,3.03591680014506,ok,
forward,2,fda3030,fda30304da45a77b78db709499a79cad86a0b894,2026-08-12T23:54:48+08:00,perf(numpy): scatter synthesis upsampling straight into the band buffer,timing,numpy,stereo,,,min_seconds,2.9855700000189245,ok,
forward,2,fda3030,fda30304da45a77b78db709499a79cad86a0b894,2026-08-12T23:54:48+08:00,perf(numpy): scatter synthesis upsampling straight into the band buffer,timing,numpy,stereo,,,audio_seconds,5.0,ok,
forward,2,fda3030,fda30304da45a77b78db709499a79cad86a0b894,2026-08-12T23:54:48+08:00,perf(numpy): scatter synthesis upsampling straight into the band buffer,timing,numpy,stereo,,,seconds_per_audio_second,0.607183360029012,ok,
forward,2,fda3030,fda30304da45a77b78db709499a79cad86a0b894,2026-08-12T23:54:48+08:00,perf(numpy): scatter synthesis upsampling straight into the band buffer,timing,numpy,stereo,,,realtime_factor,1.6469489545171638,ok,
forward,2,fda3030,fda30304da45a77b78db709499a79cad86a0b894,2026-08-12T23:54:48+08:00,perf(numpy): scatter synthesis upsampling straight into the band buffer,timing,numpy,stereo,,,spread_pct,2.699926656596479,ok,
forward,2,fda3030,fda30304da45a77b78db709499a79cad86a0b894,2026-08-12T23:54:48+08:00,perf(numpy): scatter synthesis upsampling straight into the band buffer,timing,torch,mono,,,median_seconds,1.3192599997855723,ok,
forward,2,fda3030,fda30304da45a77b78db709499a79cad86a0b894,2026-08-12T23:54:48+08:00,perf(numpy): scatter synthesis upsampling straight into the band buffer,timing,torch,mono,,,min_seconds,1.2307281997054815,ok,
forward,2,fda3030,fda30304da45a77b78db709499a79cad86a0b894,2026-08-12T23:54:48+08:00,perf(numpy): scatter synthesis upsampling straight into the band buffer,timing,torch,mono,,,audio_seconds,5.0,ok,
forward,2,fda3030,fda30304da45a77b78db709499a79cad86a0b894,2026-08-12T23:54:48+08:00,perf(numpy): scatter synthesis upsampling straight into the band buffer,timing,torch,mono,,,seconds_per_audio_second,0.26385199995711445,ok,
forward,2,fda3030,fda30304da45a77b78db709499a79cad86a0b894,2026-08-12T23:54:48+08:00,perf(numpy): scatter synthesis upsampling straight into the band buffer,timing,torch,mono,,,realtime_factor,3.790003487419221,ok,
forward,2,fda3030,fda30304da45a77b78db709499a79cad86a0b894,2026-08-12T23:54:48+08:00,perf(numpy): scatter synthesis upsampling straight into the band buffer,timing,torch,mono,,,spread_pct,8.446040331516844,ok,
forward,2,fda3030,fda30304da45a77b78db709499a79cad86a0b894,2026-08-12T23:54:48+08:00,perf(numpy): scatter synthesis upsampling straight into the band buffer,timing,torch,stereo,,,median_seconds,2.4338524998165667,ok,
forward,2,fda3030,fda30304da45a77b78db709499a79cad86a0b894,2026-08-12T23:54:48+08:00,perf(numpy): scatter synthesis upsampling straight into the band buffer,timing,torch,stereo,,,min_seconds,2.4131073001772165,ok,
forward,2,fda3030,fda30304da45a77b78db709499a79cad86a0b894,2026-08-12T23:54:48+08:00,perf(numpy): scatter synthesis upsampling straight into the band buffer,timing,torch,stereo,,,audio_seconds,5.0,ok,
forward,2,fda3030,fda30304da45a77b78db709499a79cad86a0b894,2026-08-12T23:54:48+08:00,perf(numpy): scatter synthesis upsampling straight into the band buffer,timing,torch,stereo,,,seconds_per_audio_second,0.48677049996331334,ok,
forward,2,fda3030,fda30304da45a77b78db709499a79cad86a0b894,2026-08-12T23:54:48+08:00,perf(numpy): scatter synthesis upsampling straight into the band buffer,timing,torch,stereo,,,realtime_factor,2.0543562111413234,ok,
forward,2,fda3030,fda30304da45a77b78db709499a79cad86a0b894,2026-08-12T23:54:48+08:00,perf(numpy): scatter synthesis upsampling straight into the band buffer,timing,torch,stereo,,,spread_pct,2.268519092680636,ok,
forward,3,5ed534a,5ed534ae810444d5201581c41e001de0f2947166,2026-08-10T12:14:11+08:00,"docs: pin the accuracy bar to the MATLAB reference audio, prune the handoff",meta,,,,,measured,1,ok,
forward,3,5ed534a,5ed534ae810444d5201581c41e001de0f2947166,2026-08-10T12:14:11+08:00,"docs: pin the accuracy bar to the MATLAB reference audio, prune the handoff",accuracy,numpy,matlab_reference,true_target,0,correlation,0.9999999561961295,ok,
forward,3,5ed534a,5ed534ae810444d5201581c41e001de0f2947166,2026-08-10T12:14:11+08:00,"docs: pin the accuracy bar to the MATLAB reference audio, prune the handoff",accuracy,numpy,matlab_reference,true_target,0,rms_ratio,1.0025656261838365,ok,
forward,3,5ed534a,5ed534ae810444d5201581c41e001de0f2947166,2026-08-10T12:14:11+08:00,"docs: pin the accuracy bar to the MATLAB reference audio, prune the handoff",accuracy,numpy,matlab_reference,true_target,0,gain_error,5.248375756217172e-07,ok,
forward,3,5ed534a,5ed534ae810444d5201581c41e001de0f2947166,2026-08-10T12:14:11+08:00,"docs: pin the accuracy bar to the MATLAB reference audio, prune the handoff",accuracy,numpy,matlab_reference,true_target,1,correlation,0.9999999564923208,ok,
forward,3,5ed534a,5ed534ae810444d5201581c41e001de0f2947166,2026-08-10T12:14:11+08:00,"docs: pin the accuracy bar to the MATLAB reference audio, prune the handoff",accuracy,numpy,matlab_reference,true_target,1,rms_ratio,1.0025642097271241,ok,
forward,3,5ed534a,5ed534ae810444d5201581c41e001de0f2947166,2026-08-10T12:14:11+08:00,"docs: pin the accuracy bar to the MATLAB reference audio, prune the handoff",accuracy,numpy,matlab_reference,true_target,1,gain_error,-8.879950796902847e-07,ok,
forward,3,5ed534a,5ed534ae810444d5201581c41e001de0f2947166,2026-08-10T12:14:11+08:00,"docs: pin the accuracy bar to the MATLAB reference audio, prune the handoff",accuracy,numpy,matlab_reference,target_distortion,0,correlation,0.9999997518159526,ok,
forward,3,5ed534a,5ed534ae810444d5201581c41e001de0f2947166,2026-08-10T12:14:11+08:00,"docs: pin the accuracy bar to the MATLAB reference audio, prune the handoff",accuracy,numpy,matlab_reference,target_distortion,0,rms_ratio,1.0025638121195892,ok,
forward,3,5ed534a,5ed534ae810444d5201581c41e001de0f2947166,2026-08-10T12:14:11+08:00,"docs: pin the accuracy bar to the MATLAB reference audio, prune the handoff",accuracy,numpy,matlab_reference,target_distortion,0,gain_error,-1.2845853210041724e-06,ok,
forward,3,5ed534a,5ed534ae810444d5201581c41e001de0f2947166,2026-08-10T12:14:11+08:00,"docs: pin the accuracy bar to the MATLAB reference audio, prune the handoff",accuracy,numpy,matlab_reference,target_distortion,1,correlation,0.9999997569262901,ok,
forward,3,5ed534a,5ed534ae810444d5201581c41e001de0f2947166,2026-08-10T12:14:11+08:00,"docs: pin the accuracy bar to the MATLAB reference audio, prune the handoff",accuracy,numpy,matlab_reference,target_distortion,1,rms_ratio,1.0025641088572255,ok,
forward,3,5ed534a,5ed534ae810444d5201581c41e001de0f2947166,2026-08-10T12:14:11+08:00,"docs: pin the accuracy bar to the MATLAB reference audio, prune the handoff",accuracy,numpy,matlab_reference,target_distortion,1,gain_error,-9.886068990105912e-07,ok,
forward,3,5ed534a,5ed534ae810444d5201581c41e001de0f2947166,2026-08-10T12:14:11+08:00,"docs: pin the accuracy bar to the MATLAB reference audio, prune the handoff",accuracy,numpy,matlab_reference,interference,0,correlation,0.9999999303721786,ok,
forward,3,5ed534a,5ed534ae810444d5201581c41e001de0f2947166,2026-08-10T12:14:11+08:00,"docs: pin the accuracy bar to the MATLAB reference audio, prune the handoff",accuracy,numpy,matlab_reference,interference,0,rms_ratio,1.0025655710258772,ok,
forward,3,5ed534a,5ed534ae810444d5201581c41e001de0f2947166,2026-08-10T12:14:11+08:00,"docs: pin the accuracy bar to the MATLAB reference audio, prune the handoff",accuracy,numpy,matlab_reference,interference,0,gain_error,4.6982074008994346e-07,ok,
forward,3,5ed534a,5ed534ae810444d5201581c41e001de0f2947166,2026-08-10T12:14:11+08:00,"docs: pin the accuracy bar to the MATLAB reference audio, prune the handoff",accuracy,numpy,matlab_reference,interference,1,correlation,0.9999999264069914,ok,
forward,3,5ed534a,5ed534ae810444d5201581c41e001de0f2947166,2026-08-10T12:14:11+08:00,"docs: pin the accuracy bar to the MATLAB reference audio, prune the handoff",accuracy,numpy,matlab_reference,interference,1,rms_ratio,1.00256542581319,ok,
forward,3,5ed534a,5ed534ae810444d5201581c41e001de0f2947166,2026-08-10T12:14:11+08:00,"docs: pin the accuracy bar to the MATLAB reference audio, prune the handoff",accuracy,numpy,matlab_reference,interference,1,gain_error,3.2497958479815736e-07,ok,
forward,3,5ed534a,5ed534ae810444d5201581c41e001de0f2947166,2026-08-10T12:14:11+08:00,"docs: pin the accuracy bar to the MATLAB reference audio, prune the handoff",accuracy,numpy,matlab_reference,artifacts,0,correlation,0.999996689292553,ok,
forward,3,5ed534a,5ed534ae810444d5201581c41e001de0f2947166,2026-08-10T12:14:11+08:00,"docs: pin the accuracy bar to the MATLAB reference audio, prune the handoff",accuracy,numpy,matlab_reference,artifacts,0,rms_ratio,1.0025533527297354,ok,
forward,3,5ed534a,5ed534ae810444d5201581c41e001de0f2947166,2026-08-10T12:14:11+08:00,"docs: pin the accuracy bar to the MATLAB reference audio, prune the handoff",accuracy,numpy,matlab_reference,artifacts,0,gain_error,-1.1717214437823031e-05,ok,
forward,3,5ed534a,5ed534ae810444d5201581c41e001de0f2947166,2026-08-10T12:14:11+08:00,"docs: pin the accuracy bar to the MATLAB reference audio, prune the handoff",accuracy,numpy,matlab_reference,artifacts,1,correlation,0.9999967267532045,ok,
forward,3,5ed534a,5ed534ae810444d5201581c41e001de0f2947166,2026-08-10T12:14:11+08:00,"docs: pin the accuracy bar to the MATLAB reference audio, prune the handoff",accuracy,numpy,matlab_reference,artifacts,1,rms_ratio,1.0025621567655285,ok,
forward,3,5ed534a,5ed534ae810444d5201581c41e001de0f2947166,2026-08-10T12:14:11+08:00,"docs: pin the accuracy bar to the MATLAB reference audio, prune the handoff",accuracy,numpy,matlab_reference,artifacts,1,gain_error,-2.935704096929115e-06,ok,
forward,3,5ed534a,5ed534ae810444d5201581c41e001de0f2947166,2026-08-10T12:14:11+08:00,"docs: pin the accuracy bar to the MATLAB reference audio, prune the handoff",accuracy,torch,matlab_reference,true_target,0,correlation,0.9999999561885168,ok,
forward,3,5ed534a,5ed534ae810444d5201581c41e001de0f2947166,2026-08-10T12:14:11+08:00,"docs: pin the accuracy bar to the MATLAB reference audio, prune the handoff",accuracy,torch,matlab_reference,true_target,0,rms_ratio,1.0025657316271908,ok,
forward,3,5ed534a,5ed534ae810444d5201581c41e001de0f2947166,2026-08-10T12:14:11+08:00,"docs: pin the accuracy bar to the MATLAB reference audio, prune the handoff",accuracy,torch,matlab_reference,true_target,0,gain_error,6.300111492496541e-07,ok,
forward,3,5ed534a,5ed534ae810444d5201581c41e001de0f2947166,2026-08-10T12:14:11+08:00,"docs: pin the accuracy bar to the MATLAB reference audio, prune the handoff",accuracy,torch,matlab_reference,true_target,1,correlation,0.9999999564837453,ok,
forward,3,5ed534a,5ed534ae810444d5201581c41e001de0f2947166,2026-08-10T12:14:11+08:00,"docs: pin the accuracy bar to the MATLAB reference audio, prune the handoff",accuracy,torch,matlab_reference,true_target,1,rms_ratio,1.0025643041692462,ok,
forward,3,5ed534a,5ed534ae810444d5201581c41e001de0f2947166,2026-08-10T12:14:11+08:00,"docs: pin the accuracy bar to the MATLAB reference audio, prune the handoff",accuracy,torch,matlab_reference,true_target,1,gain_error,-7.937945912805944e-07,ok,
forward,3,5ed534a,5ed534ae810444d5201581c41e001de0f2947166,2026-08-10T12:14:11+08:00,"docs: pin the accuracy bar to the MATLAB reference audio, prune the handoff",accuracy,torch,matlab_reference,target_distortion,0,correlation,0.9999997517202872,ok,
forward,3,5ed534a,5ed534ae810444d5201581c41e001de0f2947166,2026-08-10T12:14:11+08:00,"docs: pin the accuracy bar to the MATLAB reference audio, prune the handoff",accuracy,torch,matlab_reference,target_distortion,0,rms_ratio,1.0025644953122415,ok,
forward,3,5ed534a,5ed534ae810444d5201581c41e001de0f2947166,2026-08-10T12:14:11+08:00,"docs: pin the accuracy bar to the MATLAB reference audio, prune the handoff",accuracy,torch,matlab_reference,target_distortion,0,gain_error,-6.031406424300556e-07,ok,
forward,3,5ed534a,5ed534ae810444d5201581c41e001de0f2947166,2026-08-10T12:14:11+08:00,"docs: pin the accuracy bar to the MATLAB reference audio, prune the handoff",accuracy,torch,matlab_reference,target_distortion,1,correlation,0.9999997568730794,ok,
forward,3,5ed534a,5ed534ae810444d5201581c41e001de0f2947166,2026-08-10T12:14:11+08:00,"docs: pin the accuracy bar to the MATLAB reference audio, prune the handoff",accuracy,torch,matlab_reference,target_distortion,1,rms_ratio,1.002564565992503,ok,
forward,3,5ed534a,5ed534ae810444d5201581c41e001de0f2947166,2026-08-10T12:14:11+08:00,"docs: pin the accuracy bar to the MATLAB reference audio, prune the handoff",accuracy,torch,matlab_reference,target_distortion,1,gain_error,-5.326412189088359e-07,ok,
forward,3,5ed534a,5ed534ae810444d5201581c41e001de0f2947166,2026-08-10T12:14:11+08:00,"docs: pin the accuracy bar to the MATLAB reference audio, prune the handoff",accuracy,torch,matlab_reference,interference,0,correlation,0.9999999303372872,ok,
forward,3,5ed534a,5ed534ae810444d5201581c41e001de0f2947166,2026-08-10T12:14:11+08:00,"docs: pin the accuracy bar to the MATLAB reference audio, prune the handoff",accuracy,torch,matlab_reference,interference,0,rms_ratio,1.0025659561221019,ok,
forward,3,5ed534a,5ed534ae810444d5201581c41e001de0f2947166,2026-08-10T12:14:11+08:00,"docs: pin the accuracy bar to the MATLAB reference audio, prune the handoff",accuracy,torch,matlab_reference,interference,0,gain_error,8.539316818101383e-07,ok,
forward,3,5ed534a,5ed534ae810444d5201581c41e001de0f2947166,2026-08-10T12:14:11+08:00,"docs: pin the accuracy bar to the MATLAB reference audio, prune the handoff",accuracy,torch,matlab_reference,interference,1,correlation,0.999999926383622,ok,
forward,3,5ed534a,5ed534ae810444d5201581c41e001de0f2947166,2026-08-10T12:14:11+08:00,"docs: pin the accuracy bar to the MATLAB reference audio, prune the handoff",accuracy,torch,matlab_reference,interference,1,rms_ratio,1.0025657457020523,ok,
forward,3,5ed534a,5ed534ae810444d5201581c41e001de0f2947166,2026-08-10T12:14:11+08:00,"docs: pin the accuracy bar to the MATLAB reference audio, prune the handoff",accuracy,torch,matlab_reference,interference,1,gain_error,6.440499995541416e-07,ok,
forward,3,5ed534a,5ed534ae810444d5201581c41e001de0f2947166,2026-08-10T12:14:11+08:00,"docs: pin the accuracy bar to the MATLAB reference audio, prune the handoff",accuracy,torch,matlab_reference,artifacts,0,correlation,0.9999966888305812,ok,
forward,3,5ed534a,5ed534ae810444d5201581c41e001de0f2947166,2026-08-10T12:14:11+08:00,"docs: pin the accuracy bar to the MATLAB reference audio, prune the handoff",accuracy,torch,matlab_reference,artifacts,0,rms_ratio,1.002553519237585,ok,
forward,3,5ed534a,5ed534ae810444d5201581c41e001de0f2947166,2026-08-10T12:14:11+08:00,"docs: pin the accuracy bar to the MATLAB reference audio, prune the handoff",accuracy,torch,matlab_reference,artifacts,0,gain_error,-1.155113260475904e-05,ok,
forward,3,5ed534a,5ed534ae810444d5201581c41e001de0f2947166,2026-08-10T12:14:11+08:00,"docs: pin the accuracy bar to the MATLAB reference audio, prune the handoff",accuracy,torch,matlab_reference,artifacts,1,correlation,0.999996726408105,ok,
forward,3,5ed534a,5ed534ae810444d5201581c41e001de0f2947166,2026-08-10T12:14:11+08:00,"docs: pin the accuracy bar to the MATLAB reference audio, prune the handoff",accuracy,torch,matlab_reference,artifacts,1,rms_ratio,1.002562318349913,ok,
forward,3,5ed534a,5ed534ae810444d5201581c41e001de0f2947166,2026-08-10T12:14:11+08:00,"docs: pin the accuracy bar to the MATLAB reference audio, prune the handoff",accuracy,torch,matlab_reference,artifacts,1,gain_error,-2.774533132021695e-06,ok,
forward,3,5ed534a,5ed534ae810444d5201581c41e001de0f2947166,2026-08-10T12:14:11+08:00,"docs: pin the accuracy bar to the MATLAB reference audio, prune the handoff",score,numpy,matlab_reference,,,overall_perceptual_score,17.665620658898018,ok,
forward,3,5ed534a,5ed534ae810444d5201581c41e001de0f2947166,2026-08-10T12:14:11+08:00,"docs: pin the accuracy bar to the MATLAB reference audio, prune the handoff",score,numpy,matlab_reference,,,target_perceptual_score,60.99054480411449,ok,
forward,3,5ed534a,5ed534ae810444d5201581c41e001de0f2947166,2026-08-10T12:14:11+08:00,"docs: pin the accuracy bar to the MATLAB reference audio, prune the handoff",score,numpy,matlab_reference,,,interference_perceptual_score,20.484111933216646,ok,
forward,3,5ed534a,5ed534ae810444d5201581c41e001de0f2947166,2026-08-10T12:14:11+08:00,"docs: pin the accuracy bar to the MATLAB reference audio, prune the handoff",score,numpy,matlab_reference,,,artifact_perceptual_score,76.30119318637043,ok,
forward,3,5ed534a,5ed534ae810444d5201581c41e001de0f2947166,2026-08-10T12:14:11+08:00,"docs: pin the accuracy bar to the MATLAB reference audio, prune the handoff",score,numpy,matlab_reference,,,source_to_distortion_ratio,0.9106313299035762,ok,
forward,3,5ed534a,5ed534ae810444d5201581c41e001de0f2947166,2026-08-10T12:14:11+08:00,"docs: pin the accuracy bar to the MATLAB reference audio, prune the handoff",score,numpy,matlab_reference,,,source_to_spatial_distortion_ratio,7.518381807709459,ok,
forward,3,5ed534a,5ed534ae810444d5201581c41e001de0f2947166,2026-08-10T12:14:11+08:00,"docs: pin the accuracy bar to the MATLAB reference audio, prune the handoff",score,numpy,matlab_reference,,,source_to_interference_ratio,-0.370665110565514,ok,
forward,3,5ed534a,5ed534ae810444d5201581c41e001de0f2947166,2026-08-10T12:14:11+08:00,"docs: pin the accuracy bar to the MATLAB reference audio, prune the handoff",score,numpy,matlab_reference,,,source_to_artifacts_ratio,19.35929547652705,ok,
forward,3,5ed534a,5ed534ae810444d5201581c41e001de0f2947166,2026-08-10T12:14:11+08:00,"docs: pin the accuracy bar to the MATLAB reference audio, prune the handoff",score,torch,matlab_reference,,,overall_perceptual_score,17.665736258846312,ok,
forward,3,5ed534a,5ed534ae810444d5201581c41e001de0f2947166,2026-08-10T12:14:11+08:00,"docs: pin the accuracy bar to the MATLAB reference audio, prune the handoff",score,torch,matlab_reference,,,target_perceptual_score,60.99057681757725,ok,
forward,3,5ed534a,5ed534ae810444d5201581c41e001de0f2947166,2026-08-10T12:14:11+08:00,"docs: pin the accuracy bar to the MATLAB reference audio, prune the handoff",score,torch,matlab_reference,,,interference_perceptual_score,20.484476217554928,ok,
forward,3,5ed534a,5ed534ae810444d5201581c41e001de0f2947166,2026-08-10T12:14:11+08:00,"docs: pin the accuracy bar to the MATLAB reference audio, prune the handoff",score,torch,matlab_reference,,,artifact_perceptual_score,76.3011889964203,ok,
forward,3,5ed534a,5ed534ae810444d5201581c41e001de0f2947166,2026-08-10T12:14:11+08:00,"docs: pin the accuracy bar to the MATLAB reference audio, prune the handoff",score,torch,matlab_reference,,,source_to_distortion_ratio,0.9106297010223479,ok,
forward,3,5ed534a,5ed534ae810444d5201581c41e001de0f2947166,2026-08-10T12:14:11+08:00,"docs: pin the accuracy bar to the MATLAB reference audio, prune the handoff",score,torch,matlab_reference,,,source_to_spatial_distortion_ratio,7.518377743367852,ok,
forward,3,5ed534a,5ed534ae810444d5201581c41e001de0f2947166,2026-08-10T12:14:11+08:00,"docs: pin the accuracy bar to the MATLAB reference audio, prune the handoff",score,torch,matlab_reference,,,source_to_interference_ratio,-0.3706691302001057,ok,
forward,3,5ed534a,5ed534ae810444d5201581c41e001de0f2947166,2026-08-10T12:14:11+08:00,"docs: pin the accuracy bar to the MATLAB reference audio, prune the handoff",score,torch,matlab_reference,,,source_to_artifacts_ratio,19.359296066677153,ok,
forward,3,5ed534a,5ed534ae810444d5201581c41e001de0f2947166,2026-08-10T12:14:11+08:00,"docs: pin the accuracy bar to the MATLAB reference audio, prune the handoff",timing,numpy,mono,,,median_seconds,1.5626747999340296,ok,
forward,3,5ed534a,5ed534ae810444d5201581c41e001de0f2947166,2026-08-10T12:14:11+08:00,"docs: pin the accuracy bar to the MATLAB reference audio, prune the handoff",timing,numpy,mono,,,min_seconds,1.5490672001615167,ok,
forward,3,5ed534a,5ed534ae810444d5201581c41e001de0f2947166,2026-08-10T12:14:11+08:00,"docs: pin the accuracy bar to the MATLAB reference audio, prune the handoff",timing,numpy,mono,,,audio_seconds,5.0,ok,
forward,3,5ed534a,5ed534ae810444d5201581c41e001de0f2947166,2026-08-10T12:14:11+08:00,"docs: pin the accuracy bar to the MATLAB reference audio, prune the handoff",timing,numpy,mono,,,seconds_per_audio_second,0.3125349599868059,ok,
forward,3,5ed534a,5ed534ae810444d5201581c41e001de0f2947166,2026-08-10T12:14:11+08:00,"docs: pin the accuracy bar to the MATLAB reference audio, prune the handoff",timing,numpy,mono,,,realtime_factor,3.1996420497796993,ok,
forward,3,5ed534a,5ed534ae810444d5201581c41e001de0f2947166,2026-08-10T12:14:11+08:00,"docs: pin the accuracy bar to the MATLAB reference audio, prune the handoff",timing,numpy,mono,,,spread_pct,1.1120046930897944,ok,
forward,3,5ed534a,5ed534ae810444d5201581c41e001de0f2947166,2026-08-10T12:14:11+08:00,"docs: pin the accuracy bar to the MATLAB reference audio, prune the handoff",timing,numpy,stereo,,,median_seconds,3.2868832000531256,ok,
forward,3,5ed534a,5ed534ae810444d5201581c41e001de0f2947166,2026-08-10T12:14:11+08:00,"docs: pin the accuracy bar to the MATLAB reference audio, prune the handoff",timing,numpy,stereo,,,min_seconds,3.1783759999088943,ok,
forward,3,5ed534a,5ed534ae810444d5201581c41e001de0f2947166,2026-08-10T12:14:11+08:00,"docs: pin the accuracy bar to the MATLAB reference audio, prune the handoff",timing,numpy,stereo,,,audio_seconds,5.0,ok,
forward,3,5ed534a,5ed534ae810444d5201581c41e001de0f2947166,2026-08-10T12:14:11+08:00,"docs: pin the accuracy bar to the MATLAB reference audio, prune the handoff",timing,numpy,stereo,,,seconds_per_audio_second,0.6573766400106251,ok,
forward,3,5ed534a,5ed534ae810444d5201581c41e001de0f2947166,2026-08-10T12:14:11+08:00,"docs: pin the accuracy bar to the MATLAB reference audio, prune the handoff",timing,numpy,stereo,,,realtime_factor,1.5211979543170824,ok,
forward,3,5ed534a,5ed534ae810444d5201581c41e001de0f2947166,2026-08-10T12:14:11+08:00,"docs: pin the accuracy bar to the MATLAB reference audio, prune the handoff",timing,numpy,stereo,,,spread_pct,3.942003715509052,ok,
forward,3,5ed534a,5ed534ae810444d5201581c41e001de0f2947166,2026-08-10T12:14:11+08:00,"docs: pin the accuracy bar to the MATLAB reference audio, prune the handoff",timing,torch,mono,,,median_seconds,1.2474605003371835,ok,
forward,3,5ed534a,5ed534ae810444d5201581c41e001de0f2947166,2026-08-10T12:14:11+08:00,"docs: pin the accuracy bar to the MATLAB reference audio, prune the handoff",timing,torch,mono,,,min_seconds,1.2379629001952708,ok,
forward,3,5ed534a,5ed534ae810444d5201581c41e001de0f2947166,2026-08-10T12:14:11+08:00,"docs: pin the accuracy bar to the MATLAB reference audio, prune the handoff",timing,torch,mono,,,audio_seconds,5.0,ok,
forward,3,5ed534a,5ed534ae810444d5201581c41e001de0f2947166,2026-08-10T12:14:11+08:00,"docs: pin the accuracy bar to the MATLAB reference audio, prune the handoff",timing,torch,mono,,,seconds_per_audio_second,0.2494921000674367,ok,
forward,3,5ed534a,5ed534ae810444d5201581c41e001de0f2947166,2026-08-10T12:14:11+08:00,"docs: pin the accuracy bar to the MATLAB reference audio, prune the handoff",timing,torch,mono,,,realtime_factor,4.008142942120028,ok,
forward,3,5ed534a,5ed534ae810444d5201581c41e001de0f2947166,2026-08-10T12:14:11+08:00,"docs: pin the accuracy bar to the MATLAB reference audio, prune the handoff",timing,torch,mono,,,spread_pct,4.634444210589125,ok,
forward,3,5ed534a,5ed534ae810444d5201581c41e001de0f2947166,2026-08-10T12:14:11+08:00,"docs: pin the accuracy bar to the MATLAB reference audio, prune the handoff",timing,torch,stereo,,,median_seconds,2.440908399876207,ok,
forward,3,5ed534a,5ed534ae810444d5201581c41e001de0f2947166,2026-08-10T12:14:11+08:00,"docs: pin the accuracy bar to the MATLAB reference audio, prune the handoff",timing,torch,stereo,,,min_seconds,2.4172859000973403,ok,
forward,3,5ed534a,5ed534ae810444d5201581c41e001de0f2947166,2026-08-10T12:14:11+08:00,"docs: pin the accuracy bar to the MATLAB reference audio, prune the handoff",timing,torch,stereo,,,audio_seconds,5.0,ok,
forward,3,5ed534a,5ed534ae810444d5201581c41e001de0f2947166,2026-08-10T12:14:11+08:00,"docs: pin the accuracy bar to the MATLAB reference audio, prune the handoff",timing,torch,stereo,,,seconds_per_audio_second,0.4881816799752414,ok,
forward,3,5ed534a,5ed534ae810444d5201581c41e001de0f2947166,2026-08-10T12:14:11+08:00,"docs: pin the accuracy bar to the MATLAB reference audio, prune the handoff",timing,torch,stereo,,,realtime_factor,2.048417712132737,ok,
forward,3,5ed534a,5ed534ae810444d5201581c41e001de0f2947166,2026-08-10T12:14:11+08:00,"docs: pin the accuracy bar to the MATLAB reference audio, prune the handoff",timing,torch,stereo,,,spread_pct,1.3005370892100365,ok,
forward,4,c51f76a,c51f76aad921a723d3632dd0b09a9f547747c085,2026-08-10T12:00:32+08:00,perf: 2.2x torch / 1.47x numpy decomposition via polyphase GEMM and Câ€¦ (#6),meta,,,,,measured,1,ok,
forward,4,c51f76a,c51f76aad921a723d3632dd0b09a9f547747c085,2026-08-10T12:00:32+08:00,perf: 2.2x torch / 1.47x numpy decomposition via polyphase GEMM and Câ€¦ (#6),accuracy,numpy,matlab_reference,true_target,0,correlation,0.9999999561961295,ok,
forward,4,c51f76a,c51f76aad921a723d3632dd0b09a9f547747c085,2026-08-10T12:00:32+08:00,perf: 2.2x torch / 1.47x numpy decomposition via polyphase GEMM and Câ€¦ (#6),accuracy,numpy,matlab_reference,true_target,0,rms_ratio,1.0025656261838365,ok,
forward,4,c51f76a,c51f76aad921a723d3632dd0b09a9f547747c085,2026-08-10T12:00:32+08:00,perf: 2.2x torch / 1.47x numpy decomposition via polyphase GEMM and Câ€¦ (#6),accuracy,numpy,matlab_reference,true_target,0,gain_error,5.248375756217172e-07,ok,
forward,4,c51f76a,c51f76aad921a723d3632dd0b09a9f547747c085,2026-08-10T12:00:32+08:00,perf: 2.2x torch / 1.47x numpy decomposition via polyphase GEMM and Câ€¦ (#6),accuracy,numpy,matlab_reference,true_target,1,correlation,0.9999999564923208,ok,
forward,4,c51f76a,c51f76aad921a723d3632dd0b09a9f547747c085,2026-08-10T12:00:32+08:00,perf: 2.2x torch / 1.47x numpy decomposition via polyphase GEMM and Câ€¦ (#6),accuracy,numpy,matlab_reference,true_target,1,rms_ratio,1.0025642097271241,ok,
forward,4,c51f76a,c51f76aad921a723d3632dd0b09a9f547747c085,2026-08-10T12:00:32+08:00,perf: 2.2x torch / 1.47x numpy decomposition via polyphase GEMM and Câ€¦ (#6),accuracy,numpy,matlab_reference,true_target,1,gain_error,-8.879950796902847e-07,ok,
forward,4,c51f76a,c51f76aad921a723d3632dd0b09a9f547747c085,2026-08-10T12:00:32+08:00,perf: 2.2x torch / 1.47x numpy decomposition via polyphase GEMM and Câ€¦ (#6),accuracy,numpy,matlab_reference,target_distortion,0,correlation,0.9999997518159526,ok,
forward,4,c51f76a,c51f76aad921a723d3632dd0b09a9f547747c085,2026-08-10T12:00:32+08:00,perf: 2.2x torch / 1.47x numpy decomposition via polyphase GEMM and Câ€¦ (#6),accuracy,numpy,matlab_reference,target_distortion,0,rms_ratio,1.0025638121195892,ok,
forward,4,c51f76a,c51f76aad921a723d3632dd0b09a9f547747c085,2026-08-10T12:00:32+08:00,perf: 2.2x torch / 1.47x numpy decomposition via polyphase GEMM and Câ€¦ (#6),accuracy,numpy,matlab_reference,target_distortion,0,gain_error,-1.2845853210041724e-06,ok,
forward,4,c51f76a,c51f76aad921a723d3632dd0b09a9f547747c085,2026-08-10T12:00:32+08:00,perf: 2.2x torch / 1.47x numpy decomposition via polyphase GEMM and Câ€¦ (#6),accuracy,numpy,matlab_reference,target_distortion,1,correlation,0.9999997569262901,ok,
forward,4,c51f76a,c51f76aad921a723d3632dd0b09a9f547747c085,2026-08-10T12:00:32+08:00,perf: 2.2x torch / 1.47x numpy decomposition via polyphase GEMM and Câ€¦ (#6),accuracy,numpy,matlab_reference,target_distortion,1,rms_ratio,1.0025641088572255,ok,
forward,4,c51f76a,c51f76aad921a723d3632dd0b09a9f547747c085,2026-08-10T12:00:32+08:00,perf: 2.2x torch / 1.47x numpy decomposition via polyphase GEMM and Câ€¦ (#6),accuracy,numpy,matlab_reference,target_distortion,1,gain_error,-9.886068990105912e-07,ok,
forward,4,c51f76a,c51f76aad921a723d3632dd0b09a9f547747c085,2026-08-10T12:00:32+08:00,perf: 2.2x torch / 1.47x numpy decomposition via polyphase GEMM and Câ€¦ (#6),accuracy,numpy,matlab_reference,interference,0,correlation,0.9999999303721786,ok,
forward,4,c51f76a,c51f76aad921a723d3632dd0b09a9f547747c085,2026-08-10T12:00:32+08:00,perf: 2.2x torch / 1.47x numpy decomposition via polyphase GEMM and Câ€¦ (#6),accuracy,numpy,matlab_reference,interference,0,rms_ratio,1.0025655710258772,ok,
forward,4,c51f76a,c51f76aad921a723d3632dd0b09a9f547747c085,2026-08-10T12:00:32+08:00,perf: 2.2x torch / 1.47x numpy decomposition via polyphase GEMM and Câ€¦ (#6),accuracy,numpy,matlab_reference,interference,0,gain_error,4.6982074008994346e-07,ok,
forward,4,c51f76a,c51f76aad921a723d3632dd0b09a9f547747c085,2026-08-10T12:00:32+08:00,perf: 2.2x torch / 1.47x numpy decomposition via polyphase GEMM and Câ€¦ (#6),accuracy,numpy,matlab_reference,interference,1,correlation,0.9999999264069914,ok,
forward,4,c51f76a,c51f76aad921a723d3632dd0b09a9f547747c085,2026-08-10T12:00:32+08:00,perf: 2.2x torch / 1.47x numpy decomposition via polyphase GEMM and Câ€¦ (#6),accuracy,numpy,matlab_reference,interference,1,rms_ratio,1.00256542581319,ok,
forward,4,c51f76a,c51f76aad921a723d3632dd0b09a9f547747c085,2026-08-10T12:00:32+08:00,perf: 2.2x torch / 1.47x numpy decomposition via polyphase GEMM and Câ€¦ (#6),accuracy,numpy,matlab_reference,interference,1,gain_error,3.2497958479815736e-07,ok,
forward,4,c51f76a,c51f76aad921a723d3632dd0b09a9f547747c085,2026-08-10T12:00:32+08:00,perf: 2.2x torch / 1.47x numpy decomposition via polyphase GEMM and Câ€¦ (#6),accuracy,numpy,matlab_reference,artifacts,0,correlation,0.999996689292553,ok,
forward,4,c51f76a,c51f76aad921a723d3632dd0b09a9f547747c085,2026-08-10T12:00:32+08:00,perf: 2.2x torch / 1.47x numpy decomposition via polyphase GEMM and Câ€¦ (#6),accuracy,numpy,matlab_reference,artifacts,0,rms_ratio,1.0025533527297354,ok,
forward,4,c51f76a,c51f76aad921a723d3632dd0b09a9f547747c085,2026-08-10T12:00:32+08:00,perf: 2.2x torch / 1.47x numpy decomposition via polyphase GEMM and Câ€¦ (#6),accuracy,numpy,matlab_reference,artifacts,0,gain_error,-1.1717214437823031e-05,ok,
forward,4,c51f76a,c51f76aad921a723d3632dd0b09a9f547747c085,2026-08-10T12:00:32+08:00,perf: 2.2x torch / 1.47x numpy decomposition via polyphase GEMM and Câ€¦ (#6),accuracy,numpy,matlab_reference,artifacts,1,correlation,0.9999967267532045,ok,
forward,4,c51f76a,c51f76aad921a723d3632dd0b09a9f547747c085,2026-08-10T12:00:32+08:00,perf: 2.2x torch / 1.47x numpy decomposition via polyphase GEMM and Câ€¦ (#6),accuracy,numpy,matlab_reference,artifacts,1,rms_ratio,1.0025621567655285,ok,
forward,4,c51f76a,c51f76aad921a723d3632dd0b09a9f547747c085,2026-08-10T12:00:32+08:00,perf: 2.2x torch / 1.47x numpy decomposition via polyphase GEMM and Câ€¦ (#6),accuracy,numpy,matlab_reference,artifacts,1,gain_error,-2.935704096929115e-06,ok,
forward,4,c51f76a,c51f76aad921a723d3632dd0b09a9f547747c085,2026-08-10T12:00:32+08:00,perf: 2.2x torch / 1.47x numpy decomposition via polyphase GEMM and Câ€¦ (#6),accuracy,torch,matlab_reference,true_target,0,correlation,0.9999999561885168,ok,
forward,4,c51f76a,c51f76aad921a723d3632dd0b09a9f547747c085,2026-08-10T12:00:32+08:00,perf: 2.2x torch / 1.47x numpy decomposition via polyphase GEMM and Câ€¦ (#6),accuracy,torch,matlab_reference,true_target,0,rms_ratio,1.0025657316271908,ok,
forward,4,c51f76a,c51f76aad921a723d3632dd0b09a9f547747c085,2026-08-10T12:00:32+08:00,perf: 2.2x torch / 1.47x numpy decomposition via polyphase GEMM and Câ€¦ (#6),accuracy,torch,matlab_reference,true_target,0,gain_error,6.300111492496541e-07,ok,
forward,4,c51f76a,c51f76aad921a723d3632dd0b09a9f547747c085,2026-08-10T12:00:32+08:00,perf: 2.2x torch / 1.47x numpy decomposition via polyphase GEMM and Câ€¦ (#6),accuracy,torch,matlab_reference,true_target,1,correlation,0.9999999564837453,ok,
forward,4,c51f76a,c51f76aad921a723d3632dd0b09a9f547747c085,2026-08-10T12:00:32+08:00,perf: 2.2x torch / 1.47x numpy decomposition via polyphase GEMM and Câ€¦ (#6),accuracy,torch,matlab_reference,true_target,1,rms_ratio,1.0025643041692462,ok,
forward,4,c51f76a,c51f76aad921a723d3632dd0b09a9f547747c085,2026-08-10T12:00:32+08:00,perf: 2.2x torch / 1.47x numpy decomposition via polyphase GEMM and Câ€¦ (#6),accuracy,torch,matlab_reference,true_target,1,gain_error,-7.937945912805944e-07,ok,
forward,4,c51f76a,c51f76aad921a723d3632dd0b09a9f547747c085,2026-08-10T12:00:32+08:00,perf: 2.2x torch / 1.47x numpy decomposition via polyphase GEMM and Câ€¦ (#6),accuracy,torch,matlab_reference,target_distortion,0,correlation,0.9999997517202872,ok,
forward,4,c51f76a,c51f76aad921a723d3632dd0b09a9f547747c085,2026-08-10T12:00:32+08:00,perf: 2.2x torch / 1.47x numpy decomposition via polyphase GEMM and Câ€¦ (#6),accuracy,torch,matlab_reference,target_distortion,0,rms_ratio,1.0025644953122415,ok,
forward,4,c51f76a,c51f76aad921a723d3632dd0b09a9f547747c085,2026-08-10T12:00:32+08:00,perf: 2.2x torch / 1.47x numpy decomposition via polyphase GEMM and Câ€¦ (#6),accuracy,torch,matlab_reference,target_distortion,0,gain_error,-6.031406424300556e-07,ok,
forward,4,c51f76a,c51f76aad921a723d3632dd0b09a9f547747c085,2026-08-10T12:00:32+08:00,perf: 2.2x torch / 1.47x numpy decomposition via polyphase GEMM and Câ€¦ (#6),accuracy,torch,matlab_reference,target_distortion,1,correlation,0.9999997568730794,ok,
forward,4,c51f76a,c51f76aad921a723d3632dd0b09a9f547747c085,2026-08-10T12:00:32+08:00,perf: 2.2x torch / 1.47x numpy decomposition via polyphase GEMM and Câ€¦ (#6),accuracy,torch,matlab_reference,target_distortion,1,rms_ratio,1.002564565992503,ok,
forward,4,c51f76a,c51f76aad921a723d3632dd0b09a9f547747c085,2026-08-10T12:00:32+08:00,perf: 2.2x torch / 1.47x numpy decomposition via polyphase GEMM and Câ€¦ (#6),accuracy,torch,matlab_reference,target_distortion,1,gain_error,-5.326412189088359e-07,ok,
forward,4,c51f76a,c51f76aad921a723d3632dd0b09a9f547747c085,2026-08-10T12:00:32+08:00,perf: 2.2x torch / 1.47x numpy decomposition via polyphase GEMM and Câ€¦ (#6),accuracy,torch,matlab_reference,interference,0,correlation,0.9999999303372872,ok,
forward,4,c51f76a,c51f76aad921a723d3632dd0b09a9f547747c085,2026-08-10T12:00:32+08:00,perf: 2.2x torch / 1.47x numpy decomposition via polyphase GEMM and Câ€¦ (#6),accuracy,torch,matlab_reference,interference,0,rms_ratio,1.0025659561221019,ok,
forward,4,c51f76a,c51f76aad921a723d3632dd0b09a9f547747c085,2026-08-10T12:00:32+08:00,perf: 2.2x torch / 1.47x numpy decomposition via polyphase GEMM and Câ€¦ (#6),accuracy,torch,matlab_reference,interference,0,gain_error,8.539316818101383e-07,ok,
forward,4,c51f76a,c51f76aad921a723d3632dd0b09a9f547747c085,2026-08-10T12:00:32+08:00,perf: 2.2x torch / 1.47x numpy decomposition via polyphase GEMM and Câ€¦ (#6),accuracy,torch,matlab_reference,interference,1,correlation,0.999999926383622,ok,
forward,4,c51f76a,c51f76aad921a723d3632dd0b09a9f547747c085,2026-08-10T12:00:32+08:00,perf: 2.2x torch / 1.47x numpy decomposition via polyphase GEMM and Câ€¦ (#6),accuracy,torch,matlab_reference,interference,1,rms_ratio,1.0025657457020523,ok,
forward,4,c51f76a,c51f76aad921a723d3632dd0b09a9f547747c085,2026-08-10T12:00:32+08:00,perf: 2.2x torch / 1.47x numpy decomposition via polyphase GEMM and Câ€¦ (#6),accuracy,torch,matlab_reference,interference,1,gain_error,6.440499995541416e-07,ok,
forward,4,c51f76a,c51f76aad921a723d3632dd0b09a9f547747c085,2026-08-10T12:00:32+08:00,perf: 2.2x torch / 1.47x numpy decomposition via polyphase GEMM and Câ€¦ (#6),accuracy,torch,matlab_reference,artifacts,0,correlation,0.9999966888305812,ok,
forward,4,c51f76a,c51f76aad921a723d3632dd0b09a9f547747c085,2026-08-10T12:00:32+08:00,perf: 2.2x torch / 1.47x numpy decomposition via polyphase GEMM and Câ€¦ (#6),accuracy,torch,matlab_reference,artifacts,0,rms_ratio,1.002553519237585,ok,
forward,4,c51f76a,c51f76aad921a723d3632dd0b09a9f547747c085,2026-08-10T12:00:32+08:00,perf: 2.2x torch / 1.47x numpy decomposition via polyphase GEMM and Câ€¦ (#6),accuracy,torch,matlab_reference,artifacts,0,gain_error,-1.155113260475904e-05,ok,
forward,4,c51f76a,c51f76aad921a723d3632dd0b09a9f547747c085,2026-08-10T12:00:32+08:00,perf: 2.2x torch / 1.47x numpy decomposition via polyphase GEMM and Câ€¦ (#6),accuracy,torch,matlab_reference,artifacts,1,correlation,0.999996726408105,ok,
forward,4,c51f76a,c51f76aad921a723d3632dd0b09a9f547747c085,2026-08-10T12:00:32+08:00,perf: 2.2x torch / 1.47x numpy decomposition via polyphase GEMM and Câ€¦ (#6),accuracy,torch,matlab_reference,artifacts,1,rms_ratio,1.002562318349913,ok,
forward,4,c51f76a,c51f76aad921a723d3632dd0b09a9f547747c085,2026-08-10T12:00:32+08:00,perf: 2.2x torch / 1.47x numpy decomposition via polyphase GEMM and Câ€¦ (#6),accuracy,torch,matlab_reference,artifacts,1,gain_error,-2.774533132021695e-06,ok,
forward,4,c51f76a,c51f76aad921a723d3632dd0b09a9f547747c085,2026-08-10T12:00:32+08:00,perf: 2.2x torch / 1.47x numpy decomposition via polyphase GEMM and Câ€¦ (#6),score,numpy,matlab_reference,,,overall_perceptual_score,17.665620658898018,ok,
forward,4,c51f76a,c51f76aad921a723d3632dd0b09a9f547747c085,2026-08-10T12:00:32+08:00,perf: 2.2x torch / 1.47x numpy decomposition via polyphase GEMM and Câ€¦ (#6),score,numpy,matlab_reference,,,target_perceptual_score,60.99054480411449,ok,
forward,4,c51f76a,c51f76aad921a723d3632dd0b09a9f547747c085,2026-08-10T12:00:32+08:00,perf: 2.2x torch / 1.47x numpy decomposition via polyphase GEMM and Câ€¦ (#6),score,numpy,matlab_reference,,,interference_perceptual_score,20.484111933216646,ok,
forward,4,c51f76a,c51f76aad921a723d3632dd0b09a9f547747c085,2026-08-10T12:00:32+08:00,perf: 2.2x torch / 1.47x numpy decomposition via polyphase GEMM and Câ€¦ (#6),score,numpy,matlab_reference,,,artifact_perceptual_score,76.30119318637043,ok,
forward,4,c51f76a,c51f76aad921a723d3632dd0b09a9f547747c085,2026-08-10T12:00:32+08:00,perf: 2.2x torch / 1.47x numpy decomposition via polyphase GEMM and Câ€¦ (#6),score,numpy,matlab_reference,,,source_to_distortion_ratio,0.9106313299035762,ok,
forward,4,c51f76a,c51f76aad921a723d3632dd0b09a9f547747c085,2026-08-10T12:00:32+08:00,perf: 2.2x torch / 1.47x numpy decomposition via polyphase GEMM and Câ€¦ (#6),score,numpy,matlab_reference,,,source_to_spatial_distortion_ratio,7.518381807709459,ok,
forward,4,c51f76a,c51f76aad921a723d3632dd0b09a9f547747c085,2026-08-10T12:00:32+08:00,perf: 2.2x torch / 1.47x numpy decomposition via polyphase GEMM and Câ€¦ (#6),score,numpy,matlab_reference,,,source_to_interference_ratio,-0.370665110565514,ok,
forward,4,c51f76a,c51f76aad921a723d3632dd0b09a9f547747c085,2026-08-10T12:00:32+08:00,perf: 2.2x torch / 1.47x numpy decomposition via polyphase GEMM and Câ€¦ (#6),score,numpy,matlab_reference,,,source_to_artifacts_ratio,19.35929547652705,ok,
forward,4,c51f76a,c51f76aad921a723d3632dd0b09a9f547747c085,2026-08-10T12:00:32+08:00,perf: 2.2x torch / 1.47x numpy decomposition via polyphase GEMM and Câ€¦ (#6),score,torch,matlab_reference,,,overall_perceptual_score,17.665736258846312,ok,
forward,4,c51f76a,c51f76aad921a723d3632dd0b09a9f547747c085,2026-08-10T12:00:32+08:00,perf: 2.2x torch / 1.47x numpy decomposition via polyphase GEMM and Câ€¦ (#6),score,torch,matlab_reference,,,target_perceptual_score,60.99057681757725,ok,
forward,4,c51f76a,c51f76aad921a723d3632dd0b09a9f547747c085,2026-08-10T12:00:32+08:00,perf: 2.2x torch / 1.47x numpy decomposition via polyphase GEMM and Câ€¦ (#6),score,torch,matlab_reference,,,interference_perceptual_score,20.484476217554928,ok,
forward,4,c51f76a,c51f76aad921a723d3632dd0b09a9f547747c085,2026-08-10T12:00:32+08:00,perf: 2.2x torch / 1.47x numpy decomposition via polyphase GEMM and Câ€¦ (#6),score,torch,matlab_reference,,,artifact_perceptual_score,76.3011889964203,ok,
forward,4,c51f76a,c51f76aad921a723d3632dd0b09a9f547747c085,2026-08-10T12:00:32+08:00,perf: 2.2x torch / 1.47x numpy decomposition via polyphase GEMM and Câ€¦ (#6),score,torch,matlab_reference,,,source_to_distortion_ratio,0.9106297010223479,ok,
forward,4,c51f76a,c51f76aad921a723d3632dd0b09a9f547747c085,2026-08-10T12:00:32+08:00,perf: 2.2x torch / 1.47x numpy decomposition via polyphase GEMM and Câ€¦ (#6),score,torch,matlab_reference,,,source_to_spatial_distortion_ratio,7.518377743367852,ok,
forward,4,c51f76a,c51f76aad921a723d3632dd0b09a9f547747c085,2026-08-10T12:00:32+08:00,perf: 2.2x torch / 1.47x numpy decomposition via polyphase GEMM and Câ€¦ (#6),score,torch,matlab_reference,,,source_to_interference_ratio,-0.3706691302001057,ok,
forward,4,c51f76a,c51f76aad921a723d3632dd0b09a9f547747c085,2026-08-10T12:00:32+08:00,perf: 2.2x torch / 1.47x numpy decomposition via polyphase GEMM and Câ€¦ (#6),score,torch,matlab_reference,,,source_to_artifacts_ratio,19.359296066677153,ok,
forward,4,c51f76a,c51f76aad921a723d3632dd0b09a9f547747c085,2026-08-10T12:00:32+08:00,perf: 2.2x torch / 1.47x numpy decomposition via polyphase GEMM and Câ€¦ (#6),timing,numpy,mono,,,median_seconds,1.5646580001339316,ok,
forward,4,c51f76a,c51f76aad921a723d3632dd0b09a9f547747c085,2026-08-10T12:00:32+08:00,perf: 2.2x torch / 1.47x numpy decomposition via polyphase GEMM and Câ€¦ (#6),timing,numpy,mono,,,min_seconds,1.5508818998932838,ok,
forward,4,c51f76a,c51f76aad921a723d3632dd0b09a9f547747c085,2026-08-10T12:00:32+08:00,perf: 2.2x torch / 1.47x numpy decomposition via polyphase GEMM and Câ€¦ (#6),timing,numpy,mono,,,audio_seconds,5.0,ok,
forward,4,c51f76a,c51f76aad921a723d3632dd0b09a9f547747c085,2026-08-10T12:00:32+08:00,perf: 2.2x torch / 1.47x numpy decomposition via polyphase GEMM and Câ€¦ (#6),timing,numpy,mono,,,seconds_per_audio_second,0.3129316000267863,ok,
forward,4,c51f76a,c51f76aad921a723d3632dd0b09a9f547747c085,2026-08-10T12:00:32+08:00,perf: 2.2x torch / 1.47x numpy decomposition via polyphase GEMM and Câ€¦ (#6),timing,numpy,mono,,,realtime_factor,3.195586511283622,ok,
forward,4,c51f76a,c51f76aad921a723d3632dd0b09a9f547747c085,2026-08-10T12:00:32+08:00,perf: 2.2x torch / 1.47x numpy decomposition via polyphase GEMM and Câ€¦ (#6),timing,numpy,mono,,,spread_pct,3.7910946002981567,ok,
forward,4,c51f76a,c51f76aad921a723d3632dd0b09a9f547747c085,2026-08-10T12:00:32+08:00,perf: 2.2x torch / 1.47x numpy decomposition via polyphase GEMM and Câ€¦ (#6),timing,numpy,stereo,,,median_seconds,3.2619821997359395,ok,
forward,4,c51f76a,c51f76aad921a723d3632dd0b09a9f547747c085,2026-08-10T12:00:32+08:00,perf: 2.2x torch / 1.47x numpy decomposition via polyphase GEMM and Câ€¦ (#6),timing,numpy,stereo,,,min_seconds,3.226203199941665,ok,
forward,4,c51f76a,c51f76aad921a723d3632dd0b09a9f547747c085,2026-08-10T12:00:32+08:00,perf: 2.2x torch / 1.47x numpy decomposition via polyphase GEMM and Câ€¦ (#6),timing,numpy,stereo,,,audio_seconds,5.0,ok,
forward,4,c51f76a,c51f76aad921a723d3632dd0b09a9f547747c085,2026-08-10T12:00:32+08:00,perf: 2.2x torch / 1.47x numpy decomposition via polyphase GEMM and Câ€¦ (#6),timing,numpy,stereo,,,seconds_per_audio_second,0.6523964399471879,ok,
forward,4,c51f76a,c51f76aad921a723d3632dd0b09a9f547747c085,2026-08-10T12:00:32+08:00,perf: 2.2x torch / 1.47x numpy decomposition via polyphase GEMM and Câ€¦ (#6),timing,numpy,stereo,,,realtime_factor,1.532810326311638,ok,
forward,4,c51f76a,c51f76aad921a723d3632dd0b09a9f547747c085,2026-08-10T12:00:32+08:00,perf: 2.2x torch / 1.47x numpy decomposition via polyphase GEMM and Câ€¦ (#6),timing,numpy,stereo,,,spread_pct,1.91251747851709,ok,
forward,4,c51f76a,c51f76aad921a723d3632dd0b09a9f547747c085,2026-08-10T12:00:32+08:00,perf: 2.2x torch / 1.47x numpy decomposition via polyphase GEMM and Câ€¦ (#6),timing,torch,mono,,,median_seconds,1.2476567002013326,ok,
forward,4,c51f76a,c51f76aad921a723d3632dd0b09a9f547747c085,2026-08-10T12:00:32+08:00,perf: 2.2x torch / 1.47x numpy decomposition via polyphase GEMM and Câ€¦ (#6),timing,torch,mono,,,min_seconds,1.1101216999813914,ok,
forward,4,c51f76a,c51f76aad921a723d3632dd0b09a9f547747c085,2026-08-10T12:00:32+08:00,perf: 2.2x torch / 1.47x numpy decomposition via polyphase GEMM and Câ€¦ (#6),timing,torch,mono,,,audio_seconds,5.0,ok,
forward,4,c51f76a,c51f76aad921a723d3632dd0b09a9f547747c085,2026-08-10T12:00:32+08:00,perf: 2.2x torch / 1.47x numpy decomposition via polyphase GEMM and Câ€¦ (#6),timing,torch,mono,,,seconds_per_audio_second,0.2495313400402665,ok,
forward,4,c51f76a,c51f76aad921a723d3632dd0b09a9f547747c085,2026-08-10T12:00:32+08:00,perf: 2.2x torch / 1.47x numpy decomposition via polyphase GEMM and Câ€¦ (#6),timing,torch,mono,,,realtime_factor,4.007512642855328,ok,
forward,4,c51f76a,c51f76aad921a723d3632dd0b09a9f547747c085,2026-08-10T12:00:32+08:00,perf: 2.2x torch / 1.47x numpy decomposition via polyphase GEMM and Câ€¦ (#6),timing,torch,mono,,,spread_pct,17.462355720569054,ok,
forward,4,c51f76a,c51f76aad921a723d3632dd0b09a9f547747c085,2026-08-10T12:00:32+08:00,perf: 2.2x torch / 1.47x numpy decomposition via polyphase GEMM and Câ€¦ (#6),timing,torch,stereo,,,median_seconds,2.446385500021279,ok,
forward,4,c51f76a,c51f76aad921a723d3632dd0b09a9f547747c085,2026-08-10T12:00:32+08:00,perf: 2.2x torch / 1.47x numpy decomposition via polyphase GEMM and Câ€¦ (#6),timing,torch,stereo,,,min_seconds,2.289296899922192,ok,
forward,4,c51f76a,c51f76aad921a723d3632dd0b09a9f547747c085,2026-08-10T12:00:32+08:00,perf: 2.2x torch / 1.47x numpy decomposition via polyphase GEMM and Câ€¦ (#6),timing,torch,stereo,,,audio_seconds,5.0,ok,
forward,4,c51f76a,c51f76aad921a723d3632dd0b09a9f547747c085,2026-08-10T12:00:32+08:00,perf: 2.2x torch / 1.47x numpy decomposition via polyphase GEMM and Câ€¦ (#6),timing,torch,stereo,,,seconds_per_audio_second,0.4892771000042558,ok,
forward,4,c51f76a,c51f76aad921a723d3632dd0b09a9f547747c085,2026-08-10T12:00:32+08:00,perf: 2.2x torch / 1.47x numpy decomposition via polyphase GEMM and Câ€¦ (#6),timing,torch,stereo,,,realtime_factor,2.043831603791189,ok,
forward,4,c51f76a,c51f76aad921a723d3632dd0b09a9f547747c085,2026-08-10T12:00:32+08:00,perf: 2.2x torch / 1.47x numpy decomposition via polyphase GEMM and Câ€¦ (#6),timing,torch,stereo,,,spread_pct,7.657185065207979,ok,
forward,5,cd061f3,cd061f37803416a2c8e9af3b41c1309ed876075b,2026-08-10T00:36:15+08:00,"perf: 2.2x torch forward pass, ~1.3x bit-identical numpy decomposition (#5) (#5)",meta,,,,,measured,1,ok,
forward,5,cd061f3,cd061f37803416a2c8e9af3b41c1309ed876075b,2026-08-10T00:36:15+08:00,"perf: 2.2x torch forward pass, ~1.3x bit-identical numpy decomposition (#5) (#5)",accuracy,numpy,matlab_reference,true_target,0,correlation,0.9999999561961297,ok,
forward,5,cd061f3,cd061f37803416a2c8e9af3b41c1309ed876075b,2026-08-10T00:36:15+08:00,"perf: 2.2x torch forward pass, ~1.3x bit-identical numpy decomposition (#5) (#5)",accuracy,numpy,matlab_reference,true_target,0,rms_ratio,1.0025656261838365,ok,
forward,5,cd061f3,cd061f37803416a2c8e9af3b41c1309ed876075b,2026-08-10T00:36:15+08:00,"perf: 2.2x torch forward pass, ~1.3x bit-identical numpy decomposition (#5) (#5)",accuracy,numpy,matlab_reference,true_target,0,gain_error,5.248375756217172e-07,ok,
forward,5,cd061f3,cd061f37803416a2c8e9af3b41c1309ed876075b,2026-08-10T00:36:15+08:00,"perf: 2.2x torch forward pass, ~1.3x bit-identical numpy decomposition (#5) (#5)",accuracy,numpy,matlab_reference,true_target,1,correlation,0.9999999564923208,ok,
forward,5,cd061f3,cd061f37803416a2c8e9af3b41c1309ed876075b,2026-08-10T00:36:15+08:00,"perf: 2.2x torch forward pass, ~1.3x bit-identical numpy decomposition (#5) (#5)",accuracy,numpy,matlab_reference,true_target,1,rms_ratio,1.0025642097271241,ok,
forward,5,cd061f3,cd061f37803416a2c8e9af3b41c1309ed876075b,2026-08-10T00:36:15+08:00,"perf: 2.2x torch forward pass, ~1.3x bit-identical numpy decomposition (#5) (#5)",accuracy,numpy,matlab_reference,true_target,1,gain_error,-8.879950796902847e-07,ok,
forward,5,cd061f3,cd061f37803416a2c8e9af3b41c1309ed876075b,2026-08-10T00:36:15+08:00,"perf: 2.2x torch forward pass, ~1.3x bit-identical numpy decomposition (#5) (#5)",accuracy,numpy,matlab_reference,target_distortion,0,correlation,0.9999997518159536,ok,
forward,5,cd061f3,cd061f37803416a2c8e9af3b41c1309ed876075b,2026-08-10T00:36:15+08:00,"perf: 2.2x torch forward pass, ~1.3x bit-identical numpy decomposition (#5) (#5)",accuracy,numpy,matlab_reference,target_distortion,0,rms_ratio,1.0025638121205547,ok,
forward,5,cd061f3,cd061f37803416a2c8e9af3b41c1309ed876075b,2026-08-10T00:36:15+08:00,"perf: 2.2x torch forward pass, ~1.3x bit-identical numpy decomposition (#5) (#5)",accuracy,numpy,matlab_reference,target_distortion,0,gain_error,-1.2845843579967209e-06,ok,
forward,5,cd061f3,cd061f37803416a2c8e9af3b41c1309ed876075b,2026-08-10T00:36:15+08:00,"perf: 2.2x torch forward pass, ~1.3x bit-identical numpy decomposition (#5) (#5)",accuracy,numpy,matlab_reference,target_distortion,1,correlation,0.9999997569262896,ok,
forward,5,cd061f3,cd061f37803416a2c8e9af3b41c1309ed876075b,2026-08-10T00:36:15+08:00,"perf: 2.2x torch forward pass, ~1.3x bit-identical numpy decomposition (#5) (#5)",accuracy,numpy,matlab_reference,target_distortion,1,rms_ratio,1.0025641088580592,ok,
forward,5,cd061f3,cd061f37803416a2c8e9af3b41c1309ed876075b,2026-08-10T00:36:15+08:00,"perf: 2.2x torch forward pass, ~1.3x bit-identical numpy decomposition (#5) (#5)",accuracy,numpy,matlab_reference,target_distortion,1,gain_error,-9.886060673425234e-07,ok,
forward,5,cd061f3,cd061f37803416a2c8e9af3b41c1309ed876075b,2026-08-10T00:36:15+08:00,"perf: 2.2x torch forward pass, ~1.3x bit-identical numpy decomposition (#5) (#5)",accuracy,numpy,matlab_reference,interference,0,correlation,0.9999999303721785,ok,
forward,5,cd061f3,cd061f37803416a2c8e9af3b41c1309ed876075b,2026-08-10T00:36:15+08:00,"perf: 2.2x torch forward pass, ~1.3x bit-identical numpy decomposition (#5) (#5)",accuracy,numpy,matlab_reference,interference,0,rms_ratio,1.0025655710266075,ok,
forward,5,cd061f3,cd061f37803416a2c8e9af3b41c1309ed876075b,2026-08-10T00:36:15+08:00,"perf: 2.2x torch forward pass, ~1.3x bit-identical numpy decomposition (#5) (#5)",accuracy,numpy,matlab_reference,interference,0,gain_error,4.698214683962476e-07,ok,
forward,5,cd061f3,cd061f37803416a2c8e9af3b41c1309ed876075b,2026-08-10T00:36:15+08:00,"perf: 2.2x torch forward pass, ~1.3x bit-identical numpy decomposition (#5) (#5)",accuracy,numpy,matlab_reference,interference,1,correlation,0.9999999264069921,ok,
forward,5,cd061f3,cd061f37803416a2c8e9af3b41c1309ed876075b,2026-08-10T00:36:15+08:00,"perf: 2.2x torch forward pass, ~1.3x bit-identical numpy decomposition (#5) (#5)",accuracy,numpy,matlab_reference,interference,1,rms_ratio,1.002565425814013,ok,
forward,5,cd061f3,cd061f37803416a2c8e9af3b41c1309ed876075b,2026-08-10T00:36:15+08:00,"perf: 2.2x torch forward pass, ~1.3x bit-identical numpy decomposition (#5) (#5)",accuracy,numpy,matlab_reference,interference,1,gain_error,3.249804059191064e-07,ok,
forward,5,cd061f3,cd061f37803416a2c8e9af3b41c1309ed876075b,2026-08-10T00:36:15+08:00,"perf: 2.2x torch forward pass, ~1.3x bit-identical numpy decomposition (#5) (#5)",accuracy,numpy,matlab_reference,artifacts,0,correlation,0.9999966892925429,ok,
forward,5,cd061f3,cd061f37803416a2c8e9af3b41c1309ed876075b,2026-08-10T00:36:15+08:00,"perf: 2.2x torch forward pass, ~1.3x bit-identical numpy decomposition (#5) (#5)",accuracy,numpy,matlab_reference,artifacts,0,rms_ratio,1.0025533527322847,ok,
forward,5,cd061f3,cd061f37803416a2c8e9af3b41c1309ed876075b,2026-08-10T00:36:15+08:00,"perf: 2.2x torch forward pass, ~1.3x bit-identical numpy decomposition (#5) (#5)",accuracy,numpy,matlab_reference,artifacts,0,gain_error,-1.1717211894968216e-05,ok,
forward,5,cd061f3,cd061f37803416a2c8e9af3b41c1309ed876075b,2026-08-10T00:36:15+08:00,"perf: 2.2x torch forward pass, ~1.3x bit-identical numpy decomposition (#5) (#5)",accuracy,numpy,matlab_reference,artifacts,1,correlation,0.9999967267532084,ok,
forward,5,cd061f3,cd061f37803416a2c8e9af3b41c1309ed876075b,2026-08-10T00:36:15+08:00,"perf: 2.2x torch forward pass, ~1.3x bit-identical numpy decomposition (#5) (#5)",accuracy,numpy,matlab_reference,artifacts,1,rms_ratio,1.002562156768173,ok,
forward,5,cd061f3,cd061f37803416a2c8e9af3b41c1309ed876075b,2026-08-10T00:36:15+08:00,"perf: 2.2x torch forward pass, ~1.3x bit-identical numpy decomposition (#5) (#5)",accuracy,numpy,matlab_reference,artifacts,1,gain_error,-2.9357014591502306e-06,ok,
forward,5,cd061f3,cd061f37803416a2c8e9af3b41c1309ed876075b,2026-08-10T00:36:15+08:00,"perf: 2.2x torch forward pass, ~1.3x bit-identical numpy decomposition (#5) (#5)",accuracy,torch,matlab_reference,true_target,0,correlation,0.9999999561885166,ok,
forward,5,cd061f3,cd061f37803416a2c8e9af3b41c1309ed876075b,2026-08-10T00:36:15+08:00,"perf: 2.2x torch forward pass, ~1.3x bit-identical numpy decomposition (#5) (#5)",accuracy,torch,matlab_reference,true_target,0,rms_ratio,1.0025657316271908,ok,
forward,5,cd061f3,cd061f37803416a2c8e9af3b41c1309ed876075b,2026-08-10T00:36:15+08:00,"perf: 2.2x torch forward pass, ~1.3x bit-identical numpy decomposition (#5) (#5)",accuracy,torch,matlab_reference,true_target,0,gain_error,6.300111492496541e-07,ok,
forward,5,cd061f3,cd061f37803416a2c8e9af3b41c1309ed876075b,2026-08-10T00:36:15+08:00,"perf: 2.2x torch forward pass, ~1.3x bit-identical numpy decomposition (#5) (#5)",accuracy,torch,matlab_reference,true_target,1,correlation,0.9999999564837455,ok,
forward,5,cd061f3,cd061f37803416a2c8e9af3b41c1309ed876075b,2026-08-10T00:36:15+08:00,"perf: 2.2x torch forward pass, ~1.3x bit-identical numpy decomposition (#5) (#5)",accuracy,torch,matlab_reference,true_target,1,rms_ratio,1.002564304169246,ok,
forward,5,cd061f3,cd061f37803416a2c8e9af3b41c1309ed876075b,2026-08-10T00:36:15+08:00,"perf: 2.2x torch forward pass, ~1.3x bit-identical numpy decomposition (#5) (#5)",accuracy,torch,matlab_reference,true_target,1,gain_error,-7.93794591502639e-07,ok,
forward,5,cd061f3,cd061f37803416a2c8e9af3b41c1309ed876075b,2026-08-10T00:36:15+08:00,"perf: 2.2x torch forward pass, ~1.3x bit-identical numpy decomposition (#5) (#5)",accuracy,torch,matlab_reference,target_distortion,0,correlation,0.999999751720283,ok,
forward,5,cd061f3,cd061f37803416a2c8e9af3b41c1309ed876075b,2026-08-10T00:36:15+08:00,"perf: 2.2x torch forward pass, ~1.3x bit-identical numpy decomposition (#5) (#5)",accuracy,torch,matlab_reference,target_distortion,0,rms_ratio,1.0025644952899782,ok,
forward,5,cd061f3,cd061f37803416a2c8e9af3b41c1309ed876075b,2026-08-10T00:36:15+08:00,"perf: 2.2x torch forward pass, ~1.3x bit-identical numpy decomposition (#5) (#5)",accuracy,torch,matlab_reference,target_distortion,0,gain_error,-6.031628487779273e-07,ok,
forward,5,cd061f3,cd061f37803416a2c8e9af3b41c1309ed876075b,2026-08-10T00:36:15+08:00,"perf: 2.2x torch forward pass, ~1.3x bit-identical numpy decomposition (#5) (#5)",accuracy,torch,matlab_reference,target_distortion,1,correlation,0.9999997568730778,ok,
forward,5,cd061f3,cd061f37803416a2c8e9af3b41c1309ed876075b,2026-08-10T00:36:15+08:00,"perf: 2.2x torch forward pass, ~1.3x bit-identical numpy decomposition (#5) (#5)",accuracy,torch,matlab_reference,target_distortion,1,rms_ratio,1.0025645659618696,ok,
forward,5,cd061f3,cd061f37803416a2c8e9af3b41c1309ed876075b,2026-08-10T00:36:15+08:00,"perf: 2.2x torch forward pass, ~1.3x bit-identical numpy decomposition (#5) (#5)",accuracy,torch,matlab_reference,target_distortion,1,gain_error,-5.326717740228304e-07,ok,
forward,5,cd061f3,cd061f37803416a2c8e9af3b41c1309ed876075b,2026-08-10T00:36:15+08:00,"perf: 2.2x torch forward pass, ~1.3x bit-identical numpy decomposition (#5) (#5)",accuracy,torch,matlab_reference,interference,0,correlation,0.9999999303372875,ok,
forward,5,cd061f3,cd061f37803416a2c8e9af3b41c1309ed876075b,2026-08-10T00:36:15+08:00,"perf: 2.2x torch forward pass, ~1.3x bit-identical numpy decomposition (#5) (#5)",accuracy,torch,matlab_reference,interference,0,rms_ratio,1.0025659561314209,ok,
forward,5,cd061f3,cd061f37803416a2c8e9af3b41c1309ed876075b,2026-08-10T00:36:15+08:00,"perf: 2.2x torch forward pass, ~1.3x bit-identical numpy decomposition (#5) (#5)",accuracy,torch,matlab_reference,interference,0,gain_error,8.539409768193451e-07,ok,
forward,5,cd061f3,cd061f37803416a2c8e9af3b41c1309ed876075b,2026-08-10T00:36:15+08:00,"perf: 2.2x torch forward pass, ~1.3x bit-identical numpy decomposition (#5) (#5)",accuracy,torch,matlab_reference,interference,1,correlation,0.9999999263836234,ok,
forward,5,cd061f3,cd061f37803416a2c8e9af3b41c1309ed876075b,2026-08-10T00:36:15+08:00,"perf: 2.2x torch forward pass, ~1.3x bit-identical numpy decomposition (#5) (#5)",accuracy,torch,matlab_reference,interference,1,rms_ratio,1.0025657457290271,ok,
forward,5,cd061f3,cd061f37803416a2c8e9af3b41c1309ed876075b,2026-08-10T00:36:15+08:00,"perf: 2.2x torch forward pass, ~1.3x bit-identical numpy decomposition (#5) (#5)",accuracy,torch,matlab_reference,interference,1,gain_error,6.440769053650541e-07,ok,
forward,5,cd061f3,cd061f37803416a2c8e9af3b41c1309ed876075b,2026-08-10T00:36:15+08:00,"perf: 2.2x torch forward pass, ~1.3x bit-identical numpy decomposition (#5) (#5)",accuracy,torch,matlab_reference,artifacts,0,correlation,0.9999966888306028,ok,
forward,5,cd061f3,cd061f37803416a2c8e9af3b41c1309ed876075b,2026-08-10T00:36:15+08:00,"perf: 2.2x torch forward pass, ~1.3x bit-identical numpy decomposition (#5) (#5)",accuracy,torch,matlab_reference,artifacts,0,rms_ratio,1.0025535192947945,ok,
forward,5,cd061f3,cd061f37803416a2c8e9af3b41c1309ed876075b,2026-08-10T00:36:15+08:00,"perf: 2.2x torch forward pass, ~1.3x bit-identical numpy decomposition (#5) (#5)",accuracy,torch,matlab_reference,artifacts,0,gain_error,-1.1551075541627043e-05,ok,
forward,5,cd061f3,cd061f37803416a2c8e9af3b41c1309ed876075b,2026-08-10T00:36:15+08:00,"perf: 2.2x torch forward pass, ~1.3x bit-identical numpy decomposition (#5) (#5)",accuracy,torch,matlab_reference,artifacts,1,correlation,0.9999967264080857,ok,
forward,5,cd061f3,cd061f37803416a2c8e9af3b41c1309ed876075b,2026-08-10T00:36:15+08:00,"perf: 2.2x torch forward pass, ~1.3x bit-identical numpy decomposition (#5) (#5)",accuracy,torch,matlab_reference,artifacts,1,rms_ratio,1.0025623183794214,ok,
forward,5,cd061f3,cd061f37803416a2c8e9af3b41c1309ed876075b,2026-08-10T00:36:15+08:00,"perf: 2.2x torch forward pass, ~1.3x bit-identical numpy decomposition (#5) (#5)",accuracy,torch,matlab_reference,artifacts,1,gain_error,-2.7745036991211336e-06,ok,
forward,5,cd061f3,cd061f37803416a2c8e9af3b41c1309ed876075b,2026-08-10T00:36:15+08:00,"perf: 2.2x torch forward pass, ~1.3x bit-identical numpy decomposition (#5) (#5)",score,numpy,matlab_reference,,,overall_perceptual_score,17.66562065805139,ok,
forward,5,cd061f3,cd061f37803416a2c8e9af3b41c1309ed876075b,2026-08-10T00:36:15+08:00,"perf: 2.2x torch forward pass, ~1.3x bit-identical numpy decomposition (#5) (#5)",score,numpy,matlab_reference,,,target_perceptual_score,60.99054480411449,ok,
forward,5,cd061f3,cd061f37803416a2c8e9af3b41c1309ed876075b,2026-08-10T00:36:15+08:00,"perf: 2.2x torch forward pass, ~1.3x bit-identical numpy decomposition (#5) (#5)",score,numpy,matlab_reference,,,interference_perceptual_score,20.484111933216646,ok,
forward,5,cd061f3,cd061f37803416a2c8e9af3b41c1309ed876075b,2026-08-10T00:36:15+08:00,"perf: 2.2x torch forward pass, ~1.3x bit-identical numpy decomposition (#5) (#5)",score,numpy,matlab_reference,,,artifact_perceptual_score,76.30119318633754,ok,
forward,5,cd061f3,cd061f37803416a2c8e9af3b41c1309ed876075b,2026-08-10T00:36:15+08:00,"perf: 2.2x torch forward pass, ~1.3x bit-identical numpy decomposition (#5) (#5)",score,numpy,matlab_reference,,,source_to_distortion_ratio,0.9106313299035762,ok,
forward,5,cd061f3,cd061f37803416a2c8e9af3b41c1309ed876075b,2026-08-10T00:36:15+08:00,"perf: 2.2x torch forward pass, ~1.3x bit-identical numpy decomposition (#5) (#5)",score,numpy,matlab_reference,,,source_to_spatial_distortion_ratio,7.518381807701671,ok,
forward,5,cd061f3,cd061f37803416a2c8e9af3b41c1309ed876075b,2026-08-10T00:36:15+08:00,"perf: 2.2x torch forward pass, ~1.3x bit-identical numpy decomposition (#5) (#5)",score,numpy,matlab_reference,,,source_to_interference_ratio,-0.3706651105782787,ok,
forward,5,cd061f3,cd061f37803416a2c8e9af3b41c1309ed876075b,2026-08-10T00:36:15+08:00,"perf: 2.2x torch forward pass, ~1.3x bit-identical numpy decomposition (#5) (#5)",score,numpy,matlab_reference,,,source_to_artifacts_ratio,19.35929547650323,ok,
forward,5,cd061f3,cd061f37803416a2c8e9af3b41c1309ed876075b,2026-08-10T00:36:15+08:00,"perf: 2.2x torch forward pass, ~1.3x bit-identical numpy decomposition (#5) (#5)",score,torch,matlab_reference,,,overall_perceptual_score,17.665736255883115,ok,
forward,5,cd061f3,cd061f37803416a2c8e9af3b41c1309ed876075b,2026-08-10T00:36:15+08:00,"perf: 2.2x torch forward pass, ~1.3x bit-identical numpy decomposition (#5) (#5)",score,torch,matlab_reference,,,target_perceptual_score,60.990576815218624,ok,
forward,5,cd061f3,cd061f37803416a2c8e9af3b41c1309ed876075b,2026-08-10T00:36:15+08:00,"perf: 2.2x torch forward pass, ~1.3x bit-identical numpy decomposition (#5) (#5)",score,torch,matlab_reference,,,interference_perceptual_score,20.484476216858663,ok,
forward,5,cd061f3,cd061f37803416a2c8e9af3b41c1309ed876075b,2026-08-10T00:36:15+08:00,"perf: 2.2x torch forward pass, ~1.3x bit-identical numpy decomposition (#5) (#5)",score,torch,matlab_reference,,,artifact_perceptual_score,76.3011889966341,ok,
forward,5,cd061f3,cd061f37803416a2c8e9af3b41c1309ed876075b,2026-08-10T00:36:15+08:00,"perf: 2.2x torch forward pass, ~1.3x bit-identical numpy decomposition (#5) (#5)",score,torch,matlab_reference,,,source_to_distortion_ratio,0.9106297010223495,ok,
forward,5,cd061f3,cd061f37803416a2c8e9af3b41c1309ed876075b,2026-08-10T00:36:15+08:00,"perf: 2.2x torch forward pass, ~1.3x bit-identical numpy decomposition (#5) (#5)",score,torch,matlab_reference,,,source_to_spatial_distortion_ratio,7.518377743597347,ok,
forward,5,cd061f3,cd061f37803416a2c8e9af3b41c1309ed876075b,2026-08-10T00:36:15+08:00,"perf: 2.2x torch forward pass, ~1.3x bit-identical numpy decomposition (#5) (#5)",score,torch,matlab_reference,,,source_to_interference_ratio,-0.3706691304458897,ok,
forward,5,cd061f3,cd061f37803416a2c8e9af3b41c1309ed876075b,2026-08-10T00:36:15+08:00,"perf: 2.2x torch forward pass, ~1.3x bit-identical numpy decomposition (#5) (#5)",score,torch,matlab_reference,,,source_to_artifacts_ratio,19.35929606632414,ok,
forward,5,cd061f3,cd061f37803416a2c8e9af3b41c1309ed876075b,2026-08-10T00:36:15+08:00,"perf: 2.2x torch forward pass, ~1.3x bit-identical numpy decomposition (#5) (#5)",timing,numpy,mono,,,median_seconds,2.3435692000202835,ok,
forward,5,cd061f3,cd061f37803416a2c8e9af3b41c1309ed876075b,2026-08-10T00:36:15+08:00,"perf: 2.2x torch forward pass, ~1.3x bit-identical numpy decomposition (#5) (#5)",timing,numpy,mono,,,min_seconds,2.256221800111234,ok,
forward,5,cd061f3,cd061f37803416a2c8e9af3b41c1309ed876075b,2026-08-10T00:36:15+08:00,"perf: 2.2x torch forward pass, ~1.3x bit-identical numpy decomposition (#5) (#5)",timing,numpy,mono,,,audio_seconds,5.0,ok,
forward,5,cd061f3,cd061f37803416a2c8e9af3b41c1309ed876075b,2026-08-10T00:36:15+08:00,"perf: 2.2x torch forward pass, ~1.3x bit-identical numpy decomposition (#5) (#5)",timing,numpy,mono,,,seconds_per_audio_second,0.4687138400040567,ok,
forward,5,cd061f3,cd061f37803416a2c8e9af3b41c1309ed876075b,2026-08-10T00:36:15+08:00,"perf: 2.2x torch forward pass, ~1.3x bit-identical numpy decomposition (#5) (#5)",timing,numpy,mono,,,realtime_factor,2.133497914188634,ok,
forward,5,cd061f3,cd061f37803416a2c8e9af3b41c1309ed876075b,2026-08-10T00:36:15+08:00,"perf: 2.2x torch forward pass, ~1.3x bit-identical numpy decomposition (#5) (#5)",timing,numpy,mono,,,spread_pct,4.7020199822025,ok,
forward,5,cd061f3,cd061f37803416a2c8e9af3b41c1309ed876075b,2026-08-10T00:36:15+08:00,"perf: 2.2x torch forward pass, ~1.3x bit-identical numpy decomposition (#5) (#5)",timing,numpy,stereo,,,median_seconds,4.694879699964076,ok,
forward,5,cd061f3,cd061f37803416a2c8e9af3b41c1309ed876075b,2026-08-10T00:36:15+08:00,"perf: 2.2x torch forward pass, ~1.3x bit-identical numpy decomposition (#5) (#5)",timing,numpy,stereo,,,min_seconds,4.614987900014967,ok,
forward,5,cd061f3,cd061f37803416a2c8e9af3b41c1309ed876075b,2026-08-10T00:36:15+08:00,"perf: 2.2x torch forward pass, ~1.3x bit-identical numpy decomposition (#5) (#5)",timing,numpy,stereo,,,audio_seconds,5.0,ok,
forward,5,cd061f3,cd061f37803416a2c8e9af3b41c1309ed876075b,2026-08-10T00:36:15+08:00,"perf: 2.2x torch forward pass, ~1.3x bit-identical numpy decomposition (#5) (#5)",timing,numpy,stereo,,,seconds_per_audio_second,0.9389759399928153,ok,
forward,5,cd061f3,cd061f37803416a2c8e9af3b41c1309ed876075b,2026-08-10T00:36:15+08:00,"perf: 2.2x torch forward pass, ~1.3x bit-identical numpy decomposition (#5) (#5)",timing,numpy,stereo,,,realtime_factor,1.0649900145552735,ok,
forward,5,cd061f3,cd061f37803416a2c8e9af3b41c1309ed876075b,2026-08-10T00:36:15+08:00,"perf: 2.2x torch forward pass, ~1.3x bit-identical numpy decomposition (#5) (#5)",timing,numpy,stereo,,,spread_pct,3.713238337235196,ok,
forward,5,cd061f3,cd061f37803416a2c8e9af3b41c1309ed876075b,2026-08-10T00:36:15+08:00,"perf: 2.2x torch forward pass, ~1.3x bit-identical numpy decomposition (#5) (#5)",timing,torch,mono,,,median_seconds,2.884106700308621,ok,
forward,5,cd061f3,cd061f37803416a2c8e9af3b41c1309ed876075b,2026-08-10T00:36:15+08:00,"perf: 2.2x torch forward pass, ~1.3x bit-identical numpy decomposition (#5) (#5)",timing,torch,mono,,,min_seconds,2.7839484000578523,ok,
forward,5,cd061f3,cd061f37803416a2c8e9af3b41c1309ed876075b,2026-08-10T00:36:15+08:00,"perf: 2.2x torch forward pass, ~1.3x bit-identical numpy decomposition (#5) (#5)",timing,torch,mono,,,audio_seconds,5.0,ok,
forward,5,cd061f3,cd061f37803416a2c8e9af3b41c1309ed876075b,2026-08-10T00:36:15+08:00,"perf: 2.2x torch forward pass, ~1.3x bit-identical numpy decomposition (#5) (#5)",timing,torch,mono,,,seconds_per_audio_second,0.5768213400617241,ok,
forward,5,cd061f3,cd061f37803416a2c8e9af3b41c1309ed876075b,2026-08-10T00:36:15+08:00,"perf: 2.2x torch forward pass, ~1.3x bit-identical numpy decomposition (#5) (#5)",timing,torch,mono,,,realtime_factor,1.7336390499924856,ok,
forward,5,cd061f3,cd061f37803416a2c8e9af3b41c1309ed876075b,2026-08-10T00:36:15+08:00,"perf: 2.2x torch forward pass, ~1.3x bit-identical numpy decomposition (#5) (#5)",timing,torch,mono,,,spread_pct,6.362334167829103,ok,
forward,5,cd061f3,cd061f37803416a2c8e9af3b41c1309ed876075b,2026-08-10T00:36:15+08:00,"perf: 2.2x torch forward pass, ~1.3x bit-identical numpy decomposition (#5) (#5)",timing,torch,stereo,,,median_seconds,7.041258400306106,ok,
forward,5,cd061f3,cd061f37803416a2c8e9af3b41c1309ed876075b,2026-08-10T00:36:15+08:00,"perf: 2.2x torch forward pass, ~1.3x bit-identical numpy decomposition (#5) (#5)",timing,torch,stereo,,,min_seconds,6.912779199890792,ok,
forward,5,cd061f3,cd061f37803416a2c8e9af3b41c1309ed876075b,2026-08-10T00:36:15+08:00,"perf: 2.2x torch forward pass, ~1.3x bit-identical numpy decomposition (#5) (#5)",timing,torch,stereo,,,audio_seconds,5.0,ok,
forward,5,cd061f3,cd061f37803416a2c8e9af3b41c1309ed876075b,2026-08-10T00:36:15+08:00,"perf: 2.2x torch forward pass, ~1.3x bit-identical numpy decomposition (#5) (#5)",timing,torch,stereo,,,seconds_per_audio_second,1.408251680061221,ok,
forward,5,cd061f3,cd061f37803416a2c8e9af3b41c1309ed876075b,2026-08-10T00:36:15+08:00,"perf: 2.2x torch forward pass, ~1.3x bit-identical numpy decomposition (#5) (#5)",timing,torch,stereo,,,realtime_factor,0.7101003422602179,ok,
forward,5,cd061f3,cd061f37803416a2c8e9af3b41c1309ed876075b,2026-08-10T00:36:15+08:00,"perf: 2.2x torch forward pass, ~1.3x bit-identical numpy decomposition (#5) (#5)",timing,torch,stereo,,,spread_pct,2.978120577621175,ok,
forward,6,07ba346,07ba3465fe47b6f93fa48b380b207b603be121e4,2026-08-05T23:38:34+08:00,feat(config): reject segmentation_factor != 1 instead of ignoring it,meta,,,,,measured,1,ok,
forward,6,07ba346,07ba3465fe47b6f93fa48b380b207b603be121e4,2026-08-05T23:38:34+08:00,feat(config): reject segmentation_factor != 1 instead of ignoring it,accuracy,numpy,matlab_reference,true_target,0,correlation,0.9999999561961297,ok,
forward,6,07ba346,07ba3465fe47b6f93fa48b380b207b603be121e4,2026-08-05T23:38:34+08:00,feat(config): reject segmentation_factor != 1 instead of ignoring it,accuracy,numpy,matlab_reference,true_target,0,rms_ratio,1.0025656261838365,ok,
forward,6,07ba346,07ba3465fe47b6f93fa48b380b207b603be121e4,2026-08-05T23:38:34+08:00,feat(config): reject segmentation_factor != 1 instead of ignoring it,accuracy,numpy,matlab_reference,true_target,0,gain_error,5.248375756217172e-07,ok,
forward,6,07ba346,07ba3465fe47b6f93fa48b380b207b603be121e4,2026-08-05T23:38:34+08:00,feat(config): reject segmentation_factor != 1 instead of ignoring it,accuracy,numpy,matlab_reference,true_target,1,correlation,0.9999999564923208,ok,
forward,6,07ba346,07ba3465fe47b6f93fa48b380b207b603be121e4,2026-08-05T23:38:34+08:00,feat(config): reject segmentation_factor != 1 instead of ignoring it,accuracy,numpy,matlab_reference,true_target,1,rms_ratio,1.0025642097271241,ok,
forward,6,07ba346,07ba3465fe47b6f93fa48b380b207b603be121e4,2026-08-05T23:38:34+08:00,feat(config): reject segmentation_factor != 1 instead of ignoring it,accuracy,numpy,matlab_reference,true_target,1,gain_error,-8.879950796902847e-07,ok,
forward,6,07ba346,07ba3465fe47b6f93fa48b380b207b603be121e4,2026-08-05T23:38:34+08:00,feat(config): reject segmentation_factor != 1 instead of ignoring it,accuracy,numpy,matlab_reference,target_distortion,0,correlation,0.9999997518159536,ok,
forward,6,07ba346,07ba3465fe47b6f93fa48b380b207b603be121e4,2026-08-05T23:38:34+08:00,feat(config): reject segmentation_factor != 1 instead of ignoring it,accuracy,numpy,matlab_reference,target_distortion,0,rms_ratio,1.0025638121205547,ok,
forward,6,07ba346,07ba3465fe47b6f93fa48b380b207b603be121e4,2026-08-05T23:38:34+08:00,feat(config): reject segmentation_factor != 1 instead of ignoring it,accuracy,numpy,matlab_reference,target_distortion,0,gain_error,-1.2845843579967209e-06,ok,
forward,6,07ba346,07ba3465fe47b6f93fa48b380b207b603be121e4,2026-08-05T23:38:34+08:00,feat(config): reject segmentation_factor != 1 instead of ignoring it,accuracy,numpy,matlab_reference,target_distortion,1,correlation,0.9999997569262896,ok,
forward,6,07ba346,07ba3465fe47b6f93fa48b380b207b603be121e4,2026-08-05T23:38:34+08:00,feat(config): reject segmentation_factor != 1 instead of ignoring it,accuracy,numpy,matlab_reference,target_distortion,1,rms_ratio,1.0025641088580592,ok,
forward,6,07ba346,07ba3465fe47b6f93fa48b380b207b603be121e4,2026-08-05T23:38:34+08:00,feat(config): reject segmentation_factor != 1 instead of ignoring it,accuracy,numpy,matlab_reference,target_distortion,1,gain_error,-9.886060673425234e-07,ok,
forward,6,07ba346,07ba3465fe47b6f93fa48b380b207b603be121e4,2026-08-05T23:38:34+08:00,feat(config): reject segmentation_factor != 1 instead of ignoring it,accuracy,numpy,matlab_reference,interference,0,correlation,0.9999999303721785,ok,
forward,6,07ba346,07ba3465fe47b6f93fa48b380b207b603be121e4,2026-08-05T23:38:34+08:00,feat(config): reject segmentation_factor != 1 instead of ignoring it,accuracy,numpy,matlab_reference,interference,0,rms_ratio,1.0025655710266075,ok,
forward,6,07ba346,07ba3465fe47b6f93fa48b380b207b603be121e4,2026-08-05T23:38:34+08:00,feat(config): reject segmentation_factor != 1 instead of ignoring it,accuracy,numpy,matlab_reference,interference,0,gain_error,4.698214683962476e-07,ok,
forward,6,07ba346,07ba3465fe47b6f93fa48b380b207b603be121e4,2026-08-05T23:38:34+08:00,feat(config): reject segmentation_factor != 1 instead of ignoring it,accuracy,numpy,matlab_reference,interference,1,correlation,0.9999999264069921,ok,
forward,6,07ba346,07ba3465fe47b6f93fa48b380b207b603be121e4,2026-08-05T23:38:34+08:00,feat(config): reject segmentation_factor != 1 instead of ignoring it,accuracy,numpy,matlab_reference,interference,1,rms_ratio,1.002565425814013,ok,
forward,6,07ba346,07ba3465fe47b6f93fa48b380b207b603be121e4,2026-08-05T23:38:34+08:00,feat(config): reject segmentation_factor != 1 instead of ignoring it,accuracy,numpy,matlab_reference,interference,1,gain_error,3.249804059191064e-07,ok,
forward,6,07ba346,07ba3465fe47b6f93fa48b380b207b603be121e4,2026-08-05T23:38:34+08:00,feat(config): reject segmentation_factor != 1 instead of ignoring it,accuracy,numpy,matlab_reference,artifacts,0,correlation,0.9999966892925429,ok,
forward,6,07ba346,07ba3465fe47b6f93fa48b380b207b603be121e4,2026-08-05T23:38:34+08:00,feat(config): reject segmentation_factor != 1 instead of ignoring it,accuracy,numpy,matlab_reference,artifacts,0,rms_ratio,1.0025533527322847,ok,
forward,6,07ba346,07ba3465fe47b6f93fa48b380b207b603be121e4,2026-08-05T23:38:34+08:00,feat(config): reject segmentation_factor != 1 instead of ignoring it,accuracy,numpy,matlab_reference,artifacts,0,gain_error,-1.1717211894968216e-05,ok,
forward,6,07ba346,07ba3465fe47b6f93fa48b380b207b603be121e4,2026-08-05T23:38:34+08:00,feat(config): reject segmentation_factor != 1 instead of ignoring it,accuracy,numpy,matlab_reference,artifacts,1,correlation,0.9999967267532084,ok,
forward,6,07ba346,07ba3465fe47b6f93fa48b380b207b603be121e4,2026-08-05T23:38:34+08:00,feat(config): reject segmentation_factor != 1 instead of ignoring it,accuracy,numpy,matlab_reference,artifacts,1,rms_ratio,1.002562156768173,ok,
forward,6,07ba346,07ba3465fe47b6f93fa48b380b207b603be121e4,2026-08-05T23:38:34+08:00,feat(config): reject segmentation_factor != 1 instead of ignoring it,accuracy,numpy,matlab_reference,artifacts,1,gain_error,-2.9357014591502306e-06,ok,
forward,6,07ba346,07ba3465fe47b6f93fa48b380b207b603be121e4,2026-08-05T23:38:34+08:00,feat(config): reject segmentation_factor != 1 instead of ignoring it,accuracy,torch,matlab_reference,true_target,0,correlation,0.9999999561885166,ok,
forward,6,07ba346,07ba3465fe47b6f93fa48b380b207b603be121e4,2026-08-05T23:38:34+08:00,feat(config): reject segmentation_factor != 1 instead of ignoring it,accuracy,torch,matlab_reference,true_target,0,rms_ratio,1.0025657316271908,ok,
forward,6,07ba346,07ba3465fe47b6f93fa48b380b207b603be121e4,2026-08-05T23:38:34+08:00,feat(config): reject segmentation_factor != 1 instead of ignoring it,accuracy,torch,matlab_reference,true_target,0,gain_error,6.300111492496541e-07,ok,
forward,6,07ba346,07ba3465fe47b6f93fa48b380b207b603be121e4,2026-08-05T23:38:34+08:00,feat(config): reject segmentation_factor != 1 instead of ignoring it,accuracy,torch,matlab_reference,true_target,1,correlation,0.9999999564837455,ok,
forward,6,07ba346,07ba3465fe47b6f93fa48b380b207b603be121e4,2026-08-05T23:38:34+08:00,feat(config): reject segmentation_factor != 1 instead of ignoring it,accuracy,torch,matlab_reference,true_target,1,rms_ratio,1.002564304169246,ok,
forward,6,07ba346,07ba3465fe47b6f93fa48b380b207b603be121e4,2026-08-05T23:38:34+08:00,feat(config): reject segmentation_factor != 1 instead of ignoring it,accuracy,torch,matlab_reference,true_target,1,gain_error,-7.93794591502639e-07,ok,
forward,6,07ba346,07ba3465fe47b6f93fa48b380b207b603be121e4,2026-08-05T23:38:34+08:00,feat(config): reject segmentation_factor != 1 instead of ignoring it,accuracy,torch,matlab_reference,target_distortion,0,correlation,0.999999751720283,ok,
forward,6,07ba346,07ba3465fe47b6f93fa48b380b207b603be121e4,2026-08-05T23:38:34+08:00,feat(config): reject segmentation_factor != 1 instead of ignoring it,accuracy,torch,matlab_reference,target_distortion,0,rms_ratio,1.0025644952899782,ok,
forward,6,07ba346,07ba3465fe47b6f93fa48b380b207b603be121e4,2026-08-05T23:38:34+08:00,feat(config): reject segmentation_factor != 1 instead of ignoring it,accuracy,torch,matlab_reference,target_distortion,0,gain_error,-6.031628487779273e-07,ok,
forward,6,07ba346,07ba3465fe47b6f93fa48b380b207b603be121e4,2026-08-05T23:38:34+08:00,feat(config): reject segmentation_factor != 1 instead of ignoring it,accuracy,torch,matlab_reference,target_distortion,1,correlation,0.9999997568730778,ok,
forward,6,07ba346,07ba3465fe47b6f93fa48b380b207b603be121e4,2026-08-05T23:38:34+08:00,feat(config): reject segmentation_factor != 1 instead of ignoring it,accuracy,torch,matlab_reference,target_distortion,1,rms_ratio,1.0025645659618696,ok,
forward,6,07ba346,07ba3465fe47b6f93fa48b380b207b603be121e4,2026-08-05T23:38:34+08:00,feat(config): reject segmentation_factor != 1 instead of ignoring it,accuracy,torch,matlab_reference,target_distortion,1,gain_error,-5.326717740228304e-07,ok,
forward,6,07ba346,07ba3465fe47b6f93fa48b380b207b603be121e4,2026-08-05T23:38:34+08:00,feat(config): reject segmentation_factor != 1 instead of ignoring it,accuracy,torch,matlab_reference,interference,0,correlation,0.9999999303372875,ok,
forward,6,07ba346,07ba3465fe47b6f93fa48b380b207b603be121e4,2026-08-05T23:38:34+08:00,feat(config): reject segmentation_factor != 1 instead of ignoring it,accuracy,torch,matlab_reference,interference,0,rms_ratio,1.0025659561314209,ok,
forward,6,07ba346,07ba3465fe47b6f93fa48b380b207b603be121e4,2026-08-05T23:38:34+08:00,feat(config): reject segmentation_factor != 1 instead of ignoring it,accuracy,torch,matlab_reference,interference,0,gain_error,8.539409768193451e-07,ok,
forward,6,07ba346,07ba3465fe47b6f93fa48b380b207b603be121e4,2026-08-05T23:38:34+08:00,feat(config): reject segmentation_factor != 1 instead of ignoring it,accuracy,torch,matlab_reference,interference,1,correlation,0.9999999263836234,ok,
forward,6,07ba346,07ba3465fe47b6f93fa48b380b207b603be121e4,2026-08-05T23:38:34+08:00,feat(config): reject segmentation_factor != 1 instead of ignoring it,accuracy,torch,matlab_reference,interference,1,rms_ratio,1.0025657457290271,ok,
forward,6,07ba346,07ba3465fe47b6f93fa48b380b207b603be121e4,2026-08-05T23:38:34+08:00,feat(config): reject segmentation_factor != 1 instead of ignoring it,accuracy,torch,matlab_reference,interference,1,gain_error,6.440769053650541e-07,ok,
forward,6,07ba346,07ba3465fe47b6f93fa48b380b207b603be121e4,2026-08-05T23:38:34+08:00,feat(config): reject segmentation_factor != 1 instead of ignoring it,accuracy,torch,matlab_reference,artifacts,0,correlation,0.9999966888306028,ok,
forward,6,07ba346,07ba3465fe47b6f93fa48b380b207b603be121e4,2026-08-05T23:38:34+08:00,feat(config): reject segmentation_factor != 1 instead of ignoring it,accuracy,torch,matlab_reference,artifacts,0,rms_ratio,1.0025535192947945,ok,
forward,6,07ba346,07ba3465fe47b6f93fa48b380b207b603be121e4,2026-08-05T23:38:34+08:00,feat(config): reject segmentation_factor != 1 instead of ignoring it,accuracy,torch,matlab_reference,artifacts,0,gain_error,-1.1551075541627043e-05,ok,
forward,6,07ba346,07ba3465fe47b6f93fa48b380b207b603be121e4,2026-08-05T23:38:34+08:00,feat(config): reject segmentation_factor != 1 instead of ignoring it,accuracy,torch,matlab_reference,artifacts,1,correlation,0.9999967264080857,ok,
forward,6,07ba346,07ba3465fe47b6f93fa48b380b207b603be121e4,2026-08-05T23:38:34+08:00,feat(config): reject segmentation_factor != 1 instead of ignoring it,accuracy,torch,matlab_reference,artifacts,1,rms_ratio,1.0025623183794214,ok,
forward,6,07ba346,07ba3465fe47b6f93fa48b380b207b603be121e4,2026-08-05T23:38:34+08:00,feat(config): reject segmentation_factor != 1 instead of ignoring it,accuracy,torch,matlab_reference,artifacts,1,gain_error,-2.7745036991211336e-06,ok,
forward,6,07ba346,07ba3465fe47b6f93fa48b380b207b603be121e4,2026-08-05T23:38:34+08:00,feat(config): reject segmentation_factor != 1 instead of ignoring it,score,numpy,matlab_reference,,,overall_perceptual_score,17.66562065805139,ok,
forward,6,07ba346,07ba3465fe47b6f93fa48b380b207b603be121e4,2026-08-05T23:38:34+08:00,feat(config): reject segmentation_factor != 1 instead of ignoring it,score,numpy,matlab_reference,,,target_perceptual_score,60.99054480411449,ok,
forward,6,07ba346,07ba3465fe47b6f93fa48b380b207b603be121e4,2026-08-05T23:38:34+08:00,feat(config): reject segmentation_factor != 1 instead of ignoring it,score,numpy,matlab_reference,,,interference_perceptual_score,20.484111933216646,ok,
forward,6,07ba346,07ba3465fe47b6f93fa48b380b207b603be121e4,2026-08-05T23:38:34+08:00,feat(config): reject segmentation_factor != 1 instead of ignoring it,score,numpy,matlab_reference,,,artifact_perceptual_score,76.30119318633754,ok,
forward,6,07ba346,07ba3465fe47b6f93fa48b380b207b603be121e4,2026-08-05T23:38:34+08:00,feat(config): reject segmentation_factor != 1 instead of ignoring it,score,numpy,matlab_reference,,,source_to_distortion_ratio,0.9106313299035762,ok,
forward,6,07ba346,07ba3465fe47b6f93fa48b380b207b603be121e4,2026-08-05T23:38:34+08:00,feat(config): reject segmentation_factor != 1 instead of ignoring it,score,numpy,matlab_reference,,,source_to_spatial_distortion_ratio,7.518381807701671,ok,
forward,6,07ba346,07ba3465fe47b6f93fa48b380b207b603be121e4,2026-08-05T23:38:34+08:00,feat(config): reject segmentation_factor != 1 instead of ignoring it,score,numpy,matlab_reference,,,source_to_interference_ratio,-0.3706651105782787,ok,
forward,6,07ba346,07ba3465fe47b6f93fa48b380b207b603be121e4,2026-08-05T23:38:34+08:00,feat(config): reject segmentation_factor != 1 instead of ignoring it,score,numpy,matlab_reference,,,source_to_artifacts_ratio,19.35929547650323,ok,
forward,6,07ba346,07ba3465fe47b6f93fa48b380b207b603be121e4,2026-08-05T23:38:34+08:00,feat(config): reject segmentation_factor != 1 instead of ignoring it,score,torch,matlab_reference,,,overall_perceptual_score,17.665736255883115,ok,
forward,6,07ba346,07ba3465fe47b6f93fa48b380b207b603be121e4,2026-08-05T23:38:34+08:00,feat(config): reject segmentation_factor != 1 instead of ignoring it,score,torch,matlab_reference,,,target_perceptual_score,60.990576815218624,ok,
forward,6,07ba346,07ba3465fe47b6f93fa48b380b207b603be121e4,2026-08-05T23:38:34+08:00,feat(config): reject segmentation_factor != 1 instead of ignoring it,score,torch,matlab_reference,,,interference_perceptual_score,20.484476216858663,ok,
forward,6,07ba346,07ba3465fe47b6f93fa48b380b207b603be121e4,2026-08-05T23:38:34+08:00,feat(config): reject segmentation_factor != 1 instead of ignoring it,score,torch,matlab_reference,,,artifact_perceptual_score,76.3011889966341,ok,
forward,6,07ba346,07ba3465fe47b6f93fa48b380b207b603be121e4,2026-08-05T23:38:34+08:00,feat(config): reject segmentation_factor != 1 instead of ignoring it,score,torch,matlab_reference,,,source_to_distortion_ratio,0.9106297010223495,ok,
forward,6,07ba346,07ba3465fe47b6f93fa48b380b207b603be121e4,2026-08-05T23:38:34+08:00,feat(config): reject segmentation_factor != 1 instead of ignoring it,score,torch,matlab_reference,,,source_to_spatial_distortion_ratio,7.518377743597347,ok,
forward,6,07ba346,07ba3465fe47b6f93fa48b380b207b603be121e4,2026-08-05T23:38:34+08:00,feat(config): reject segmentation_factor != 1 instead of ignoring it,score,torch,matlab_reference,,,source_to_interference_ratio,-0.3706691304458897,ok,
forward,6,07ba346,07ba3465fe47b6f93fa48b380b207b603be121e4,2026-08-05T23:38:34+08:00,feat(config): reject segmentation_factor != 1 instead of ignoring it,score,torch,matlab_reference,,,source_to_artifacts_ratio,19.35929606632414,ok,
forward,6,07ba346,07ba3465fe47b6f93fa48b380b207b603be121e4,2026-08-05T23:38:34+08:00,feat(config): reject segmentation_factor != 1 instead of ignoring it,timing,numpy,mono,,,median_seconds,3.1615656996145844,ok,
forward,6,07ba346,07ba3465fe47b6f93fa48b380b207b603be121e4,2026-08-05T23:38:34+08:00,feat(config): reject segmentation_factor != 1 instead of ignoring it,timing,numpy,mono,,,min_seconds,2.958233699668199,ok,
forward,6,07ba346,07ba3465fe47b6f93fa48b380b207b603be121e4,2026-08-05T23:38:34+08:00,feat(config): reject segmentation_factor != 1 instead of ignoring it,timing,numpy,mono,,,audio_seconds,5.0,ok,
forward,6,07ba346,07ba3465fe47b6f93fa48b380b207b603be121e4,2026-08-05T23:38:34+08:00,feat(config): reject segmentation_factor != 1 instead of ignoring it,timing,numpy,mono,,,seconds_per_audio_second,0.6323131399229169,ok,
forward,6,07ba346,07ba3465fe47b6f93fa48b380b207b603be121e4,2026-08-05T23:38:34+08:00,feat(config): reject segmentation_factor != 1 instead of ignoring it,timing,numpy,mono,,,realtime_factor,1.5814948905251385,ok,
forward,6,07ba346,07ba3465fe47b6f93fa48b380b207b603be121e4,2026-08-05T23:38:34+08:00,feat(config): reject segmentation_factor != 1 instead of ignoring it,timing,numpy,mono,,,spread_pct,18.074873545755693,ok,
forward,6,07ba346,07ba3465fe47b6f93fa48b380b207b603be121e4,2026-08-05T23:38:34+08:00,feat(config): reject segmentation_factor != 1 instead of ignoring it,timing,numpy,stereo,,,median_seconds,5.473566999658942,ok,
forward,6,07ba346,07ba3465fe47b6f93fa48b380b207b603be121e4,2026-08-05T23:38:34+08:00,feat(config): reject segmentation_factor != 1 instead of ignoring it,timing,numpy,stereo,,,min_seconds,5.451262299902737,ok,
forward,6,07ba346,07ba3465fe47b6f93fa48b380b207b603be121e4,2026-08-05T23:38:34+08:00,feat(config): reject segmentation_factor != 1 instead of ignoring it,timing,numpy,stereo,,,audio_seconds,5.0,ok,
forward,6,07ba346,07ba3465fe47b6f93fa48b380b207b603be121e4,2026-08-05T23:38:34+08:00,feat(config): reject segmentation_factor != 1 instead of ignoring it,timing,numpy,stereo,,,seconds_per_audio_second,1.0947133999317884,ok,
forward,6,07ba346,07ba3465fe47b6f93fa48b380b207b603be121e4,2026-08-05T23:38:34+08:00,feat(config): reject segmentation_factor != 1 instead of ignoring it,timing,numpy,stereo,,,realtime_factor,0.9134810993108424,ok,
forward,6,07ba346,07ba3465fe47b6f93fa48b380b207b603be121e4,2026-08-05T23:38:34+08:00,feat(config): reject segmentation_factor != 1 instead of ignoring it,timing,numpy,stereo,,,spread_pct,2.5962610513368234,ok,
forward,6,07ba346,07ba3465fe47b6f93fa48b380b207b603be121e4,2026-08-05T23:38:34+08:00,feat(config): reject segmentation_factor != 1 instead of ignoring it,timing,torch,mono,,,median_seconds,2.8684673001989722,ok,
forward,6,07ba346,07ba3465fe47b6f93fa48b380b207b603be121e4,2026-08-05T23:38:34+08:00,feat(config): reject segmentation_factor != 1 instead of ignoring it,timing,torch,mono,,,min_seconds,2.7748583001084626,ok,
forward,6,07ba346,07ba3465fe47b6f93fa48b380b207b603be121e4,2026-08-05T23:38:34+08:00,feat(config): reject segmentation_factor != 1 instead of ignoring it,timing,torch,mono,,,audio_seconds,5.0,ok,
forward,6,07ba346,07ba3465fe47b6f93fa48b380b207b603be121e4,2026-08-05T23:38:34+08:00,feat(config): reject segmentation_factor != 1 instead of ignoring it,timing,torch,mono,,,seconds_per_audio_second,0.5736934600397945,ok,
forward,6,07ba346,07ba3465fe47b6f93fa48b380b207b603be121e4,2026-08-05T23:38:34+08:00,feat(config): reject segmentation_factor != 1 instead of ignoring it,timing,torch,mono,,,realtime_factor,1.7430911621872676,ok,
forward,6,07ba346,07ba3465fe47b6f93fa48b380b207b603be121e4,2026-08-05T23:38:34+08:00,feat(config): reject segmentation_factor != 1 instead of ignoring it,timing,torch,mono,,,spread_pct,12.587572485820969,ok,
forward,6,07ba346,07ba3465fe47b6f93fa48b380b207b603be121e4,2026-08-05T23:38:34+08:00,feat(config): reject segmentation_factor != 1 instead of ignoring it,timing,torch,stereo,,,median_seconds,7.27285150019452,ok,
forward,6,07ba346,07ba3465fe47b6f93fa48b380b207b603be121e4,2026-08-05T23:38:34+08:00,feat(config): reject segmentation_factor != 1 instead of ignoring it,timing,torch,stereo,,,min_seconds,7.213980400003493,ok,
forward,6,07ba346,07ba3465fe47b6f93fa48b380b207b603be121e4,2026-08-05T23:38:34+08:00,feat(config): reject segmentation_factor != 1 instead of ignoring it,timing,torch,stereo,,,audio_seconds,5.0,ok,
forward,6,07ba346,07ba3465fe47b6f93fa48b380b207b603be121e4,2026-08-05T23:38:34+08:00,feat(config): reject segmentation_factor != 1 instead of ignoring it,timing,torch,stereo,,,seconds_per_audio_second,1.4545703000389039,ok,
forward,6,07ba346,07ba3465fe47b6f93fa48b380b207b603be121e4,2026-08-05T23:38:34+08:00,feat(config): reject segmentation_factor != 1 instead of ignoring it,timing,torch,stereo,,,realtime_factor,0.6874882568228252,ok,
forward,6,07ba346,07ba3465fe47b6f93fa48b380b207b603be121e4,2026-08-05T23:38:34+08:00,feat(config): reject segmentation_factor != 1 instead of ignoring it,timing,torch,stereo,,,spread_pct,3.376055751846336,ok,
forward,7,4ab223a,4ab223a9451a8a6980189fcaaa25044c3c3d1dc0,2026-08-05T12:20:30+08:00,fix: MATLAB-parity ERB form and shade window; lock the resampler gain offset,meta,,,,,measured,1,ok,
forward,7,4ab223a,4ab223a9451a8a6980189fcaaa25044c3c3d1dc0,2026-08-05T12:20:30+08:00,fix: MATLAB-parity ERB form and shade window; lock the resampler gain offset,accuracy,numpy,matlab_reference,true_target,0,correlation,0.9999999561961297,ok,
forward,7,4ab223a,4ab223a9451a8a6980189fcaaa25044c3c3d1dc0,2026-08-05T12:20:30+08:00,fix: MATLAB-parity ERB form and shade window; lock the resampler gain offset,accuracy,numpy,matlab_reference,true_target,0,rms_ratio,1.0025656261838365,ok,
forward,7,4ab223a,4ab223a9451a8a6980189fcaaa25044c3c3d1dc0,2026-08-05T12:20:30+08:00,fix: MATLAB-parity ERB form and shade window; lock the resampler gain offset,accuracy,numpy,matlab_reference,true_target,0,gain_error,5.248375756217172e-07,ok,
forward,7,4ab223a,4ab223a9451a8a6980189fcaaa25044c3c3d1dc0,2026-08-05T12:20:30+08:00,fix: MATLAB-parity ERB form and shade window; lock the resampler gain offset,accuracy,numpy,matlab_reference,true_target,1,correlation,0.9999999564923208,ok,
forward,7,4ab223a,4ab223a9451a8a6980189fcaaa25044c3c3d1dc0,2026-08-05T12:20:30+08:00,fix: MATLAB-parity ERB form and shade window; lock the resampler gain offset,accuracy,numpy,matlab_reference,true_target,1,rms_ratio,1.0025642097271241,ok,
forward,7,4ab223a,4ab223a9451a8a6980189fcaaa25044c3c3d1dc0,2026-08-05T12:20:30+08:00,fix: MATLAB-parity ERB form and shade window; lock the resampler gain offset,accuracy,numpy,matlab_reference,true_target,1,gain_error,-8.879950796902847e-07,ok,
forward,7,4ab223a,4ab223a9451a8a6980189fcaaa25044c3c3d1dc0,2026-08-05T12:20:30+08:00,fix: MATLAB-parity ERB form and shade window; lock the resampler gain offset,accuracy,numpy,matlab_reference,target_distortion,0,correlation,0.9999997518159536,ok,
forward,7,4ab223a,4ab223a9451a8a6980189fcaaa25044c3c3d1dc0,2026-08-05T12:20:30+08:00,fix: MATLAB-parity ERB form and shade window; lock the resampler gain offset,accuracy,numpy,matlab_reference,target_distortion,0,rms_ratio,1.0025638121205547,ok,
forward,7,4ab223a,4ab223a9451a8a6980189fcaaa25044c3c3d1dc0,2026-08-05T12:20:30+08:00,fix: MATLAB-parity ERB form and shade window; lock the resampler gain offset,accuracy,numpy,matlab_reference,target_distortion,0,gain_error,-1.2845843579967209e-06,ok,
forward,7,4ab223a,4ab223a9451a8a6980189fcaaa25044c3c3d1dc0,2026-08-05T12:20:30+08:00,fix: MATLAB-parity ERB form and shade window; lock the resampler gain offset,accuracy,numpy,matlab_reference,target_distortion,1,correlation,0.9999997569262896,ok,
forward,7,4ab223a,4ab223a9451a8a6980189fcaaa25044c3c3d1dc0,2026-08-05T12:20:30+08:00,fix: MATLAB-parity ERB form and shade window; lock the resampler gain offset,accuracy,numpy,matlab_reference,target_distortion,1,rms_ratio,1.0025641088580592,ok,
forward,7,4ab223a,4ab223a9451a8a6980189fcaaa25044c3c3d1dc0,2026-08-05T12:20:30+08:00,fix: MATLAB-parity ERB form and shade window; lock the resampler gain offset,accuracy,numpy,matlab_reference,target_distortion,1,gain_error,-9.886060673425234e-07,ok,
forward,7,4ab223a,4ab223a9451a8a6980189fcaaa25044c3c3d1dc0,2026-08-05T12:20:30+08:00,fix: MATLAB-parity ERB form and shade window; lock the resampler gain offset,accuracy,numpy,matlab_reference,interference,0,correlation,0.9999999303721785,ok,
forward,7,4ab223a,4ab223a9451a8a6980189fcaaa25044c3c3d1dc0,2026-08-05T12:20:30+08:00,fix: MATLAB-parity ERB form and shade window; lock the resampler gain offset,accuracy,numpy,matlab_reference,interference,0,rms_ratio,1.0025655710266075,ok,
forward,7,4ab223a,4ab223a9451a8a6980189fcaaa25044c3c3d1dc0,2026-08-05T12:20:30+08:00,fix: MATLAB-parity ERB form and shade window; lock the resampler gain offset,accuracy,numpy,matlab_reference,interference,0,gain_error,4.698214683962476e-07,ok,
forward,7,4ab223a,4ab223a9451a8a6980189fcaaa25044c3c3d1dc0,2026-08-05T12:20:30+08:00,fix: MATLAB-parity ERB form and shade window; lock the resampler gain offset,accuracy,numpy,matlab_reference,interference,1,correlation,0.9999999264069921,ok,
forward,7,4ab223a,4ab223a9451a8a6980189fcaaa25044c3c3d1dc0,2026-08-05T12:20:30+08:00,fix: MATLAB-parity ERB form and shade window; lock the resampler gain offset,accuracy,numpy,matlab_reference,interference,1,rms_ratio,1.002565425814013,ok,
forward,7,4ab223a,4ab223a9451a8a6980189fcaaa25044c3c3d1dc0,2026-08-05T12:20:30+08:00,fix: MATLAB-parity ERB form and shade window; lock the resampler gain offset,accuracy,numpy,matlab_reference,interference,1,gain_error,3.249804059191064e-07,ok,
forward,7,4ab223a,4ab223a9451a8a6980189fcaaa25044c3c3d1dc0,2026-08-05T12:20:30+08:00,fix: MATLAB-parity ERB form and shade window; lock the resampler gain offset,accuracy,numpy,matlab_reference,artifacts,0,correlation,0.9999966892925429,ok,
forward,7,4ab223a,4ab223a9451a8a6980189fcaaa25044c3c3d1dc0,2026-08-05T12:20:30+08:00,fix: MATLAB-parity ERB form and shade window; lock the resampler gain offset,accuracy,numpy,matlab_reference,artifacts,0,rms_ratio,1.0025533527322847,ok,
forward,7,4ab223a,4ab223a9451a8a6980189fcaaa25044c3c3d1dc0,2026-08-05T12:20:30+08:00,fix: MATLAB-parity ERB form and shade window; lock the resampler gain offset,accuracy,numpy,matlab_reference,artifacts,0,gain_error,-1.1717211894968216e-05,ok,
forward,7,4ab223a,4ab223a9451a8a6980189fcaaa25044c3c3d1dc0,2026-08-05T12:20:30+08:00,fix: MATLAB-parity ERB form and shade window; lock the resampler gain offset,accuracy,numpy,matlab_reference,artifacts,1,correlation,0.9999967267532084,ok,
forward,7,4ab223a,4ab223a9451a8a6980189fcaaa25044c3c3d1dc0,2026-08-05T12:20:30+08:00,fix: MATLAB-parity ERB form and shade window; lock the resampler gain offset,accuracy,numpy,matlab_reference,artifacts,1,rms_ratio,1.002562156768173,ok,
forward,7,4ab223a,4ab223a9451a8a6980189fcaaa25044c3c3d1dc0,2026-08-05T12:20:30+08:00,fix: MATLAB-parity ERB form and shade window; lock the resampler gain offset,accuracy,numpy,matlab_reference,artifacts,1,gain_error,-2.9357014591502306e-06,ok,
forward,7,4ab223a,4ab223a9451a8a6980189fcaaa25044c3c3d1dc0,2026-08-05T12:20:30+08:00,fix: MATLAB-parity ERB form and shade window; lock the resampler gain offset,accuracy,torch,matlab_reference,true_target,0,correlation,0.9999999561885166,ok,
forward,7,4ab223a,4ab223a9451a8a6980189fcaaa25044c3c3d1dc0,2026-08-05T12:20:30+08:00,fix: MATLAB-parity ERB form and shade window; lock the resampler gain offset,accuracy,torch,matlab_reference,true_target,0,rms_ratio,1.0025657316271908,ok,
forward,7,4ab223a,4ab223a9451a8a6980189fcaaa25044c3c3d1dc0,2026-08-05T12:20:30+08:00,fix: MATLAB-parity ERB form and shade window; lock the resampler gain offset,accuracy,torch,matlab_reference,true_target,0,gain_error,6.300111492496541e-07,ok,
forward,7,4ab223a,4ab223a9451a8a6980189fcaaa25044c3c3d1dc0,2026-08-05T12:20:30+08:00,fix: MATLAB-parity ERB form and shade window; lock the resampler gain offset,accuracy,torch,matlab_reference,true_target,1,correlation,0.9999999564837455,ok,
forward,7,4ab223a,4ab223a9451a8a6980189fcaaa25044c3c3d1dc0,2026-08-05T12:20:30+08:00,fix: MATLAB-parity ERB form and shade window; lock the resampler gain offset,accuracy,torch,matlab_reference,true_target,1,rms_ratio,1.002564304169246,ok,
forward,7,4ab223a,4ab223a9451a8a6980189fcaaa25044c3c3d1dc0,2026-08-05T12:20:30+08:00,fix: MATLAB-parity ERB form and shade window; lock the resampler gain offset,accuracy,torch,matlab_reference,true_target,1,gain_error,-7.93794591502639e-07,ok,
forward,7,4ab223a,4ab223a9451a8a6980189fcaaa25044c3c3d1dc0,2026-08-05T12:20:30+08:00,fix: MATLAB-parity ERB form and shade window; lock the resampler gain offset,accuracy,torch,matlab_reference,target_distortion,0,correlation,0.999999751720283,ok,
forward,7,4ab223a,4ab223a9451a8a6980189fcaaa25044c3c3d1dc0,2026-08-05T12:20:30+08:00,fix: MATLAB-parity ERB form and shade window; lock the resampler gain offset,accuracy,torch,matlab_reference,target_distortion,0,rms_ratio,1.0025644952899782,ok,
forward,7,4ab223a,4ab223a9451a8a6980189fcaaa25044c3c3d1dc0,2026-08-05T12:20:30+08:00,fix: MATLAB-parity ERB form and shade window; lock the resampler gain offset,accuracy,torch,matlab_reference,target_distortion,0,gain_error,-6.031628487779273e-07,ok,
forward,7,4ab223a,4ab223a9451a8a6980189fcaaa25044c3c3d1dc0,2026-08-05T12:20:30+08:00,fix: MATLAB-parity ERB form and shade window; lock the resampler gain offset,accuracy,torch,matlab_reference,target_distortion,1,correlation,0.9999997568730778,ok,
forward,7,4ab223a,4ab223a9451a8a6980189fcaaa25044c3c3d1dc0,2026-08-05T12:20:30+08:00,fix: MATLAB-parity ERB form and shade window; lock the resampler gain offset,accuracy,torch,matlab_reference,target_distortion,1,rms_ratio,1.0025645659618696,ok,
forward,7,4ab223a,4ab223a9451a8a6980189fcaaa25044c3c3d1dc0,2026-08-05T12:20:30+08:00,fix: MATLAB-parity ERB form and shade window; lock the resampler gain offset,accuracy,torch,matlab_reference,target_distortion,1,gain_error,-5.326717740228304e-07,ok,
forward,7,4ab223a,4ab223a9451a8a6980189fcaaa25044c3c3d1dc0,2026-08-05T12:20:30+08:00,fix: MATLAB-parity ERB form and shade window; lock the resampler gain offset,accuracy,torch,matlab_reference,interference,0,correlation,0.9999999303372875,ok,
forward,7,4ab223a,4ab223a9451a8a6980189fcaaa25044c3c3d1dc0,2026-08-05T12:20:30+08:00,fix: MATLAB-parity ERB form and shade window; lock the resampler gain offset,accuracy,torch,matlab_reference,interference,0,rms_ratio,1.0025659561314209,ok,
forward,7,4ab223a,4ab223a9451a8a6980189fcaaa25044c3c3d1dc0,2026-08-05T12:20:30+08:00,fix: MATLAB-parity ERB form and shade window; lock the resampler gain offset,accuracy,torch,matlab_reference,interference,0,gain_error,8.539409768193451e-07,ok,
forward,7,4ab223a,4ab223a9451a8a6980189fcaaa25044c3c3d1dc0,2026-08-05T12:20:30+08:00,fix: MATLAB-parity ERB form and shade window; lock the resampler gain offset,accuracy,torch,matlab_reference,interference,1,correlation,0.9999999263836234,ok,
forward,7,4ab223a,4ab223a9451a8a6980189fcaaa25044c3c3d1dc0,2026-08-05T12:20:30+08:00,fix: MATLAB-parity ERB form and shade window; lock the resampler gain offset,accuracy,torch,matlab_reference,interference,1,rms_ratio,1.0025657457290271,ok,
forward,7,4ab223a,4ab223a9451a8a6980189fcaaa25044c3c3d1dc0,2026-08-05T12:20:30+08:00,fix: MATLAB-parity ERB form and shade window; lock the resampler gain offset,accuracy,torch,matlab_reference,interference,1,gain_error,6.440769053650541e-07,ok,
forward,7,4ab223a,4ab223a9451a8a6980189fcaaa25044c3c3d1dc0,2026-08-05T12:20:30+08:00,fix: MATLAB-parity ERB form and shade window; lock the resampler gain offset,accuracy,torch,matlab_reference,artifacts,0,correlation,0.9999966888306028,ok,
forward,7,4ab223a,4ab223a9451a8a6980189fcaaa25044c3c3d1dc0,2026-08-05T12:20:30+08:00,fix: MATLAB-parity ERB form and shade window; lock the resampler gain offset,accuracy,torch,matlab_reference,artifacts,0,rms_ratio,1.0025535192947945,ok,
forward,7,4ab223a,4ab223a9451a8a6980189fcaaa25044c3c3d1dc0,2026-08-05T12:20:30+08:00,fix: MATLAB-parity ERB form and shade window; lock the resampler gain offset,accuracy,torch,matlab_reference,artifacts,0,gain_error,-1.1551075541627043e-05,ok,
forward,7,4ab223a,4ab223a9451a8a6980189fcaaa25044c3c3d1dc0,2026-08-05T12:20:30+08:00,fix: MATLAB-parity ERB form and shade window; lock the resampler gain offset,accuracy,torch,matlab_reference,artifacts,1,correlation,0.9999967264080857,ok,
forward,7,4ab223a,4ab223a9451a8a6980189fcaaa25044c3c3d1dc0,2026-08-05T12:20:30+08:00,fix: MATLAB-parity ERB form and shade window; lock the resampler gain offset,accuracy,torch,matlab_reference,artifacts,1,rms_ratio,1.0025623183794214,ok,
forward,7,4ab223a,4ab223a9451a8a6980189fcaaa25044c3c3d1dc0,2026-08-05T12:20:30+08:00,fix: MATLAB-parity ERB form and shade window; lock the resampler gain offset,accuracy,torch,matlab_reference,artifacts,1,gain_error,-2.7745036991211336e-06,ok,
forward,7,4ab223a,4ab223a9451a8a6980189fcaaa25044c3c3d1dc0,2026-08-05T12:20:30+08:00,fix: MATLAB-parity ERB form and shade window; lock the resampler gain offset,score,numpy,matlab_reference,,,overall_perceptual_score,17.66562065805139,ok,
forward,7,4ab223a,4ab223a9451a8a6980189fcaaa25044c3c3d1dc0,2026-08-05T12:20:30+08:00,fix: MATLAB-parity ERB form and shade window; lock the resampler gain offset,score,numpy,matlab_reference,,,target_perceptual_score,60.99054480411449,ok,
forward,7,4ab223a,4ab223a9451a8a6980189fcaaa25044c3c3d1dc0,2026-08-05T12:20:30+08:00,fix: MATLAB-parity ERB form and shade window; lock the resampler gain offset,score,numpy,matlab_reference,,,interference_perceptual_score,20.484111933216646,ok,
forward,7,4ab223a,4ab223a9451a8a6980189fcaaa25044c3c3d1dc0,2026-08-05T12:20:30+08:00,fix: MATLAB-parity ERB form and shade window; lock the resampler gain offset,score,numpy,matlab_reference,,,artifact_perceptual_score,76.30119318633754,ok,
forward,7,4ab223a,4ab223a9451a8a6980189fcaaa25044c3c3d1dc0,2026-08-05T12:20:30+08:00,fix: MATLAB-parity ERB form and shade window; lock the resampler gain offset,score,numpy,matlab_reference,,,source_to_distortion_ratio,0.9106313299035762,ok,
forward,7,4ab223a,4ab223a9451a8a6980189fcaaa25044c3c3d1dc0,2026-08-05T12:20:30+08:00,fix: MATLAB-parity ERB form and shade window; lock the resampler gain offset,score,numpy,matlab_reference,,,source_to_spatial_distortion_ratio,7.518381807701671,ok,
forward,7,4ab223a,4ab223a9451a8a6980189fcaaa25044c3c3d1dc0,2026-08-05T12:20:30+08:00,fix: MATLAB-parity ERB form and shade window; lock the resampler gain offset,score,numpy,matlab_reference,,,source_to_interference_ratio,-0.3706651105782787,ok,
forward,7,4ab223a,4ab223a9451a8a6980189fcaaa25044c3c3d1dc0,2026-08-05T12:20:30+08:00,fix: MATLAB-parity ERB form and shade window; lock the resampler gain offset,score,numpy,matlab_reference,,,source_to_artifacts_ratio,19.35929547650323,ok,
forward,7,4ab223a,4ab223a9451a8a6980189fcaaa25044c3c3d1dc0,2026-08-05T12:20:30+08:00,fix: MATLAB-parity ERB form and shade window; lock the resampler gain offset,score,torch,matlab_reference,,,overall_perceptual_score,17.665736255883115,ok,
forward,7,4ab223a,4ab223a9451a8a6980189fcaaa25044c3c3d1dc0,2026-08-05T12:20:30+08:00,fix: MATLAB-parity ERB form and shade window; lock the resampler gain offset,score,torch,matlab_reference,,,target_perceptual_score,60.990576815218624,ok,
forward,7,4ab223a,4ab223a9451a8a6980189fcaaa25044c3c3d1dc0,2026-08-05T12:20:30+08:00,fix: MATLAB-parity ERB form and shade window; lock the resampler gain offset,score,torch,matlab_reference,,,interference_perceptual_score,20.484476216858663,ok,
forward,7,4ab223a,4ab223a9451a8a6980189fcaaa25044c3c3d1dc0,2026-08-05T12:20:30+08:00,fix: MATLAB-parity ERB form and shade window; lock the resampler gain offset,score,torch,matlab_reference,,,artifact_perceptual_score,76.3011889966341,ok,
forward,7,4ab223a,4ab223a9451a8a6980189fcaaa25044c3c3d1dc0,2026-08-05T12:20:30+08:00,fix: MATLAB-parity ERB form and shade window; lock the resampler gain offset,score,torch,matlab_reference,,,source_to_distortion_ratio,0.9106297010223495,ok,
forward,7,4ab223a,4ab223a9451a8a6980189fcaaa25044c3c3d1dc0,2026-08-05T12:20:30+08:00,fix: MATLAB-parity ERB form and shade window; lock the resampler gain offset,score,torch,matlab_reference,,,source_to_spatial_distortion_ratio,7.518377743597347,ok,
forward,7,4ab223a,4ab223a9451a8a6980189fcaaa25044c3c3d1dc0,2026-08-05T12:20:30+08:00,fix: MATLAB-parity ERB form and shade window; lock the resampler gain offset,score,torch,matlab_reference,,,source_to_interference_ratio,-0.3706691304458897,ok,
forward,7,4ab223a,4ab223a9451a8a6980189fcaaa25044c3c3d1dc0,2026-08-05T12:20:30+08:00,fix: MATLAB-parity ERB form and shade window; lock the resampler gain offset,score,torch,matlab_reference,,,source_to_artifacts_ratio,19.35929606632414,ok,
forward,7,4ab223a,4ab223a9451a8a6980189fcaaa25044c3c3d1dc0,2026-08-05T12:20:30+08:00,fix: MATLAB-parity ERB form and shade window; lock the resampler gain offset,timing,numpy,mono,,,median_seconds,3.061399199999869,ok,
forward,7,4ab223a,4ab223a9451a8a6980189fcaaa25044c3c3d1dc0,2026-08-05T12:20:30+08:00,fix: MATLAB-parity ERB form and shade window; lock the resampler gain offset,timing,numpy,mono,,,min_seconds,3.0094800000078976,ok,
forward,7,4ab223a,4ab223a9451a8a6980189fcaaa25044c3c3d1dc0,2026-08-05T12:20:30+08:00,fix: MATLAB-parity ERB form and shade window; lock the resampler gain offset,timing,numpy,mono,,,audio_seconds,5.0,ok,
forward,7,4ab223a,4ab223a9451a8a6980189fcaaa25044c3c3d1dc0,2026-08-05T12:20:30+08:00,fix: MATLAB-parity ERB form and shade window; lock the resampler gain offset,timing,numpy,mono,,,seconds_per_audio_second,0.6122798399999738,ok,
forward,7,4ab223a,4ab223a9451a8a6980189fcaaa25044c3c3d1dc0,2026-08-05T12:20:30+08:00,fix: MATLAB-parity ERB form and shade window; lock the resampler gain offset,timing,numpy,mono,,,realtime_factor,1.6332401210532146,ok,
forward,7,4ab223a,4ab223a9451a8a6980189fcaaa25044c3c3d1dc0,2026-08-05T12:20:30+08:00,fix: MATLAB-parity ERB form and shade window; lock the resampler gain offset,timing,numpy,mono,,,spread_pct,11.195844470039242,ok,
forward,7,4ab223a,4ab223a9451a8a6980189fcaaa25044c3c3d1dc0,2026-08-05T12:20:30+08:00,fix: MATLAB-parity ERB form and shade window; lock the resampler gain offset,timing,numpy,stereo,,,median_seconds,5.7766626002267,ok,
forward,7,4ab223a,4ab223a9451a8a6980189fcaaa25044c3c3d1dc0,2026-08-05T12:20:30+08:00,fix: MATLAB-parity ERB form and shade window; lock the resampler gain offset,timing,numpy,stereo,,,min_seconds,5.6479638000018895,ok,
forward,7,4ab223a,4ab223a9451a8a6980189fcaaa25044c3c3d1dc0,2026-08-05T12:20:30+08:00,fix: MATLAB-parity ERB form and shade window; lock the resampler gain offset,timing,numpy,stereo,,,audio_seconds,5.0,ok,
forward,7,4ab223a,4ab223a9451a8a6980189fcaaa25044c3c3d1dc0,2026-08-05T12:20:30+08:00,fix: MATLAB-parity ERB form and shade window; lock the resampler gain offset,timing,numpy,stereo,,,seconds_per_audio_second,1.1553325200453402,ok,
forward,7,4ab223a,4ab223a9451a8a6980189fcaaa25044c3c3d1dc0,2026-08-05T12:20:30+08:00,fix: MATLAB-parity ERB form and shade window; lock the resampler gain offset,timing,numpy,stereo,,,realtime_factor,0.8655516768114134,ok,
forward,7,4ab223a,4ab223a9451a8a6980189fcaaa25044c3c3d1dc0,2026-08-05T12:20:30+08:00,fix: MATLAB-parity ERB form and shade window; lock the resampler gain offset,timing,numpy,stereo,,,spread_pct,3.896611374820827,ok,
forward,7,4ab223a,4ab223a9451a8a6980189fcaaa25044c3c3d1dc0,2026-08-05T12:20:30+08:00,fix: MATLAB-parity ERB form and shade window; lock the resampler gain offset,timing,torch,mono,,,median_seconds,2.8354680999182165,ok,
forward,7,4ab223a,4ab223a9451a8a6980189fcaaa25044c3c3d1dc0,2026-08-05T12:20:30+08:00,fix: MATLAB-parity ERB form and shade window; lock the resampler gain offset,timing,torch,mono,,,min_seconds,2.800019099842757,ok,
forward,7,4ab223a,4ab223a9451a8a6980189fcaaa25044c3c3d1dc0,2026-08-05T12:20:30+08:00,fix: MATLAB-parity ERB form and shade window; lock the resampler gain offset,timing,torch,mono,,,audio_seconds,5.0,ok,
forward,7,4ab223a,4ab223a9451a8a6980189fcaaa25044c3c3d1dc0,2026-08-05T12:20:30+08:00,fix: MATLAB-parity ERB form and shade window; lock the resampler gain offset,timing,torch,mono,,,seconds_per_audio_second,0.5670936199836433,ok,
forward,7,4ab223a,4ab223a9451a8a6980189fcaaa25044c3c3d1dc0,2026-08-05T12:20:30+08:00,fix: MATLAB-parity ERB form and shade window; lock the resampler gain offset,timing,torch,mono,,,realtime_factor,1.7633772709854205,ok,
forward,7,4ab223a,4ab223a9451a8a6980189fcaaa25044c3c3d1dc0,2026-08-05T12:20:30+08:00,fix: MATLAB-parity ERB form and shade window; lock the resampler gain offset,timing,torch,mono,,,spread_pct,3.390169743508982,ok,
forward,7,4ab223a,4ab223a9451a8a6980189fcaaa25044c3c3d1dc0,2026-08-05T12:20:30+08:00,fix: MATLAB-parity ERB form and shade window; lock the resampler gain offset,timing,torch,stereo,,,median_seconds,7.2724224999547005,ok,
forward,7,4ab223a,4ab223a9451a8a6980189fcaaa25044c3c3d1dc0,2026-08-05T12:20:30+08:00,fix: MATLAB-parity ERB form and shade window; lock the resampler gain offset,timing,torch,stereo,,,min_seconds,6.9089146996848285,ok,
forward,7,4ab223a,4ab223a9451a8a6980189fcaaa25044c3c3d1dc0,2026-08-05T12:20:30+08:00,fix: MATLAB-parity ERB form and shade window; lock the resampler gain offset,timing,torch,stereo,,,audio_seconds,5.0,ok,
forward,7,4ab223a,4ab223a9451a8a6980189fcaaa25044c3c3d1dc0,2026-08-05T12:20:30+08:00,fix: MATLAB-parity ERB form and shade window; lock the resampler gain offset,timing,torch,stereo,,,seconds_per_audio_second,1.45448449999094,ok,
forward,7,4ab223a,4ab223a9451a8a6980189fcaaa25044c3c3d1dc0,2026-08-05T12:20:30+08:00,fix: MATLAB-parity ERB form and shade window; lock the resampler gain offset,timing,torch,stereo,,,realtime_factor,0.6875288117585502,ok,
forward,7,4ab223a,4ab223a9451a8a6980189fcaaa25044c3c3d1dc0,2026-08-05T12:20:30+08:00,fix: MATLAB-parity ERB form and shade window; lock the resampler gain offset,timing,torch,stereo,,,spread_pct,7.53040416361685,ok,
forward,8,26c94a4,26c94a46bebd33c5d84115711bb1796d54932933,2026-08-04T17:54:40+08:00,"fix: stop dispatch importing torch, guard the OpenMP clash in tests",meta,,,,,measured,1,ok,
forward,8,26c94a4,26c94a46bebd33c5d84115711bb1796d54932933,2026-08-04T17:54:40+08:00,"fix: stop dispatch importing torch, guard the OpenMP clash in tests",accuracy,numpy,matlab_reference,true_target,0,correlation,0.999999956097814,ok,
forward,8,26c94a4,26c94a46bebd33c5d84115711bb1796d54932933,2026-08-04T17:54:40+08:00,"fix: stop dispatch importing torch, guard the OpenMP clash in tests",accuracy,numpy,matlab_reference,true_target,0,rms_ratio,1.0025706231995062,ok,
forward,8,26c94a4,26c94a46bebd33c5d84115711bb1796d54932933,2026-08-04T17:54:40+08:00,"fix: stop dispatch importing torch, guard the OpenMP clash in tests",accuracy,numpy,matlab_reference,true_target,0,gain_error,5.5090681954084175e-06,ok,
forward,8,26c94a4,26c94a46bebd33c5d84115711bb1796d54932933,2026-08-04T17:54:40+08:00,"fix: stop dispatch importing torch, guard the OpenMP clash in tests",accuracy,numpy,matlab_reference,true_target,1,correlation,0.9999999564111273,ok,
forward,8,26c94a4,26c94a46bebd33c5d84115711bb1796d54932933,2026-08-04T17:54:40+08:00,"fix: stop dispatch importing torch, guard the OpenMP clash in tests",accuracy,numpy,matlab_reference,true_target,1,rms_ratio,1.0025690082425327,ok,
forward,8,26c94a4,26c94a46bebd33c5d84115711bb1796d54932933,2026-08-04T17:54:40+08:00,"fix: stop dispatch importing torch, guard the OpenMP clash in tests",accuracy,numpy,matlab_reference,true_target,1,gain_error,3.8982431491696445e-06,ok,
forward,8,26c94a4,26c94a46bebd33c5d84115711bb1796d54932933,2026-08-04T17:54:40+08:00,"fix: stop dispatch importing torch, guard the OpenMP clash in tests",accuracy,numpy,matlab_reference,target_distortion,0,correlation,0.9999997508189183,ok,
forward,8,26c94a4,26c94a46bebd33c5d84115711bb1796d54932933,2026-08-04T17:54:40+08:00,"fix: stop dispatch importing torch, guard the OpenMP clash in tests",accuracy,numpy,matlab_reference,target_distortion,0,rms_ratio,1.0025652937671887,ok,
forward,8,26c94a4,26c94a46bebd33c5d84115711bb1796d54932933,2026-08-04T17:54:40+08:00,"fix: stop dispatch importing torch, guard the OpenMP clash in tests",accuracy,numpy,matlab_reference,target_distortion,0,gain_error,1.9327142819491883e-07,ok,
forward,8,26c94a4,26c94a46bebd33c5d84115711bb1796d54932933,2026-08-04T17:54:40+08:00,"fix: stop dispatch importing torch, guard the OpenMP clash in tests",accuracy,numpy,matlab_reference,target_distortion,1,correlation,0.9999997557984993,ok,
forward,8,26c94a4,26c94a46bebd33c5d84115711bb1796d54932933,2026-08-04T17:54:40+08:00,"fix: stop dispatch importing torch, guard the OpenMP clash in tests",accuracy,numpy,matlab_reference,target_distortion,1,rms_ratio,1.0025655321421652,ok,
forward,8,26c94a4,26c94a46bebd33c5d84115711bb1796d54932933,2026-08-04T17:54:40+08:00,"fix: stop dispatch importing torch, guard the OpenMP clash in tests",accuracy,numpy,matlab_reference,target_distortion,1,gain_error,4.310365133708416e-07,ok,
forward,8,26c94a4,26c94a46bebd33c5d84115711bb1796d54932933,2026-08-04T17:54:40+08:00,"fix: stop dispatch importing torch, guard the OpenMP clash in tests",accuracy,numpy,matlab_reference,interference,0,correlation,0.9999999300181494,ok,
forward,8,26c94a4,26c94a46bebd33c5d84115711bb1796d54932933,2026-08-04T17:54:40+08:00,"fix: stop dispatch importing torch, guard the OpenMP clash in tests",accuracy,numpy,matlab_reference,interference,0,rms_ratio,1.0025711943736455,ok,
forward,8,26c94a4,26c94a46bebd33c5d84115711bb1796d54932933,2026-08-04T17:54:40+08:00,"fix: stop dispatch importing torch, guard the OpenMP clash in tests",accuracy,numpy,matlab_reference,interference,0,gain_error,6.0787809643692015e-06,ok,
forward,8,26c94a4,26c94a46bebd33c5d84115711bb1796d54932933,2026-08-04T17:54:40+08:00,"fix: stop dispatch importing torch, guard the OpenMP clash in tests",accuracy,numpy,matlab_reference,interference,1,correlation,0.9999999259976587,ok,
forward,8,26c94a4,26c94a46bebd33c5d84115711bb1796d54932933,2026-08-04T17:54:40+08:00,"fix: stop dispatch importing torch, guard the OpenMP clash in tests",accuracy,numpy,matlab_reference,interference,1,rms_ratio,1.0025716420223452,ok,
forward,8,26c94a4,26c94a46bebd33c5d84115711bb1796d54932933,2026-08-04T17:54:40+08:00,"fix: stop dispatch importing torch, guard the OpenMP clash in tests",accuracy,numpy,matlab_reference,interference,1,gain_error,6.5252843384211445e-06,ok,
forward,8,26c94a4,26c94a46bebd33c5d84115711bb1796d54932933,2026-08-04T17:54:40+08:00,"fix: stop dispatch importing torch, guard the OpenMP clash in tests",accuracy,numpy,matlab_reference,artifacts,0,correlation,0.9999966862367461,ok,
forward,8,26c94a4,26c94a46bebd33c5d84115711bb1796d54932933,2026-08-04T17:54:40+08:00,"fix: stop dispatch importing torch, guard the OpenMP clash in tests",accuracy,numpy,matlab_reference,artifacts,0,rms_ratio,1.0025609267669842,ok,
forward,8,26c94a4,26c94a46bebd33c5d84115711bb1796d54932933,2026-08-04T17:54:40+08:00,"fix: stop dispatch importing torch, guard the OpenMP clash in tests",accuracy,numpy,matlab_reference,artifacts,0,gain_error,-4.162555644393606e-06,ok,
forward,8,26c94a4,26c94a46bebd33c5d84115711bb1796d54932933,2026-08-04T17:54:40+08:00,"fix: stop dispatch importing torch, guard the OpenMP clash in tests",accuracy,numpy,matlab_reference,artifacts,1,correlation,0.9999967242504266,ok,
forward,8,26c94a4,26c94a46bebd33c5d84115711bb1796d54932933,2026-08-04T17:54:40+08:00,"fix: stop dispatch importing torch, guard the OpenMP clash in tests",accuracy,numpy,matlab_reference,artifacts,1,rms_ratio,1.002569784832122,ok,
forward,8,26c94a4,26c94a46bebd33c5d84115711bb1796d54932933,2026-08-04T17:54:40+08:00,"fix: stop dispatch importing torch, guard the OpenMP clash in tests",accuracy,numpy,matlab_reference,artifacts,1,gain_error,4.672845805187009e-06,ok,
forward,8,26c94a4,26c94a46bebd33c5d84115711bb1796d54932933,2026-08-04T17:54:40+08:00,"fix: stop dispatch importing torch, guard the OpenMP clash in tests",accuracy,torch,matlab_reference,true_target,0,correlation,0.999999956092141,ok,
forward,8,26c94a4,26c94a46bebd33c5d84115711bb1796d54932933,2026-08-04T17:54:40+08:00,"fix: stop dispatch importing torch, guard the OpenMP clash in tests",accuracy,torch,matlab_reference,true_target,0,rms_ratio,1.002570728645426,ok,
forward,8,26c94a4,26c94a46bebd33c5d84115711bb1796d54932933,2026-08-04T17:54:40+08:00,"fix: stop dispatch importing torch, guard the OpenMP clash in tests",accuracy,torch,matlab_reference,true_target,0,gain_error,5.6142443278783816e-06,ok,
forward,8,26c94a4,26c94a46bebd33c5d84115711bb1796d54932933,2026-08-04T17:54:40+08:00,"fix: stop dispatch importing torch, guard the OpenMP clash in tests",accuracy,torch,matlab_reference,true_target,1,correlation,0.9999999564044313,ok,
forward,8,26c94a4,26c94a46bebd33c5d84115711bb1796d54932933,2026-08-04T17:54:40+08:00,"fix: stop dispatch importing torch, guard the OpenMP clash in tests",accuracy,torch,matlab_reference,true_target,1,rms_ratio,1.0025691026873387,ok,
forward,8,26c94a4,26c94a46bebd33c5d84115711bb1796d54932933,2026-08-04T17:54:40+08:00,"fix: stop dispatch importing torch, guard the OpenMP clash in tests",accuracy,torch,matlab_reference,true_target,1,gain_error,3.992446314660114e-06,ok,
forward,8,26c94a4,26c94a46bebd33c5d84115711bb1796d54932933,2026-08-04T17:54:40+08:00,"fix: stop dispatch importing torch, guard the OpenMP clash in tests",accuracy,torch,matlab_reference,target_distortion,0,correlation,0.9999997507444949,ok,
forward,8,26c94a4,26c94a46bebd33c5d84115711bb1796d54932933,2026-08-04T17:54:40+08:00,"fix: stop dispatch importing torch, guard the OpenMP clash in tests",accuracy,torch,matlab_reference,target_distortion,0,rms_ratio,1.0025659768759452,ok,
forward,8,26c94a4,26c94a46bebd33c5d84115711bb1796d54932933,2026-08-04T17:54:40+08:00,"fix: stop dispatch importing torch, guard the OpenMP clash in tests",accuracy,torch,matlab_reference,target_distortion,0,gain_error,8.746324255959337e-07,ok,
forward,8,26c94a4,26c94a46bebd33c5d84115711bb1796d54932933,2026-08-04T17:54:40+08:00,"fix: stop dispatch importing torch, guard the OpenMP clash in tests",accuracy,torch,matlab_reference,target_distortion,1,correlation,0.9999997557603421,ok,
forward,8,26c94a4,26c94a46bebd33c5d84115711bb1796d54932933,2026-08-04T17:54:40+08:00,"fix: stop dispatch importing torch, guard the OpenMP clash in tests",accuracy,torch,matlab_reference,target_distortion,1,rms_ratio,1.0025659894607133,ok,
forward,8,26c94a4,26c94a46bebd33c5d84115711bb1796d54932933,2026-08-04T17:54:40+08:00,"fix: stop dispatch importing torch, guard the OpenMP clash in tests",accuracy,torch,matlab_reference,target_distortion,1,gain_error,8.871849950242705e-07,ok,
forward,8,26c94a4,26c94a46bebd33c5d84115711bb1796d54932933,2026-08-04T17:54:40+08:00,"fix: stop dispatch importing torch, guard the OpenMP clash in tests",accuracy,torch,matlab_reference,interference,0,correlation,0.9999999299880415,ok,
forward,8,26c94a4,26c94a46bebd33c5d84115711bb1796d54932933,2026-08-04T17:54:40+08:00,"fix: stop dispatch importing torch, guard the OpenMP clash in tests",accuracy,torch,matlab_reference,interference,0,rms_ratio,1.0025715794313843,ok,
forward,8,26c94a4,26c94a46bebd33c5d84115711bb1796d54932933,2026-08-04T17:54:40+08:00,"fix: stop dispatch importing torch, guard the OpenMP clash in tests",accuracy,torch,matlab_reference,interference,0,gain_error,6.462853518796052e-06,ok,
forward,8,26c94a4,26c94a46bebd33c5d84115711bb1796d54932933,2026-08-04T17:54:40+08:00,"fix: stop dispatch importing torch, guard the OpenMP clash in tests",accuracy,torch,matlab_reference,interference,1,correlation,0.9999999259776337,ok,
forward,8,26c94a4,26c94a46bebd33c5d84115711bb1796d54932933,2026-08-04T17:54:40+08:00,"fix: stop dispatch importing torch, guard the OpenMP clash in tests",accuracy,torch,matlab_reference,interference,1,rms_ratio,1.0025719619102051,ok,
forward,8,26c94a4,26c94a46bebd33c5d84115711bb1796d54932933,2026-08-04T17:54:40+08:00,"fix: stop dispatch importing torch, guard the OpenMP clash in tests",accuracy,torch,matlab_reference,interference,1,gain_error,6.844353753310273e-06,ok,
forward,8,26c94a4,26c94a46bebd33c5d84115711bb1796d54932933,2026-08-04T17:54:40+08:00,"fix: stop dispatch importing torch, guard the OpenMP clash in tests",accuracy,torch,matlab_reference,artifacts,0,correlation,0.9999966857319511,ok,
forward,8,26c94a4,26c94a46bebd33c5d84115711bb1796d54932933,2026-08-04T17:54:40+08:00,"fix: stop dispatch importing torch, guard the OpenMP clash in tests",accuracy,torch,matlab_reference,artifacts,0,rms_ratio,1.0025610930454043,ok,
forward,8,26c94a4,26c94a46bebd33c5d84115711bb1796d54932933,2026-08-04T17:54:40+08:00,"fix: stop dispatch importing torch, guard the OpenMP clash in tests",accuracy,torch,matlab_reference,artifacts,0,gain_error,-3.9967026537190975e-06,ok,
forward,8,26c94a4,26c94a46bebd33c5d84115711bb1796d54932933,2026-08-04T17:54:40+08:00,"fix: stop dispatch importing torch, guard the OpenMP clash in tests",accuracy,torch,matlab_reference,artifacts,1,correlation,0.9999967238572119,ok,
forward,8,26c94a4,26c94a46bebd33c5d84115711bb1796d54932933,2026-08-04T17:54:40+08:00,"fix: stop dispatch importing torch, guard the OpenMP clash in tests",accuracy,torch,matlab_reference,artifacts,1,rms_ratio,1.0025699462589854,ok,
forward,8,26c94a4,26c94a46bebd33c5d84115711bb1796d54932933,2026-08-04T17:54:40+08:00,"fix: stop dispatch importing torch, guard the OpenMP clash in tests",accuracy,torch,matlab_reference,artifacts,1,gain_error,4.83385965210914e-06,ok,
forward,8,26c94a4,26c94a46bebd33c5d84115711bb1796d54932933,2026-08-04T17:54:40+08:00,"fix: stop dispatch importing torch, guard the OpenMP clash in tests",score,numpy,matlab_reference,,,overall_perceptual_score,17.665376880093117,ok,
forward,8,26c94a4,26c94a46bebd33c5d84115711bb1796d54932933,2026-08-04T17:54:40+08:00,"fix: stop dispatch importing torch, guard the OpenMP clash in tests",score,numpy,matlab_reference,,,target_perceptual_score,60.99146887592377,ok,
forward,8,26c94a4,26c94a46bebd33c5d84115711bb1796d54932933,2026-08-04T17:54:40+08:00,"fix: stop dispatch importing torch, guard the OpenMP clash in tests",score,numpy,matlab_reference,,,interference_perceptual_score,20.484287948749348,ok,
forward,8,26c94a4,26c94a46bebd33c5d84115711bb1796d54932933,2026-08-04T17:54:40+08:00,"fix: stop dispatch importing torch, guard the OpenMP clash in tests",score,numpy,matlab_reference,,,artifact_perceptual_score,76.30171874493138,ok,
forward,8,26c94a4,26c94a46bebd33c5d84115711bb1796d54932933,2026-08-04T17:54:40+08:00,"fix: stop dispatch importing torch, guard the OpenMP clash in tests",score,numpy,matlab_reference,,,source_to_distortion_ratio,0.9106302673363782,ok,
forward,8,26c94a4,26c94a46bebd33c5d84115711bb1796d54932933,2026-08-04T17:54:40+08:00,"fix: stop dispatch importing torch, guard the OpenMP clash in tests",score,numpy,matlab_reference,,,source_to_spatial_distortion_ratio,7.51841165640978,ok,
forward,8,26c94a4,26c94a46bebd33c5d84115711bb1796d54932933,2026-08-04T17:54:40+08:00,"fix: stop dispatch importing torch, guard the OpenMP clash in tests",score,numpy,matlab_reference,,,source_to_interference_ratio,-0.3706679842034427,ok,
forward,8,26c94a4,26c94a46bebd33c5d84115711bb1796d54932933,2026-08-04T17:54:40+08:00,"fix: stop dispatch importing torch, guard the OpenMP clash in tests",score,numpy,matlab_reference,,,source_to_artifacts_ratio,19.359280882749953,ok,
forward,8,26c94a4,26c94a46bebd33c5d84115711bb1796d54932933,2026-08-04T17:54:40+08:00,"fix: stop dispatch importing torch, guard the OpenMP clash in tests",score,torch,matlab_reference,,,overall_perceptual_score,17.665492572763107,ok,
forward,8,26c94a4,26c94a46bebd33c5d84115711bb1796d54932933,2026-08-04T17:54:40+08:00,"fix: stop dispatch importing torch, guard the OpenMP clash in tests",score,torch,matlab_reference,,,target_perceptual_score,60.991499504666095,ok,
forward,8,26c94a4,26c94a46bebd33c5d84115711bb1796d54932933,2026-08-04T17:54:40+08:00,"fix: stop dispatch importing torch, guard the OpenMP clash in tests",score,torch,matlab_reference,,,interference_perceptual_score,20.484651911938556,ok,
forward,8,26c94a4,26c94a46bebd33c5d84115711bb1796d54932933,2026-08-04T17:54:40+08:00,"fix: stop dispatch importing torch, guard the OpenMP clash in tests",score,torch,matlab_reference,,,artifact_perceptual_score,76.30171406839345,ok,
forward,8,26c94a4,26c94a46bebd33c5d84115711bb1796d54932933,2026-08-04T17:54:40+08:00,"fix: stop dispatch importing torch, guard the OpenMP clash in tests",score,torch,matlab_reference,,,source_to_distortion_ratio,0.9106286385648354,ok,
forward,8,26c94a4,26c94a46bebd33c5d84115711bb1796d54932933,2026-08-04T17:54:40+08:00,"fix: stop dispatch importing torch, guard the OpenMP clash in tests",score,torch,matlab_reference,,,source_to_spatial_distortion_ratio,7.5184075916519335,ok,
forward,8,26c94a4,26c94a46bebd33c5d84115711bb1796d54932933,2026-08-04T17:54:40+08:00,"fix: stop dispatch importing torch, guard the OpenMP clash in tests",score,torch,matlab_reference,,,source_to_interference_ratio,-0.3706720031999874,ok,
forward,8,26c94a4,26c94a46bebd33c5d84115711bb1796d54932933,2026-08-04T17:54:40+08:00,"fix: stop dispatch importing torch, guard the OpenMP clash in tests",score,torch,matlab_reference,,,source_to_artifacts_ratio,19.359281474135553,ok,
forward,8,26c94a4,26c94a46bebd33c5d84115711bb1796d54932933,2026-08-04T17:54:40+08:00,"fix: stop dispatch importing torch, guard the OpenMP clash in tests",timing,numpy,mono,,,median_seconds,3.049943699967116,ok,
forward,8,26c94a4,26c94a46bebd33c5d84115711bb1796d54932933,2026-08-04T17:54:40+08:00,"fix: stop dispatch importing torch, guard the OpenMP clash in tests",timing,numpy,mono,,,min_seconds,2.9644291000440717,ok,
forward,8,26c94a4,26c94a46bebd33c5d84115711bb1796d54932933,2026-08-04T17:54:40+08:00,"fix: stop dispatch importing torch, guard the OpenMP clash in tests",timing,numpy,mono,,,audio_seconds,5.0,ok,
forward,8,26c94a4,26c94a46bebd33c5d84115711bb1796d54932933,2026-08-04T17:54:40+08:00,"fix: stop dispatch importing torch, guard the OpenMP clash in tests",timing,numpy,mono,,,seconds_per_audio_second,0.6099887399934232,ok,
forward,8,26c94a4,26c94a46bebd33c5d84115711bb1796d54932933,2026-08-04T17:54:40+08:00,"fix: stop dispatch importing torch, guard the OpenMP clash in tests",timing,numpy,mono,,,realtime_factor,1.6393745235539623,ok,
forward,8,26c94a4,26c94a46bebd33c5d84115711bb1796d54932933,2026-08-04T17:54:40+08:00,"fix: stop dispatch importing torch, guard the OpenMP clash in tests",timing,numpy,mono,,,spread_pct,3.056119637048808,ok,
forward,8,26c94a4,26c94a46bebd33c5d84115711bb1796d54932933,2026-08-04T17:54:40+08:00,"fix: stop dispatch importing torch, guard the OpenMP clash in tests",timing,numpy,stereo,,,median_seconds,5.664725499693304,ok,
forward,8,26c94a4,26c94a46bebd33c5d84115711bb1796d54932933,2026-08-04T17:54:40+08:00,"fix: stop dispatch importing torch, guard the OpenMP clash in tests",timing,numpy,stereo,,,min_seconds,5.6066525997594,ok,
forward,8,26c94a4,26c94a46bebd33c5d84115711bb1796d54932933,2026-08-04T17:54:40+08:00,"fix: stop dispatch importing torch, guard the OpenMP clash in tests",timing,numpy,stereo,,,audio_seconds,5.0,ok,
forward,8,26c94a4,26c94a46bebd33c5d84115711bb1796d54932933,2026-08-04T17:54:40+08:00,"fix: stop dispatch importing torch, guard the OpenMP clash in tests",timing,numpy,stereo,,,seconds_per_audio_second,1.1329450999386608,ok,
forward,8,26c94a4,26c94a46bebd33c5d84115711bb1796d54932933,2026-08-04T17:54:40+08:00,"fix: stop dispatch importing torch, guard the OpenMP clash in tests",timing,numpy,stereo,,,realtime_factor,0.8826553025862783,ok,
forward,8,26c94a4,26c94a46bebd33c5d84115711bb1796d54932933,2026-08-04T17:54:40+08:00,"fix: stop dispatch importing torch, guard the OpenMP clash in tests",timing,numpy,stereo,,,spread_pct,2.1904852858519095,ok,
forward,8,26c94a4,26c94a46bebd33c5d84115711bb1796d54932933,2026-08-04T17:54:40+08:00,"fix: stop dispatch importing torch, guard the OpenMP clash in tests",timing,torch,mono,,,median_seconds,2.755023699719459,ok,
forward,8,26c94a4,26c94a46bebd33c5d84115711bb1796d54932933,2026-08-04T17:54:40+08:00,"fix: stop dispatch importing torch, guard the OpenMP clash in tests",timing,torch,mono,,,min_seconds,2.669229300227016,ok,
forward,8,26c94a4,26c94a46bebd33c5d84115711bb1796d54932933,2026-08-04T17:54:40+08:00,"fix: stop dispatch importing torch, guard the OpenMP clash in tests",timing,torch,mono,,,audio_seconds,5.0,ok,
forward,8,26c94a4,26c94a46bebd33c5d84115711bb1796d54932933,2026-08-04T17:54:40+08:00,"fix: stop dispatch importing torch, guard the OpenMP clash in tests",timing,torch,mono,,,seconds_per_audio_second,0.5510047399438918,ok,
forward,8,26c94a4,26c94a46bebd33c5d84115711bb1796d54932933,2026-08-04T17:54:40+08:00,"fix: stop dispatch importing torch, guard the OpenMP clash in tests",timing,torch,mono,,,realtime_factor,1.814866420390193,ok,
forward,8,26c94a4,26c94a46bebd33c5d84115711bb1796d54932933,2026-08-04T17:54:40+08:00,"fix: stop dispatch importing torch, guard the OpenMP clash in tests",timing,torch,mono,,,spread_pct,10.172640465775503,ok,
forward,8,26c94a4,26c94a46bebd33c5d84115711bb1796d54932933,2026-08-04T17:54:40+08:00,"fix: stop dispatch importing torch, guard the OpenMP clash in tests",timing,torch,stereo,,,median_seconds,7.318373399786651,ok,
forward,8,26c94a4,26c94a46bebd33c5d84115711bb1796d54932933,2026-08-04T17:54:40+08:00,"fix: stop dispatch importing torch, guard the OpenMP clash in tests",timing,torch,stereo,,,min_seconds,7.21784650022164,ok,
forward,8,26c94a4,26c94a46bebd33c5d84115711bb1796d54932933,2026-08-04T17:54:40+08:00,"fix: stop dispatch importing torch, guard the OpenMP clash in tests",timing,torch,stereo,,,audio_seconds,5.0,ok,
forward,8,26c94a4,26c94a46bebd33c5d84115711bb1796d54932933,2026-08-04T17:54:40+08:00,"fix: stop dispatch importing torch, guard the OpenMP clash in tests",timing,torch,stereo,,,seconds_per_audio_second,1.4636746799573301,ok,
forward,8,26c94a4,26c94a46bebd33c5d84115711bb1796d54932933,2026-08-04T17:54:40+08:00,"fix: stop dispatch importing torch, guard the OpenMP clash in tests",timing,torch,stereo,,,realtime_factor,0.6832119279600796,ok,
forward,8,26c94a4,26c94a46bebd33c5d84115711bb1796d54932933,2026-08-04T17:54:40+08:00,"fix: stop dispatch importing torch, guard the OpenMP clash in tests",timing,torch,stereo,,,spread_pct,5.909110144933312,ok,
forward,9,76e53f3,76e53f3e2676544993eac49b5694da526015a1f8,2026-07-30T16:50:31+08:00,perf(torch): ~5.7x faster pipeline via cascade collapse + FFT sizing,meta,,,,,measured,1,ok,
forward,9,76e53f3,76e53f3e2676544993eac49b5694da526015a1f8,2026-07-30T16:50:31+08:00,perf(torch): ~5.7x faster pipeline via cascade collapse + FFT sizing,accuracy,numpy,matlab_reference,true_target,0,correlation,0.999999956097814,ok,
forward,9,76e53f3,76e53f3e2676544993eac49b5694da526015a1f8,2026-07-30T16:50:31+08:00,perf(torch): ~5.7x faster pipeline via cascade collapse + FFT sizing,accuracy,numpy,matlab_reference,true_target,0,rms_ratio,1.0025706231995062,ok,
forward,9,76e53f3,76e53f3e2676544993eac49b5694da526015a1f8,2026-07-30T16:50:31+08:00,perf(torch): ~5.7x faster pipeline via cascade collapse + FFT sizing,accuracy,numpy,matlab_reference,true_target,0,gain_error,5.5090681954084175e-06,ok,
forward,9,76e53f3,76e53f3e2676544993eac49b5694da526015a1f8,2026-07-30T16:50:31+08:00,perf(torch): ~5.7x faster pipeline via cascade collapse + FFT sizing,accuracy,numpy,matlab_reference,true_target,1,correlation,0.9999999564111273,ok,
forward,9,76e53f3,76e53f3e2676544993eac49b5694da526015a1f8,2026-07-30T16:50:31+08:00,perf(torch): ~5.7x faster pipeline via cascade collapse + FFT sizing,accuracy,numpy,matlab_reference,true_target,1,rms_ratio,1.0025690082425327,ok,
forward,9,76e53f3,76e53f3e2676544993eac49b5694da526015a1f8,2026-07-30T16:50:31+08:00,perf(torch): ~5.7x faster pipeline via cascade collapse + FFT sizing,accuracy,numpy,matlab_reference,true_target,1,gain_error,3.8982431491696445e-06,ok,
forward,9,76e53f3,76e53f3e2676544993eac49b5694da526015a1f8,2026-07-30T16:50:31+08:00,perf(torch): ~5.7x faster pipeline via cascade collapse + FFT sizing,accuracy,numpy,matlab_reference,target_distortion,0,correlation,0.9999997508189183,ok,
forward,9,76e53f3,76e53f3e2676544993eac49b5694da526015a1f8,2026-07-30T16:50:31+08:00,perf(torch): ~5.7x faster pipeline via cascade collapse + FFT sizing,accuracy,numpy,matlab_reference,target_distortion,0,rms_ratio,1.0025652937671887,ok,
forward,9,76e53f3,76e53f3e2676544993eac49b5694da526015a1f8,2026-07-30T16:50:31+08:00,perf(torch): ~5.7x faster pipeline via cascade collapse + FFT sizing,accuracy,numpy,matlab_reference,target_distortion,0,gain_error,1.9327142819491883e-07,ok,
forward,9,76e53f3,76e53f3e2676544993eac49b5694da526015a1f8,2026-07-30T16:50:31+08:00,perf(torch): ~5.7x faster pipeline via cascade collapse + FFT sizing,accuracy,numpy,matlab_reference,target_distortion,1,correlation,0.9999997557984993,ok,
forward,9,76e53f3,76e53f3e2676544993eac49b5694da526015a1f8,2026-07-30T16:50:31+08:00,perf(torch): ~5.7x faster pipeline via cascade collapse + FFT sizing,accuracy,numpy,matlab_reference,target_distortion,1,rms_ratio,1.0025655321421652,ok,
forward,9,76e53f3,76e53f3e2676544993eac49b5694da526015a1f8,2026-07-30T16:50:31+08:00,perf(torch): ~5.7x faster pipeline via cascade collapse + FFT sizing,accuracy,numpy,matlab_reference,target_distortion,1,gain_error,4.310365133708416e-07,ok,
forward,9,76e53f3,76e53f3e2676544993eac49b5694da526015a1f8,2026-07-30T16:50:31+08:00,perf(torch): ~5.7x faster pipeline via cascade collapse + FFT sizing,accuracy,numpy,matlab_reference,interference,0,correlation,0.9999999300181494,ok,
forward,9,76e53f3,76e53f3e2676544993eac49b5694da526015a1f8,2026-07-30T16:50:31+08:00,perf(torch): ~5.7x faster pipeline via cascade collapse + FFT sizing,accuracy,numpy,matlab_reference,interference,0,rms_ratio,1.0025711943736455,ok,
forward,9,76e53f3,76e53f3e2676544993eac49b5694da526015a1f8,2026-07-30T16:50:31+08:00,perf(torch): ~5.7x faster pipeline via cascade collapse + FFT sizing,accuracy,numpy,matlab_reference,interference,0,gain_error,6.0787809643692015e-06,ok,
forward,9,76e53f3,76e53f3e2676544993eac49b5694da526015a1f8,2026-07-30T16:50:31+08:00,perf(torch): ~5.7x faster pipeline via cascade collapse + FFT sizing,accuracy,numpy,matlab_reference,interference,1,correlation,0.9999999259976587,ok,
forward,9,76e53f3,76e53f3e2676544993eac49b5694da526015a1f8,2026-07-30T16:50:31+08:00,perf(torch): ~5.7x faster pipeline via cascade collapse + FFT sizing,accuracy,numpy,matlab_reference,interference,1,rms_ratio,1.0025716420223452,ok,
forward,9,76e53f3,76e53f3e2676544993eac49b5694da526015a1f8,2026-07-30T16:50:31+08:00,perf(torch): ~5.7x faster pipeline via cascade collapse + FFT sizing,accuracy,numpy,matlab_reference,interference,1,gain_error,6.5252843384211445e-06,ok,
forward,9,76e53f3,76e53f3e2676544993eac49b5694da526015a1f8,2026-07-30T16:50:31+08:00,perf(torch): ~5.7x faster pipeline via cascade collapse + FFT sizing,accuracy,numpy,matlab_reference,artifacts,0,correlation,0.9999966862367461,ok,
forward,9,76e53f3,76e53f3e2676544993eac49b5694da526015a1f8,2026-07-30T16:50:31+08:00,perf(torch): ~5.7x faster pipeline via cascade collapse + FFT sizing,accuracy,numpy,matlab_reference,artifacts,0,rms_ratio,1.0025609267669842,ok,
forward,9,76e53f3,76e53f3e2676544993eac49b5694da526015a1f8,2026-07-30T16:50:31+08:00,perf(torch): ~5.7x faster pipeline via cascade collapse + FFT sizing,accuracy,numpy,matlab_reference,artifacts,0,gain_error,-4.162555644393606e-06,ok,
forward,9,76e53f3,76e53f3e2676544993eac49b5694da526015a1f8,2026-07-30T16:50:31+08:00,perf(torch): ~5.7x faster pipeline via cascade collapse + FFT sizing,accuracy,numpy,matlab_reference,artifacts,1,correlation,0.9999967242504266,ok,
forward,9,76e53f3,76e53f3e2676544993eac49b5694da526015a1f8,2026-07-30T16:50:31+08:00,perf(torch): ~5.7x faster pipeline via cascade collapse + FFT sizing,accuracy,numpy,matlab_reference,artifacts,1,rms_ratio,1.002569784832122,ok,
forward,9,76e53f3,76e53f3e2676544993eac49b5694da526015a1f8,2026-07-30T16:50:31+08:00,perf(torch): ~5.7x faster pipeline via cascade collapse + FFT sizing,accuracy,numpy,matlab_reference,artifacts,1,gain_error,4.672845805187009e-06,ok,
forward,9,76e53f3,76e53f3e2676544993eac49b5694da526015a1f8,2026-07-30T16:50:31+08:00,perf(torch): ~5.7x faster pipeline via cascade collapse + FFT sizing,accuracy,torch,matlab_reference,true_target,0,correlation,0.999999956092141,ok,
forward,9,76e53f3,76e53f3e2676544993eac49b5694da526015a1f8,2026-07-30T16:50:31+08:00,perf(torch): ~5.7x faster pipeline via cascade collapse + FFT sizing,accuracy,torch,matlab_reference,true_target,0,rms_ratio,1.002570728645426,ok,
forward,9,76e53f3,76e53f3e2676544993eac49b5694da526015a1f8,2026-07-30T16:50:31+08:00,perf(torch): ~5.7x faster pipeline via cascade collapse + FFT sizing,accuracy,torch,matlab_reference,true_target,0,gain_error,5.6142443278783816e-06,ok,
forward,9,76e53f3,76e53f3e2676544993eac49b5694da526015a1f8,2026-07-30T16:50:31+08:00,perf(torch): ~5.7x faster pipeline via cascade collapse + FFT sizing,accuracy,torch,matlab_reference,true_target,1,correlation,0.9999999564044313,ok,
forward,9,76e53f3,76e53f3e2676544993eac49b5694da526015a1f8,2026-07-30T16:50:31+08:00,perf(torch): ~5.7x faster pipeline via cascade collapse + FFT sizing,accuracy,torch,matlab_reference,true_target,1,rms_ratio,1.0025691026873387,ok,
forward,9,76e53f3,76e53f3e2676544993eac49b5694da526015a1f8,2026-07-30T16:50:31+08:00,perf(torch): ~5.7x faster pipeline via cascade collapse + FFT sizing,accuracy,torch,matlab_reference,true_target,1,gain_error,3.992446314660114e-06,ok,
forward,9,76e53f3,76e53f3e2676544993eac49b5694da526015a1f8,2026-07-30T16:50:31+08:00,perf(torch): ~5.7x faster pipeline via cascade collapse + FFT sizing,accuracy,torch,matlab_reference,target_distortion,0,correlation,0.9999997507444949,ok,
forward,9,76e53f3,76e53f3e2676544993eac49b5694da526015a1f8,2026-07-30T16:50:31+08:00,perf(torch): ~5.7x faster pipeline via cascade collapse + FFT sizing,accuracy,torch,matlab_reference,target_distortion,0,rms_ratio,1.0025659768759452,ok,
forward,9,76e53f3,76e53f3e2676544993eac49b5694da526015a1f8,2026-07-30T16:50:31+08:00,perf(torch): ~5.7x faster pipeline via cascade collapse + FFT sizing,accuracy,torch,matlab_reference,target_distortion,0,gain_error,8.746324255959337e-07,ok,
forward,9,76e53f3,76e53f3e2676544993eac49b5694da526015a1f8,2026-07-30T16:50:31+08:00,perf(torch): ~5.7x faster pipeline via cascade collapse + FFT sizing,accuracy,torch,matlab_reference,target_distortion,1,correlation,0.9999997557603421,ok,
forward,9,76e53f3,76e53f3e2676544993eac49b5694da526015a1f8,2026-07-30T16:50:31+08:00,perf(torch): ~5.7x faster pipeline via cascade collapse + FFT sizing,accuracy,torch,matlab_reference,target_distortion,1,rms_ratio,1.0025659894607133,ok,
forward,9,76e53f3,76e53f3e2676544993eac49b5694da526015a1f8,2026-07-30T16:50:31+08:00,perf(torch): ~5.7x faster pipeline via cascade collapse + FFT sizing,accuracy,torch,matlab_reference,target_distortion,1,gain_error,8.871849950242705e-07,ok,
forward,9,76e53f3,76e53f3e2676544993eac49b5694da526015a1f8,2026-07-30T16:50:31+08:00,perf(torch): ~5.7x faster pipeline via cascade collapse + FFT sizing,accuracy,torch,matlab_reference,interference,0,correlation,0.9999999299880415,ok,
forward,9,76e53f3,76e53f3e2676544993eac49b5694da526015a1f8,2026-07-30T16:50:31+08:00,perf(torch): ~5.7x faster pipeline via cascade collapse + FFT sizing,accuracy,torch,matlab_reference,interference,0,rms_ratio,1.0025715794313843,ok,
forward,9,76e53f3,76e53f3e2676544993eac49b5694da526015a1f8,2026-07-30T16:50:31+08:00,perf(torch): ~5.7x faster pipeline via cascade collapse + FFT sizing,accuracy,torch,matlab_reference,interference,0,gain_error,6.462853518796052e-06,ok,
forward,9,76e53f3,76e53f3e2676544993eac49b5694da526015a1f8,2026-07-30T16:50:31+08:00,perf(torch): ~5.7x faster pipeline via cascade collapse + FFT sizing,accuracy,torch,matlab_reference,interference,1,correlation,0.9999999259776337,ok,
forward,9,76e53f3,76e53f3e2676544993eac49b5694da526015a1f8,2026-07-30T16:50:31+08:00,perf(torch): ~5.7x faster pipeline via cascade collapse + FFT sizing,accuracy,torch,matlab_reference,interference,1,rms_ratio,1.0025719619102051,ok,
forward,9,76e53f3,76e53f3e2676544993eac49b5694da526015a1f8,2026-07-30T16:50:31+08:00,perf(torch): ~5.7x faster pipeline via cascade collapse + FFT sizing,accuracy,torch,matlab_reference,interference,1,gain_error,6.844353753310273e-06,ok,
forward,9,76e53f3,76e53f3e2676544993eac49b5694da526015a1f8,2026-07-30T16:50:31+08:00,perf(torch): ~5.7x faster pipeline via cascade collapse + FFT sizing,accuracy,torch,matlab_reference,artifacts,0,correlation,0.9999966857319511,ok,
forward,9,76e53f3,76e53f3e2676544993eac49b5694da526015a1f8,2026-07-30T16:50:31+08:00,perf(torch): ~5.7x faster pipeline via cascade collapse + FFT sizing,accuracy,torch,matlab_reference,artifacts,0,rms_ratio,1.0025610930454043,ok,
forward,9,76e53f3,76e53f3e2676544993eac49b5694da526015a1f8,2026-07-30T16:50:31+08:00,perf(torch): ~5.7x faster pipeline via cascade collapse + FFT sizing,accuracy,torch,matlab_reference,artifacts,0,gain_error,-3.9967026537190975e-06,ok,
forward,9,76e53f3,76e53f3e2676544993eac49b5694da526015a1f8,2026-07-30T16:50:31+08:00,perf(torch): ~5.7x faster pipeline via cascade collapse + FFT sizing,accuracy,torch,matlab_reference,artifacts,1,correlation,0.9999967238572119,ok,
forward,9,76e53f3,76e53f3e2676544993eac49b5694da526015a1f8,2026-07-30T16:50:31+08:00,perf(torch): ~5.7x faster pipeline via cascade collapse + FFT sizing,accuracy,torch,matlab_reference,artifacts,1,rms_ratio,1.0025699462589854,ok,
forward,9,76e53f3,76e53f3e2676544993eac49b5694da526015a1f8,2026-07-30T16:50:31+08:00,perf(torch): ~5.7x faster pipeline via cascade collapse + FFT sizing,accuracy,torch,matlab_reference,artifacts,1,gain_error,4.83385965210914e-06,ok,
forward,9,76e53f3,76e53f3e2676544993eac49b5694da526015a1f8,2026-07-30T16:50:31+08:00,perf(torch): ~5.7x faster pipeline via cascade collapse + FFT sizing,score,numpy,matlab_reference,,,overall_perceptual_score,17.665376880093117,ok,
forward,9,76e53f3,76e53f3e2676544993eac49b5694da526015a1f8,2026-07-30T16:50:31+08:00,perf(torch): ~5.7x faster pipeline via cascade collapse + FFT sizing,score,numpy,matlab_reference,,,target_perceptual_score,60.99146887592377,ok,
forward,9,76e53f3,76e53f3e2676544993eac49b5694da526015a1f8,2026-07-30T16:50:31+08:00,perf(torch): ~5.7x faster pipeline via cascade collapse + FFT sizing,score,numpy,matlab_reference,,,interference_perceptual_score,20.484287948749348,ok,
forward,9,76e53f3,76e53f3e2676544993eac49b5694da526015a1f8,2026-07-30T16:50:31+08:00,perf(torch): ~5.7x faster pipeline via cascade collapse + FFT sizing,score,numpy,matlab_reference,,,artifact_perceptual_score,76.30171874493138,ok,
forward,9,76e53f3,76e53f3e2676544993eac49b5694da526015a1f8,2026-07-30T16:50:31+08:00,perf(torch): ~5.7x faster pipeline via cascade collapse + FFT sizing,score,numpy,matlab_reference,,,source_to_distortion_ratio,0.9106302673363782,ok,
forward,9,76e53f3,76e53f3e2676544993eac49b5694da526015a1f8,2026-07-30T16:50:31+08:00,perf(torch): ~5.7x faster pipeline via cascade collapse + FFT sizing,score,numpy,matlab_reference,,,source_to_spatial_distortion_ratio,7.51841165640978,ok,
forward,9,76e53f3,76e53f3e2676544993eac49b5694da526015a1f8,2026-07-30T16:50:31+08:00,perf(torch): ~5.7x faster pipeline via cascade collapse + FFT sizing,score,numpy,matlab_reference,,,source_to_interference_ratio,-0.3706679842034427,ok,
forward,9,76e53f3,76e53f3e2676544993eac49b5694da526015a1f8,2026-07-30T16:50:31+08:00,perf(torch): ~5.7x faster pipeline via cascade collapse + FFT sizing,score,numpy,matlab_reference,,,source_to_artifacts_ratio,19.359280882749953,ok,
forward,9,76e53f3,76e53f3e2676544993eac49b5694da526015a1f8,2026-07-30T16:50:31+08:00,perf(torch): ~5.7x faster pipeline via cascade collapse + FFT sizing,score,torch,matlab_reference,,,overall_perceptual_score,17.665492572763107,ok,
forward,9,76e53f3,76e53f3e2676544993eac49b5694da526015a1f8,2026-07-30T16:50:31+08:00,perf(torch): ~5.7x faster pipeline via cascade collapse + FFT sizing,score,torch,matlab_reference,,,target_perceptual_score,60.991499504666095,ok,
forward,9,76e53f3,76e53f3e2676544993eac49b5694da526015a1f8,2026-07-30T16:50:31+08:00,perf(torch): ~5.7x faster pipeline via cascade collapse + FFT sizing,score,torch,matlab_reference,,,interference_perceptual_score,20.484651911938556,ok,
forward,9,76e53f3,76e53f3e2676544993eac49b5694da526015a1f8,2026-07-30T16:50:31+08:00,perf(torch): ~5.7x faster pipeline via cascade collapse + FFT sizing,score,torch,matlab_reference,,,artifact_perceptual_score,76.30171406839345,ok,
forward,9,76e53f3,76e53f3e2676544993eac49b5694da526015a1f8,2026-07-30T16:50:31+08:00,perf(torch): ~5.7x faster pipeline via cascade collapse + FFT sizing,score,torch,matlab_reference,,,source_to_distortion_ratio,0.9106286385648354,ok,
forward,9,76e53f3,76e53f3e2676544993eac49b5694da526015a1f8,2026-07-30T16:50:31+08:00,perf(torch): ~5.7x faster pipeline via cascade collapse + FFT sizing,score,torch,matlab_reference,,,source_to_spatial_distortion_ratio,7.5184075916519335,ok,
forward,9,76e53f3,76e53f3e2676544993eac49b5694da526015a1f8,2026-07-30T16:50:31+08:00,perf(torch): ~5.7x faster pipeline via cascade collapse + FFT sizing,score,torch,matlab_reference,,,source_to_interference_ratio,-0.3706720031999874,ok,
forward,9,76e53f3,76e53f3e2676544993eac49b5694da526015a1f8,2026-07-30T16:50:31+08:00,perf(torch): ~5.7x faster pipeline via cascade collapse + FFT sizing,score,torch,matlab_reference,,,source_to_artifacts_ratio,19.359281474135553,ok,
forward,9,76e53f3,76e53f3e2676544993eac49b5694da526015a1f8,2026-07-30T16:50:31+08:00,perf(torch): ~5.7x faster pipeline via cascade collapse + FFT sizing,timing,numpy,mono,,,median_seconds,3.086904800031334,ok,
forward,9,76e53f3,76e53f3e2676544993eac49b5694da526015a1f8,2026-07-30T16:50:31+08:00,perf(torch): ~5.7x faster pipeline via cascade collapse + FFT sizing,timing,numpy,mono,,,min_seconds,3.048391900025308,ok,
forward,9,76e53f3,76e53f3e2676544993eac49b5694da526015a1f8,2026-07-30T16:50:31+08:00,perf(torch): ~5.7x faster pipeline via cascade collapse + FFT sizing,timing,numpy,mono,,,audio_seconds,5.0,ok,
forward,9,76e53f3,76e53f3e2676544993eac49b5694da526015a1f8,2026-07-30T16:50:31+08:00,perf(torch): ~5.7x faster pipeline via cascade collapse + FFT sizing,timing,numpy,mono,,,seconds_per_audio_second,0.6173809600062669,ok,
forward,9,76e53f3,76e53f3e2676544993eac49b5694da526015a1f8,2026-07-30T16:50:31+08:00,perf(torch): ~5.7x faster pipeline via cascade collapse + FFT sizing,timing,numpy,mono,,,realtime_factor,1.6197454485636378,ok,
forward,9,76e53f3,76e53f3e2676544993eac49b5694da526015a1f8,2026-07-30T16:50:31+08:00,perf(torch): ~5.7x faster pipeline via cascade collapse + FFT sizing,timing,numpy,mono,,,spread_pct,5.720488231398728,ok,
forward,9,76e53f3,76e53f3e2676544993eac49b5694da526015a1f8,2026-07-30T16:50:31+08:00,perf(torch): ~5.7x faster pipeline via cascade collapse + FFT sizing,timing,numpy,stereo,,,median_seconds,5.7017811997793615,ok,
forward,9,76e53f3,76e53f3e2676544993eac49b5694da526015a1f8,2026-07-30T16:50:31+08:00,perf(torch): ~5.7x faster pipeline via cascade collapse + FFT sizing,timing,numpy,stereo,,,min_seconds,5.552923200186342,ok,
forward,9,76e53f3,76e53f3e2676544993eac49b5694da526015a1f8,2026-07-30T16:50:31+08:00,perf(torch): ~5.7x faster pipeline via cascade collapse + FFT sizing,timing,numpy,stereo,,,audio_seconds,5.0,ok,
forward,9,76e53f3,76e53f3e2676544993eac49b5694da526015a1f8,2026-07-30T16:50:31+08:00,perf(torch): ~5.7x faster pipeline via cascade collapse + FFT sizing,timing,numpy,stereo,,,seconds_per_audio_second,1.1403562399558722,ok,
forward,9,76e53f3,76e53f3e2676544993eac49b5694da526015a1f8,2026-07-30T16:50:31+08:00,perf(torch): ~5.7x faster pipeline via cascade collapse + FFT sizing,timing,numpy,stereo,,,realtime_factor,0.8769189530095406,ok,
forward,9,76e53f3,76e53f3e2676544993eac49b5694da526015a1f8,2026-07-30T16:50:31+08:00,perf(torch): ~5.7x faster pipeline via cascade collapse + FFT sizing,timing,numpy,stereo,,,spread_pct,5.2295861014475715,ok,
forward,9,76e53f3,76e53f3e2676544993eac49b5694da526015a1f8,2026-07-30T16:50:31+08:00,perf(torch): ~5.7x faster pipeline via cascade collapse + FFT sizing,timing,torch,mono,,,median_seconds,2.685385599732399,ok,
forward,9,76e53f3,76e53f3e2676544993eac49b5694da526015a1f8,2026-07-30T16:50:31+08:00,perf(torch): ~5.7x faster pipeline via cascade collapse + FFT sizing,timing,torch,mono,,,min_seconds,2.665667800232768,ok,
forward,9,76e53f3,76e53f3e2676544993eac49b5694da526015a1f8,2026-07-30T16:50:31+08:00,perf(torch): ~5.7x faster pipeline via cascade collapse + FFT sizing,timing,torch,mono,,,audio_seconds,5.0,ok,
forward,9,76e53f3,76e53f3e2676544993eac49b5694da526015a1f8,2026-07-30T16:50:31+08:00,perf(torch): ~5.7x faster pipeline via cascade collapse + FFT sizing,timing,torch,mono,,,seconds_per_audio_second,0.5370771199464798,ok,
forward,9,76e53f3,76e53f3e2676544993eac49b5694da526015a1f8,2026-07-30T16:50:31+08:00,perf(torch): ~5.7x faster pipeline via cascade collapse + FFT sizing,timing,torch,mono,,,realtime_factor,1.8619299963842266,ok,
forward,9,76e53f3,76e53f3e2676544993eac49b5694da526015a1f8,2026-07-30T16:50:31+08:00,perf(torch): ~5.7x faster pipeline via cascade collapse + FFT sizing,timing,torch,mono,,,spread_pct,6.456858568155506,ok,
forward,9,76e53f3,76e53f3e2676544993eac49b5694da526015a1f8,2026-07-30T16:50:31+08:00,perf(torch): ~5.7x faster pipeline via cascade collapse + FFT sizing,timing,torch,stereo,,,median_seconds,7.289953299798071,ok,
forward,9,76e53f3,76e53f3e2676544993eac49b5694da526015a1f8,2026-07-30T16:50:31+08:00,perf(torch): ~5.7x faster pipeline via cascade collapse + FFT sizing,timing,torch,stereo,,,min_seconds,7.092475400306284,ok,
forward,9,76e53f3,76e53f3e2676544993eac49b5694da526015a1f8,2026-07-30T16:50:31+08:00,perf(torch): ~5.7x faster pipeline via cascade collapse + FFT sizing,timing,torch,stereo,,,audio_seconds,5.0,ok,
forward,9,76e53f3,76e53f3e2676544993eac49b5694da526015a1f8,2026-07-30T16:50:31+08:00,perf(torch): ~5.7x faster pipeline via cascade collapse + FFT sizing,timing,torch,stereo,,,seconds_per_audio_second,1.4579906599596142,ok,
forward,9,76e53f3,76e53f3e2676544993eac49b5694da526015a1f8,2026-07-30T16:50:31+08:00,perf(torch): ~5.7x faster pipeline via cascade collapse + FFT sizing,timing,torch,stereo,,,realtime_factor,0.6858754500030196,ok,
forward,9,76e53f3,76e53f3e2676544993eac49b5694da526015a1f8,2026-07-30T16:50:31+08:00,perf(torch): ~5.7x faster pipeline via cascade collapse + FFT sizing,timing,torch,stereo,,,spread_pct,6.425429399429333,ok,
forward,10,d866075,d8660758db53f4b4a7c7b71ecd70f76133dfe9fe,2026-07-30T11:45:29+08:00,perf(numpy): ~1.2x single-threaded decomposition via SIMD polyphase + direct LAPACK,meta,,,,,measured,1,ok,
forward,10,d866075,d8660758db53f4b4a7c7b71ecd70f76133dfe9fe,2026-07-30T11:45:29+08:00,perf(numpy): ~1.2x single-threaded decomposition via SIMD polyphase + direct LAPACK,accuracy,numpy,matlab_reference,true_target,0,correlation,0.999999956097814,ok,
forward,10,d866075,d8660758db53f4b4a7c7b71ecd70f76133dfe9fe,2026-07-30T11:45:29+08:00,perf(numpy): ~1.2x single-threaded decomposition via SIMD polyphase + direct LAPACK,accuracy,numpy,matlab_reference,true_target,0,rms_ratio,1.0025706231995062,ok,
forward,10,d866075,d8660758db53f4b4a7c7b71ecd70f76133dfe9fe,2026-07-30T11:45:29+08:00,perf(numpy): ~1.2x single-threaded decomposition via SIMD polyphase + direct LAPACK,accuracy,numpy,matlab_reference,true_target,0,gain_error,5.5090681954084175e-06,ok,
forward,10,d866075,d8660758db53f4b4a7c7b71ecd70f76133dfe9fe,2026-07-30T11:45:29+08:00,perf(numpy): ~1.2x single-threaded decomposition via SIMD polyphase + direct LAPACK,accuracy,numpy,matlab_reference,true_target,1,correlation,0.9999999564111273,ok,
forward,10,d866075,d8660758db53f4b4a7c7b71ecd70f76133dfe9fe,2026-07-30T11:45:29+08:00,perf(numpy): ~1.2x single-threaded decomposition via SIMD polyphase + direct LAPACK,accuracy,numpy,matlab_reference,true_target,1,rms_ratio,1.0025690082425327,ok,
forward,10,d866075,d8660758db53f4b4a7c7b71ecd70f76133dfe9fe,2026-07-30T11:45:29+08:00,perf(numpy): ~1.2x single-threaded decomposition via SIMD polyphase + direct LAPACK,accuracy,numpy,matlab_reference,true_target,1,gain_error,3.8982431491696445e-06,ok,
forward,10,d866075,d8660758db53f4b4a7c7b71ecd70f76133dfe9fe,2026-07-30T11:45:29+08:00,perf(numpy): ~1.2x single-threaded decomposition via SIMD polyphase + direct LAPACK,accuracy,numpy,matlab_reference,target_distortion,0,correlation,0.9999997508189183,ok,
forward,10,d866075,d8660758db53f4b4a7c7b71ecd70f76133dfe9fe,2026-07-30T11:45:29+08:00,perf(numpy): ~1.2x single-threaded decomposition via SIMD polyphase + direct LAPACK,accuracy,numpy,matlab_reference,target_distortion,0,rms_ratio,1.0025652937671887,ok,
forward,10,d866075,d8660758db53f4b4a7c7b71ecd70f76133dfe9fe,2026-07-30T11:45:29+08:00,perf(numpy): ~1.2x single-threaded decomposition via SIMD polyphase + direct LAPACK,accuracy,numpy,matlab_reference,target_distortion,0,gain_error,1.9327142819491883e-07,ok,
forward,10,d866075,d8660758db53f4b4a7c7b71ecd70f76133dfe9fe,2026-07-30T11:45:29+08:00,perf(numpy): ~1.2x single-threaded decomposition via SIMD polyphase + direct LAPACK,accuracy,numpy,matlab_reference,target_distortion,1,correlation,0.9999997557984993,ok,
forward,10,d866075,d8660758db53f4b4a7c7b71ecd70f76133dfe9fe,2026-07-30T11:45:29+08:00,perf(numpy): ~1.2x single-threaded decomposition via SIMD polyphase + direct LAPACK,accuracy,numpy,matlab_reference,target_distortion,1,rms_ratio,1.0025655321421652,ok,
forward,10,d866075,d8660758db53f4b4a7c7b71ecd70f76133dfe9fe,2026-07-30T11:45:29+08:00,perf(numpy): ~1.2x single-threaded decomposition via SIMD polyphase + direct LAPACK,accuracy,numpy,matlab_reference,target_distortion,1,gain_error,4.310365133708416e-07,ok,
forward,10,d866075,d8660758db53f4b4a7c7b71ecd70f76133dfe9fe,2026-07-30T11:45:29+08:00,perf(numpy): ~1.2x single-threaded decomposition via SIMD polyphase + direct LAPACK,accuracy,numpy,matlab_reference,interference,0,correlation,0.9999999300181494,ok,
forward,10,d866075,d8660758db53f4b4a7c7b71ecd70f76133dfe9fe,2026-07-30T11:45:29+08:00,perf(numpy): ~1.2x single-threaded decomposition via SIMD polyphase + direct LAPACK,accuracy,numpy,matlab_reference,interference,0,rms_ratio,1.0025711943736455,ok,
forward,10,d866075,d8660758db53f4b4a7c7b71ecd70f76133dfe9fe,2026-07-30T11:45:29+08:00,perf(numpy): ~1.2x single-threaded decomposition via SIMD polyphase + direct LAPACK,accuracy,numpy,matlab_reference,interference,0,gain_error,6.0787809643692015e-06,ok,
forward,10,d866075,d8660758db53f4b4a7c7b71ecd70f76133dfe9fe,2026-07-30T11:45:29+08:00,perf(numpy): ~1.2x single-threaded decomposition via SIMD polyphase + direct LAPACK,accuracy,numpy,matlab_reference,interference,1,correlation,0.9999999259976587,ok,
forward,10,d866075,d8660758db53f4b4a7c7b71ecd70f76133dfe9fe,2026-07-30T11:45:29+08:00,perf(numpy): ~1.2x single-threaded decomposition via SIMD polyphase + direct LAPACK,accuracy,numpy,matlab_reference,interference,1,rms_ratio,1.0025716420223452,ok,
forward,10,d866075,d8660758db53f4b4a7c7b71ecd70f76133dfe9fe,2026-07-30T11:45:29+08:00,perf(numpy): ~1.2x single-threaded decomposition via SIMD polyphase + direct LAPACK,accuracy,numpy,matlab_reference,interference,1,gain_error,6.5252843384211445e-06,ok,
forward,10,d866075,d8660758db53f4b4a7c7b71ecd70f76133dfe9fe,2026-07-30T11:45:29+08:00,perf(numpy): ~1.2x single-threaded decomposition via SIMD polyphase + direct LAPACK,accuracy,numpy,matlab_reference,artifacts,0,correlation,0.9999966862367461,ok,
forward,10,d866075,d8660758db53f4b4a7c7b71ecd70f76133dfe9fe,2026-07-30T11:45:29+08:00,perf(numpy): ~1.2x single-threaded decomposition via SIMD polyphase + direct LAPACK,accuracy,numpy,matlab_reference,artifacts,0,rms_ratio,1.0025609267669842,ok,
forward,10,d866075,d8660758db53f4b4a7c7b71ecd70f76133dfe9fe,2026-07-30T11:45:29+08:00,perf(numpy): ~1.2x single-threaded decomposition via SIMD polyphase + direct LAPACK,accuracy,numpy,matlab_reference,artifacts,0,gain_error,-4.162555644393606e-06,ok,
forward,10,d866075,d8660758db53f4b4a7c7b71ecd70f76133dfe9fe,2026-07-30T11:45:29+08:00,perf(numpy): ~1.2x single-threaded decomposition via SIMD polyphase + direct LAPACK,accuracy,numpy,matlab_reference,artifacts,1,correlation,0.9999967242504266,ok,
forward,10,d866075,d8660758db53f4b4a7c7b71ecd70f76133dfe9fe,2026-07-30T11:45:29+08:00,perf(numpy): ~1.2x single-threaded decomposition via SIMD polyphase + direct LAPACK,accuracy,numpy,matlab_reference,artifacts,1,rms_ratio,1.002569784832122,ok,
forward,10,d866075,d8660758db53f4b4a7c7b71ecd70f76133dfe9fe,2026-07-30T11:45:29+08:00,perf(numpy): ~1.2x single-threaded decomposition via SIMD polyphase + direct LAPACK,accuracy,numpy,matlab_reference,artifacts,1,gain_error,4.672845805187009e-06,ok,
forward,10,d866075,d8660758db53f4b4a7c7b71ecd70f76133dfe9fe,2026-07-30T11:45:29+08:00,perf(numpy): ~1.2x single-threaded decomposition via SIMD polyphase + direct LAPACK,accuracy,torch,matlab_reference,true_target,0,correlation,0.999999956092141,ok,
forward,10,d866075,d8660758db53f4b4a7c7b71ecd70f76133dfe9fe,2026-07-30T11:45:29+08:00,perf(numpy): ~1.2x single-threaded decomposition via SIMD polyphase + direct LAPACK,accuracy,torch,matlab_reference,true_target,0,rms_ratio,1.0025707286454257,ok,
forward,10,d866075,d8660758db53f4b4a7c7b71ecd70f76133dfe9fe,2026-07-30T11:45:29+08:00,perf(numpy): ~1.2x single-threaded decomposition via SIMD polyphase + direct LAPACK,accuracy,torch,matlab_reference,true_target,0,gain_error,5.614244327656337e-06,ok,
forward,10,d866075,d8660758db53f4b4a7c7b71ecd70f76133dfe9fe,2026-07-30T11:45:29+08:00,perf(numpy): ~1.2x single-threaded decomposition via SIMD polyphase + direct LAPACK,accuracy,torch,matlab_reference,true_target,1,correlation,0.9999999564044311,ok,
forward,10,d866075,d8660758db53f4b4a7c7b71ecd70f76133dfe9fe,2026-07-30T11:45:29+08:00,perf(numpy): ~1.2x single-threaded decomposition via SIMD polyphase + direct LAPACK,accuracy,torch,matlab_reference,true_target,1,rms_ratio,1.0025691026873382,ok,
forward,10,d866075,d8660758db53f4b4a7c7b71ecd70f76133dfe9fe,2026-07-30T11:45:29+08:00,perf(numpy): ~1.2x single-threaded decomposition via SIMD polyphase + direct LAPACK,accuracy,torch,matlab_reference,true_target,1,gain_error,3.992446314216025e-06,ok,
forward,10,d866075,d8660758db53f4b4a7c7b71ecd70f76133dfe9fe,2026-07-30T11:45:29+08:00,perf(numpy): ~1.2x single-threaded decomposition via SIMD polyphase + direct LAPACK,accuracy,torch,matlab_reference,target_distortion,0,correlation,0.9999997507444935,ok,
forward,10,d866075,d8660758db53f4b4a7c7b71ecd70f76133dfe9fe,2026-07-30T11:45:29+08:00,perf(numpy): ~1.2x single-threaded decomposition via SIMD polyphase + direct LAPACK,accuracy,torch,matlab_reference,target_distortion,0,rms_ratio,1.002565976804637,ok,
forward,10,d866075,d8660758db53f4b4a7c7b71ecd70f76133dfe9fe,2026-07-30T11:45:29+08:00,perf(numpy): ~1.2x single-threaded decomposition via SIMD polyphase + direct LAPACK,accuracy,torch,matlab_reference,target_distortion,0,gain_error,8.745612998239949e-07,ok,
forward,10,d866075,d8660758db53f4b4a7c7b71ecd70f76133dfe9fe,2026-07-30T11:45:29+08:00,perf(numpy): ~1.2x single-threaded decomposition via SIMD polyphase + direct LAPACK,accuracy,torch,matlab_reference,target_distortion,1,correlation,0.9999997557603453,ok,
forward,10,d866075,d8660758db53f4b4a7c7b71ecd70f76133dfe9fe,2026-07-30T11:45:29+08:00,perf(numpy): ~1.2x single-threaded decomposition via SIMD polyphase + direct LAPACK,accuracy,torch,matlab_reference,target_distortion,1,rms_ratio,1.0025659893410255,ok,
forward,10,d866075,d8660758db53f4b4a7c7b71ecd70f76133dfe9fe,2026-07-30T11:45:29+08:00,perf(numpy): ~1.2x single-threaded decomposition via SIMD polyphase + direct LAPACK,accuracy,torch,matlab_reference,target_distortion,1,gain_error,8.870656134085664e-07,ok,
forward,10,d866075,d8660758db53f4b4a7c7b71ecd70f76133dfe9fe,2026-07-30T11:45:29+08:00,perf(numpy): ~1.2x single-threaded decomposition via SIMD polyphase + direct LAPACK,accuracy,torch,matlab_reference,interference,0,correlation,0.9999999299880384,ok,
forward,10,d866075,d8660758db53f4b4a7c7b71ecd70f76133dfe9fe,2026-07-30T11:45:29+08:00,perf(numpy): ~1.2x single-threaded decomposition via SIMD polyphase + direct LAPACK,accuracy,torch,matlab_reference,interference,0,rms_ratio,1.0025715794527985,ok,
forward,10,d866075,d8660758db53f4b4a7c7b71ecd70f76133dfe9fe,2026-07-30T11:45:29+08:00,perf(numpy): ~1.2x single-threaded decomposition via SIMD polyphase + direct LAPACK,accuracy,torch,matlab_reference,interference,0,gain_error,6.4628748781547785e-06,ok,
forward,10,d866075,d8660758db53f4b4a7c7b71ecd70f76133dfe9fe,2026-07-30T11:45:29+08:00,perf(numpy): ~1.2x single-threaded decomposition via SIMD polyphase + direct LAPACK,accuracy,torch,matlab_reference,interference,1,correlation,0.9999999259776344,ok,
forward,10,d866075,d8660758db53f4b4a7c7b71ecd70f76133dfe9fe,2026-07-30T11:45:29+08:00,perf(numpy): ~1.2x single-threaded decomposition via SIMD polyphase + direct LAPACK,accuracy,torch,matlab_reference,interference,1,rms_ratio,1.00257196190494,ok,
forward,10,d866075,d8660758db53f4b4a7c7b71ecd70f76133dfe9fe,2026-07-30T11:45:29+08:00,perf(numpy): ~1.2x single-threaded decomposition via SIMD polyphase + direct LAPACK,accuracy,torch,matlab_reference,interference,1,gain_error,6.844348501733322e-06,ok,
forward,10,d866075,d8660758db53f4b4a7c7b71ecd70f76133dfe9fe,2026-07-30T11:45:29+08:00,perf(numpy): ~1.2x single-threaded decomposition via SIMD polyphase + direct LAPACK,accuracy,torch,matlab_reference,artifacts,0,correlation,0.9999966857318855,ok,
forward,10,d866075,d8660758db53f4b4a7c7b71ecd70f76133dfe9fe,2026-07-30T11:45:29+08:00,perf(numpy): ~1.2x single-threaded decomposition via SIMD polyphase + direct LAPACK,accuracy,torch,matlab_reference,artifacts,0,rms_ratio,1.0025610930776054,ok,
forward,10,d866075,d8660758db53f4b4a7c7b71ecd70f76133dfe9fe,2026-07-30T11:45:29+08:00,perf(numpy): ~1.2x single-threaded decomposition via SIMD polyphase + direct LAPACK,accuracy,torch,matlab_reference,artifacts,0,gain_error,-3.996670534966995e-06,ok,
forward,10,d866075,d8660758db53f4b4a7c7b71ecd70f76133dfe9fe,2026-07-30T11:45:29+08:00,perf(numpy): ~1.2x single-threaded decomposition via SIMD polyphase + direct LAPACK,accuracy,torch,matlab_reference,artifacts,1,correlation,0.9999967238573111,ok,
forward,10,d866075,d8660758db53f4b4a7c7b71ecd70f76133dfe9fe,2026-07-30T11:45:29+08:00,perf(numpy): ~1.2x single-threaded decomposition via SIMD polyphase + direct LAPACK,accuracy,torch,matlab_reference,artifacts,1,rms_ratio,1.0025699462116837,ok,
forward,10,d866075,d8660758db53f4b4a7c7b71ecd70f76133dfe9fe,2026-07-30T11:45:29+08:00,perf(numpy): ~1.2x single-threaded decomposition via SIMD polyphase + direct LAPACK,accuracy,torch,matlab_reference,artifacts,1,gain_error,4.833812471405352e-06,ok,
forward,10,d866075,d8660758db53f4b4a7c7b71ecd70f76133dfe9fe,2026-07-30T11:45:29+08:00,perf(numpy): ~1.2x single-threaded decomposition via SIMD polyphase + direct LAPACK,score,numpy,matlab_reference,,,overall_perceptual_score,17.665376880093117,ok,
forward,10,d866075,d8660758db53f4b4a7c7b71ecd70f76133dfe9fe,2026-07-30T11:45:29+08:00,perf(numpy): ~1.2x single-threaded decomposition via SIMD polyphase + direct LAPACK,score,numpy,matlab_reference,,,target_perceptual_score,60.99146887592377,ok,
forward,10,d866075,d8660758db53f4b4a7c7b71ecd70f76133dfe9fe,2026-07-30T11:45:29+08:00,perf(numpy): ~1.2x single-threaded decomposition via SIMD polyphase + direct LAPACK,score,numpy,matlab_reference,,,interference_perceptual_score,20.484287948749348,ok,
forward,10,d866075,d8660758db53f4b4a7c7b71ecd70f76133dfe9fe,2026-07-30T11:45:29+08:00,perf(numpy): ~1.2x single-threaded decomposition via SIMD polyphase + direct LAPACK,score,numpy,matlab_reference,,,artifact_perceptual_score,76.30171874493138,ok,
forward,10,d866075,d8660758db53f4b4a7c7b71ecd70f76133dfe9fe,2026-07-30T11:45:29+08:00,perf(numpy): ~1.2x single-threaded decomposition via SIMD polyphase + direct LAPACK,score,numpy,matlab_reference,,,source_to_distortion_ratio,0.9106302673363782,ok,
forward,10,d866075,d8660758db53f4b4a7c7b71ecd70f76133dfe9fe,2026-07-30T11:45:29+08:00,perf(numpy): ~1.2x single-threaded decomposition via SIMD polyphase + direct LAPACK,score,numpy,matlab_reference,,,source_to_spatial_distortion_ratio,7.51841165640978,ok,
forward,10,d866075,d8660758db53f4b4a7c7b71ecd70f76133dfe9fe,2026-07-30T11:45:29+08:00,perf(numpy): ~1.2x single-threaded decomposition via SIMD polyphase + direct LAPACK,score,numpy,matlab_reference,,,source_to_interference_ratio,-0.3706679842034427,ok,
forward,10,d866075,d8660758db53f4b4a7c7b71ecd70f76133dfe9fe,2026-07-30T11:45:29+08:00,perf(numpy): ~1.2x single-threaded decomposition via SIMD polyphase + direct LAPACK,score,numpy,matlab_reference,,,source_to_artifacts_ratio,19.359280882749953,ok,
forward,10,d866075,d8660758db53f4b4a7c7b71ecd70f76133dfe9fe,2026-07-30T11:45:29+08:00,perf(numpy): ~1.2x single-threaded decomposition via SIMD polyphase + direct LAPACK,score,torch,matlab_reference,,,overall_perceptual_score,17.665492571916488,ok,
forward,10,d866075,d8660758db53f4b4a7c7b71ecd70f76133dfe9fe,2026-07-30T11:45:29+08:00,perf(numpy): ~1.2x single-threaded decomposition via SIMD polyphase + direct LAPACK,score,torch,matlab_reference,,,target_perceptual_score,60.99149950169078,ok,
forward,10,d866075,d8660758db53f4b4a7c7b71ecd70f76133dfe9fe,2026-07-30T11:45:29+08:00,perf(numpy): ~1.2x single-threaded decomposition via SIMD polyphase + direct LAPACK,score,torch,matlab_reference,,,interference_perceptual_score,20.48465191056083,ok,
forward,10,d866075,d8660758db53f4b4a7c7b71ecd70f76133dfe9fe,2026-07-30T11:45:29+08:00,perf(numpy): ~1.2x single-threaded decomposition via SIMD polyphase + direct LAPACK,score,torch,matlab_reference,,,artifact_perceptual_score,76.30171406916641,ok,
forward,10,d866075,d8660758db53f4b4a7c7b71ecd70f76133dfe9fe,2026-07-30T11:45:29+08:00,perf(numpy): ~1.2x single-threaded decomposition via SIMD polyphase + direct LAPACK,score,torch,matlab_reference,,,source_to_distortion_ratio,0.9106286385648361,ok,
forward,10,d866075,d8660758db53f4b4a7c7b71ecd70f76133dfe9fe,2026-07-30T11:45:29+08:00,perf(numpy): ~1.2x single-threaded decomposition via SIMD polyphase + direct LAPACK,score,torch,matlab_reference,,,source_to_spatial_distortion_ratio,7.518407592481355,ok,
forward,10,d866075,d8660758db53f4b4a7c7b71ecd70f76133dfe9fe,2026-07-30T11:45:29+08:00,perf(numpy): ~1.2x single-threaded decomposition via SIMD polyphase + direct LAPACK,score,torch,matlab_reference,,,source_to_interference_ratio,-0.370672002708567,ok,
forward,10,d866075,d8660758db53f4b4a7c7b71ecd70f76133dfe9fe,2026-07-30T11:45:29+08:00,perf(numpy): ~1.2x single-threaded decomposition via SIMD polyphase + direct LAPACK,score,torch,matlab_reference,,,source_to_artifacts_ratio,19.3592814745367,ok,
forward,10,d866075,d8660758db53f4b4a7c7b71ecd70f76133dfe9fe,2026-07-30T11:45:29+08:00,perf(numpy): ~1.2x single-threaded decomposition via SIMD polyphase + direct LAPACK,timing,numpy,mono,,,median_seconds,2.869689700193703,ok,
forward,10,d866075,d8660758db53f4b4a7c7b71ecd70f76133dfe9fe,2026-07-30T11:45:29+08:00,perf(numpy): ~1.2x single-threaded decomposition via SIMD polyphase + direct LAPACK,timing,numpy,mono,,,min_seconds,2.846141600050032,ok,
forward,10,d866075,d8660758db53f4b4a7c7b71ecd70f76133dfe9fe,2026-07-30T11:45:29+08:00,perf(numpy): ~1.2x single-threaded decomposition via SIMD polyphase + direct LAPACK,timing,numpy,mono,,,audio_seconds,5.0,ok,
forward,10,d866075,d8660758db53f4b4a7c7b71ecd70f76133dfe9fe,2026-07-30T11:45:29+08:00,perf(numpy): ~1.2x single-threaded decomposition via SIMD polyphase + direct LAPACK,timing,numpy,mono,,,seconds_per_audio_second,0.5739379400387407,ok,
forward,10,d866075,d8660758db53f4b4a7c7b71ecd70f76133dfe9fe,2026-07-30T11:45:29+08:00,perf(numpy): ~1.2x single-threaded decomposition via SIMD polyphase + direct LAPACK,timing,numpy,mono,,,realtime_factor,1.7423486586938308,ok,
forward,10,d866075,d8660758db53f4b4a7c7b71ecd70f76133dfe9fe,2026-07-30T11:45:29+08:00,perf(numpy): ~1.2x single-threaded decomposition via SIMD polyphase + direct LAPACK,timing,numpy,mono,,,spread_pct,5.304089583148658,ok,
forward,10,d866075,d8660758db53f4b4a7c7b71ecd70f76133dfe9fe,2026-07-30T11:45:29+08:00,perf(numpy): ~1.2x single-threaded decomposition via SIMD polyphase + direct LAPACK,timing,numpy,stereo,,,median_seconds,5.421891100239009,ok,
forward,10,d866075,d8660758db53f4b4a7c7b71ecd70f76133dfe9fe,2026-07-30T11:45:29+08:00,perf(numpy): ~1.2x single-threaded decomposition via SIMD polyphase + direct LAPACK,timing,numpy,stereo,,,min_seconds,5.390901800245047,ok,
forward,10,d866075,d8660758db53f4b4a7c7b71ecd70f76133dfe9fe,2026-07-30T11:45:29+08:00,perf(numpy): ~1.2x single-threaded decomposition via SIMD polyphase + direct LAPACK,timing,numpy,stereo,,,audio_seconds,5.0,ok,
forward,10,d866075,d8660758db53f4b4a7c7b71ecd70f76133dfe9fe,2026-07-30T11:45:29+08:00,perf(numpy): ~1.2x single-threaded decomposition via SIMD polyphase + direct LAPACK,timing,numpy,stereo,,,seconds_per_audio_second,1.0843782200478018,ok,
forward,10,d866075,d8660758db53f4b4a7c7b71ecd70f76133dfe9fe,2026-07-30T11:45:29+08:00,perf(numpy): ~1.2x single-threaded decomposition via SIMD polyphase + direct LAPACK,timing,numpy,stereo,,,realtime_factor,0.9221874632966326,ok,
forward,10,d866075,d8660758db53f4b4a7c7b71ecd70f76133dfe9fe,2026-07-30T11:45:29+08:00,perf(numpy): ~1.2x single-threaded decomposition via SIMD polyphase + direct LAPACK,timing,numpy,stereo,,,spread_pct,1.6541443904996629,ok,
forward,10,d866075,d8660758db53f4b4a7c7b71ecd70f76133dfe9fe,2026-07-30T11:45:29+08:00,perf(numpy): ~1.2x single-threaded decomposition via SIMD polyphase + direct LAPACK,timing,torch,mono,,,median_seconds,5.0454629003070295,ok,
forward,10,d866075,d8660758db53f4b4a7c7b71ecd70f76133dfe9fe,2026-07-30T11:45:29+08:00,perf(numpy): ~1.2x single-threaded decomposition via SIMD polyphase + direct LAPACK,timing,torch,mono,,,min_seconds,5.032962100114673,ok,
forward,10,d866075,d8660758db53f4b4a7c7b71ecd70f76133dfe9fe,2026-07-30T11:45:29+08:00,perf(numpy): ~1.2x single-threaded decomposition via SIMD polyphase + direct LAPACK,timing,torch,mono,,,audio_seconds,5.0,ok,
forward,10,d866075,d8660758db53f4b4a7c7b71ecd70f76133dfe9fe,2026-07-30T11:45:29+08:00,perf(numpy): ~1.2x single-threaded decomposition via SIMD polyphase + direct LAPACK,timing,torch,mono,,,seconds_per_audio_second,1.009092580061406,ok,
forward,10,d866075,d8660758db53f4b4a7c7b71ecd70f76133dfe9fe,2026-07-30T11:45:29+08:00,perf(numpy): ~1.2x single-threaded decomposition via SIMD polyphase + direct LAPACK,timing,torch,mono,,,realtime_factor,0.9909893499951683,ok,
forward,10,d866075,d8660758db53f4b4a7c7b71ecd70f76133dfe9fe,2026-07-30T11:45:29+08:00,perf(numpy): ~1.2x single-threaded decomposition via SIMD polyphase + direct LAPACK,timing,torch,mono,,,spread_pct,1.3306160164525416,ok,
forward,10,d866075,d8660758db53f4b4a7c7b71ecd70f76133dfe9fe,2026-07-30T11:45:29+08:00,perf(numpy): ~1.2x single-threaded decomposition via SIMD polyphase + direct LAPACK,timing,torch,stereo,,,median_seconds,12.812450599856675,ok,
forward,10,d866075,d8660758db53f4b4a7c7b71ecd70f76133dfe9fe,2026-07-30T11:45:29+08:00,perf(numpy): ~1.2x single-threaded decomposition via SIMD polyphase + direct LAPACK,timing,torch,stereo,,,min_seconds,12.647884999867529,ok,
forward,10,d866075,d8660758db53f4b4a7c7b71ecd70f76133dfe9fe,2026-07-30T11:45:29+08:00,perf(numpy): ~1.2x single-threaded decomposition via SIMD polyphase + direct LAPACK,timing,torch,stereo,,,audio_seconds,5.0,ok,
forward,10,d866075,d8660758db53f4b4a7c7b71ecd70f76133dfe9fe,2026-07-30T11:45:29+08:00,perf(numpy): ~1.2x single-threaded decomposition via SIMD polyphase + direct LAPACK,timing,torch,stereo,,,seconds_per_audio_second,2.562490119971335,ok,
forward,10,d866075,d8660758db53f4b4a7c7b71ecd70f76133dfe9fe,2026-07-30T11:45:29+08:00,perf(numpy): ~1.2x single-threaded decomposition via SIMD polyphase + direct LAPACK,timing,torch,stereo,,,realtime_factor,0.39024540707738864,ok,
forward,10,d866075,d8660758db53f4b4a7c7b71ecd70f76133dfe9fe,2026-07-30T11:45:29+08:00,perf(numpy): ~1.2x single-threaded decomposition via SIMD polyphase + direct LAPACK,timing,torch,stereo,,,spread_pct,5.516067706176142,ok,
forward,11,3079de1,3079de13e3e9121e59dcfb96b870ac58b1ede794,2026-07-08T05:04:35+08:00,"Default to full-order resampling (MATLAB-faithful), make it configurable",meta,,,,,measured,1,partial,[scores/torch] RuntimeError: [enforce fail at alloc_cpu.cpp:117] data. DefaultCPUAllocator: not enough memory: you tried
forward,11,3079de1,3079de13e3e9121e59dcfb96b870ac58b1ede794,2026-07-08T05:04:35+08:00,"Default to full-order resampling (MATLAB-faithful), make it configurable",accuracy,numpy,matlab_reference,true_target,0,correlation,0.9999999560978137,partial,[scores/torch] RuntimeError: [enforce fail at alloc_cpu.cpp:117] data. DefaultCPUAllocator: not enough memory: you tried
forward,11,3079de1,3079de13e3e9121e59dcfb96b870ac58b1ede794,2026-07-08T05:04:35+08:00,"Default to full-order resampling (MATLAB-faithful), make it configurable",accuracy,numpy,matlab_reference,true_target,0,rms_ratio,1.0025706231995062,partial,[scores/torch] RuntimeError: [enforce fail at alloc_cpu.cpp:117] data. DefaultCPUAllocator: not enough memory: you tried
forward,11,3079de1,3079de13e3e9121e59dcfb96b870ac58b1ede794,2026-07-08T05:04:35+08:00,"Default to full-order resampling (MATLAB-faithful), make it configurable",accuracy,numpy,matlab_reference,true_target,0,gain_error,5.5090681954084175e-06,partial,[scores/torch] RuntimeError: [enforce fail at alloc_cpu.cpp:117] data. DefaultCPUAllocator: not enough memory: you tried
forward,11,3079de1,3079de13e3e9121e59dcfb96b870ac58b1ede794,2026-07-08T05:04:35+08:00,"Default to full-order resampling (MATLAB-faithful), make it configurable",accuracy,numpy,matlab_reference,true_target,1,correlation,0.9999999564111275,partial,[scores/torch] RuntimeError: [enforce fail at alloc_cpu.cpp:117] data. DefaultCPUAllocator: not enough memory: you tried
forward,11,3079de1,3079de13e3e9121e59dcfb96b870ac58b1ede794,2026-07-08T05:04:35+08:00,"Default to full-order resampling (MATLAB-faithful), make it configurable",accuracy,numpy,matlab_reference,true_target,1,rms_ratio,1.0025690082425327,partial,[scores/torch] RuntimeError: [enforce fail at alloc_cpu.cpp:117] data. DefaultCPUAllocator: not enough memory: you tried
forward,11,3079de1,3079de13e3e9121e59dcfb96b870ac58b1ede794,2026-07-08T05:04:35+08:00,"Default to full-order resampling (MATLAB-faithful), make it configurable",accuracy,numpy,matlab_reference,true_target,1,gain_error,3.8982431491696445e-06,partial,[scores/torch] RuntimeError: [enforce fail at alloc_cpu.cpp:117] data. DefaultCPUAllocator: not enough memory: you tried
forward,11,3079de1,3079de13e3e9121e59dcfb96b870ac58b1ede794,2026-07-08T05:04:35+08:00,"Default to full-order resampling (MATLAB-faithful), make it configurable",accuracy,numpy,matlab_reference,target_distortion,0,correlation,0.9999997508189172,partial,[scores/torch] RuntimeError: [enforce fail at alloc_cpu.cpp:117] data. DefaultCPUAllocator: not enough memory: you tried
forward,11,3079de1,3079de13e3e9121e59dcfb96b870ac58b1ede794,2026-07-08T05:04:35+08:00,"Default to full-order resampling (MATLAB-faithful), make it configurable",accuracy,numpy,matlab_reference,target_distortion,0,rms_ratio,1.0025652937674152,partial,[scores/torch] RuntimeError: [enforce fail at alloc_cpu.cpp:117] data. DefaultCPUAllocator: not enough memory: you tried
forward,11,3079de1,3079de13e3e9121e59dcfb96b870ac58b1ede794,2026-07-08T05:04:35+08:00,"Default to full-order resampling (MATLAB-faithful), make it configurable",accuracy,numpy,matlab_reference,target_distortion,0,gain_error,1.9327165401428203e-07,partial,[scores/torch] RuntimeError: [enforce fail at alloc_cpu.cpp:117] data. DefaultCPUAllocator: not enough memory: you tried
forward,11,3079de1,3079de13e3e9121e59dcfb96b870ac58b1ede794,2026-07-08T05:04:35+08:00,"Default to full-order resampling (MATLAB-faithful), make it configurable",accuracy,numpy,matlab_reference,target_distortion,1,correlation,0.9999997557985001,partial,[scores/torch] RuntimeError: [enforce fail at alloc_cpu.cpp:117] data. DefaultCPUAllocator: not enough memory: you tried
forward,11,3079de1,3079de13e3e9121e59dcfb96b870ac58b1ede794,2026-07-08T05:04:35+08:00,"Default to full-order resampling (MATLAB-faithful), make it configurable",accuracy,numpy,matlab_reference,target_distortion,1,rms_ratio,1.0025655321425937,partial,[scores/torch] RuntimeError: [enforce fail at alloc_cpu.cpp:117] data. DefaultCPUAllocator: not enough memory: you tried
forward,11,3079de1,3079de13e3e9121e59dcfb96b870ac58b1ede794,2026-07-08T05:04:35+08:00,"Default to full-order resampling (MATLAB-faithful), make it configurable",accuracy,numpy,matlab_reference,target_distortion,1,gain_error,4.3103694080670607e-07,partial,[scores/torch] RuntimeError: [enforce fail at alloc_cpu.cpp:117] data. DefaultCPUAllocator: not enough memory: you tried
forward,11,3079de1,3079de13e3e9121e59dcfb96b870ac58b1ede794,2026-07-08T05:04:35+08:00,"Default to full-order resampling (MATLAB-faithful), make it configurable",accuracy,numpy,matlab_reference,interference,0,correlation,0.9999999300181497,partial,[scores/torch] RuntimeError: [enforce fail at alloc_cpu.cpp:117] data. DefaultCPUAllocator: not enough memory: you tried
forward,11,3079de1,3079de13e3e9121e59dcfb96b870ac58b1ede794,2026-07-08T05:04:35+08:00,"Default to full-order resampling (MATLAB-faithful), make it configurable",accuracy,numpy,matlab_reference,interference,0,rms_ratio,1.0025711943742592,partial,[scores/torch] RuntimeError: [enforce fail at alloc_cpu.cpp:117] data. DefaultCPUAllocator: not enough memory: you tried
forward,11,3079de1,3079de13e3e9121e59dcfb96b870ac58b1ede794,2026-07-08T05:04:35+08:00,"Default to full-order resampling (MATLAB-faithful), make it configurable",accuracy,numpy,matlab_reference,interference,0,gain_error,6.078781576546177e-06,partial,[scores/torch] RuntimeError: [enforce fail at alloc_cpu.cpp:117] data. DefaultCPUAllocator: not enough memory: you tried
forward,11,3079de1,3079de13e3e9121e59dcfb96b870ac58b1ede794,2026-07-08T05:04:35+08:00,"Default to full-order resampling (MATLAB-faithful), make it configurable",accuracy,numpy,matlab_reference,interference,1,correlation,0.9999999259976572,partial,[scores/torch] RuntimeError: [enforce fail at alloc_cpu.cpp:117] data. DefaultCPUAllocator: not enough memory: you tried
forward,11,3079de1,3079de13e3e9121e59dcfb96b870ac58b1ede794,2026-07-08T05:04:35+08:00,"Default to full-order resampling (MATLAB-faithful), make it configurable",accuracy,numpy,matlab_reference,interference,1,rms_ratio,1.0025716420229682,partial,[scores/torch] RuntimeError: [enforce fail at alloc_cpu.cpp:117] data. DefaultCPUAllocator: not enough memory: you tried
forward,11,3079de1,3079de13e3e9121e59dcfb96b870ac58b1ede794,2026-07-08T05:04:35+08:00,"Default to full-order resampling (MATLAB-faithful), make it configurable",accuracy,numpy,matlab_reference,interference,1,gain_error,6.525284959701949e-06,partial,[scores/torch] RuntimeError: [enforce fail at alloc_cpu.cpp:117] data. DefaultCPUAllocator: not enough memory: you tried
forward,11,3079de1,3079de13e3e9121e59dcfb96b870ac58b1ede794,2026-07-08T05:04:35+08:00,"Default to full-order resampling (MATLAB-faithful), make it configurable",accuracy,numpy,matlab_reference,artifacts,0,correlation,0.9999966862367501,partial,[scores/torch] RuntimeError: [enforce fail at alloc_cpu.cpp:117] data. DefaultCPUAllocator: not enough memory: you tried
forward,11,3079de1,3079de13e3e9121e59dcfb96b870ac58b1ede794,2026-07-08T05:04:35+08:00,"Default to full-order resampling (MATLAB-faithful), make it configurable",accuracy,numpy,matlab_reference,artifacts,0,rms_ratio,1.0025609267692657,partial,[scores/torch] RuntimeError: [enforce fail at alloc_cpu.cpp:117] data. DefaultCPUAllocator: not enough memory: you tried
forward,11,3079de1,3079de13e3e9121e59dcfb96b870ac58b1ede794,2026-07-08T05:04:35+08:00,"Default to full-order resampling (MATLAB-faithful), make it configurable",accuracy,numpy,matlab_reference,artifacts,0,gain_error,-4.16255336865845e-06,partial,[scores/torch] RuntimeError: [enforce fail at alloc_cpu.cpp:117] data. DefaultCPUAllocator: not enough memory: you tried
forward,11,3079de1,3079de13e3e9121e59dcfb96b870ac58b1ede794,2026-07-08T05:04:35+08:00,"Default to full-order resampling (MATLAB-faithful), make it configurable",accuracy,numpy,matlab_reference,artifacts,1,correlation,0.9999967242504328,partial,[scores/torch] RuntimeError: [enforce fail at alloc_cpu.cpp:117] data. DefaultCPUAllocator: not enough memory: you tried
forward,11,3079de1,3079de13e3e9121e59dcfb96b870ac58b1ede794,2026-07-08T05:04:35+08:00,"Default to full-order resampling (MATLAB-faithful), make it configurable",accuracy,numpy,matlab_reference,artifacts,1,rms_ratio,1.0025697848341788,partial,[scores/torch] RuntimeError: [enforce fail at alloc_cpu.cpp:117] data. DefaultCPUAllocator: not enough memory: you tried
forward,11,3079de1,3079de13e3e9121e59dcfb96b870ac58b1ede794,2026-07-08T05:04:35+08:00,"Default to full-order resampling (MATLAB-faithful), make it configurable",accuracy,numpy,matlab_reference,artifacts,1,gain_error,4.672847856879159e-06,partial,[scores/torch] RuntimeError: [enforce fail at alloc_cpu.cpp:117] data. DefaultCPUAllocator: not enough memory: you tried
forward,11,3079de1,3079de13e3e9121e59dcfb96b870ac58b1ede794,2026-07-08T05:04:35+08:00,"Default to full-order resampling (MATLAB-faithful), make it configurable",accuracy,torch,matlab_reference,true_target,0,correlation,0.9999999560921412,partial,[scores/torch] RuntimeError: [enforce fail at alloc_cpu.cpp:117] data. DefaultCPUAllocator: not enough memory: you tried
forward,11,3079de1,3079de13e3e9121e59dcfb96b870ac58b1ede794,2026-07-08T05:04:35+08:00,"Default to full-order resampling (MATLAB-faithful), make it configurable",accuracy,torch,matlab_reference,true_target,0,rms_ratio,1.0025707286454266,partial,[scores/torch] RuntimeError: [enforce fail at alloc_cpu.cpp:117] data. DefaultCPUAllocator: not enough memory: you tried
forward,11,3079de1,3079de13e3e9121e59dcfb96b870ac58b1ede794,2026-07-08T05:04:35+08:00,"Default to full-order resampling (MATLAB-faithful), make it configurable",accuracy,torch,matlab_reference,true_target,0,gain_error,5.614244328544515e-06,partial,[scores/torch] RuntimeError: [enforce fail at alloc_cpu.cpp:117] data. DefaultCPUAllocator: not enough memory: you tried
forward,11,3079de1,3079de13e3e9121e59dcfb96b870ac58b1ede794,2026-07-08T05:04:35+08:00,"Default to full-order resampling (MATLAB-faithful), make it configurable",accuracy,torch,matlab_reference,true_target,1,correlation,0.9999999564044308,partial,[scores/torch] RuntimeError: [enforce fail at alloc_cpu.cpp:117] data. DefaultCPUAllocator: not enough memory: you tried
forward,11,3079de1,3079de13e3e9121e59dcfb96b870ac58b1ede794,2026-07-08T05:04:35+08:00,"Default to full-order resampling (MATLAB-faithful), make it configurable",accuracy,torch,matlab_reference,true_target,1,rms_ratio,1.0025691026873391,partial,[scores/torch] RuntimeError: [enforce fail at alloc_cpu.cpp:117] data. DefaultCPUAllocator: not enough memory: you tried
forward,11,3079de1,3079de13e3e9121e59dcfb96b870ac58b1ede794,2026-07-08T05:04:35+08:00,"Default to full-order resampling (MATLAB-faithful), make it configurable",accuracy,torch,matlab_reference,true_target,1,gain_error,3.992446315104203e-06,partial,[scores/torch] RuntimeError: [enforce fail at alloc_cpu.cpp:117] data. DefaultCPUAllocator: not enough memory: you tried
forward,11,3079de1,3079de13e3e9121e59dcfb96b870ac58b1ede794,2026-07-08T05:04:35+08:00,"Default to full-order resampling (MATLAB-faithful), make it configurable",accuracy,torch,matlab_reference,target_distortion,0,correlation,0.9999997507444969,partial,[scores/torch] RuntimeError: [enforce fail at alloc_cpu.cpp:117] data. DefaultCPUAllocator: not enough memory: you tried
forward,11,3079de1,3079de13e3e9121e59dcfb96b870ac58b1ede794,2026-07-08T05:04:35+08:00,"Default to full-order resampling (MATLAB-faithful), make it configurable",accuracy,torch,matlab_reference,target_distortion,0,rms_ratio,1.0025659768112907,partial,[scores/torch] RuntimeError: [enforce fail at alloc_cpu.cpp:117] data. DefaultCPUAllocator: not enough memory: you tried
forward,11,3079de1,3079de13e3e9121e59dcfb96b870ac58b1ede794,2026-07-08T05:04:35+08:00,"Default to full-order resampling (MATLAB-faithful), make it configurable",accuracy,torch,matlab_reference,target_distortion,0,gain_error,8.745679365151915e-07,partial,[scores/torch] RuntimeError: [enforce fail at alloc_cpu.cpp:117] data. DefaultCPUAllocator: not enough memory: you tried
forward,11,3079de1,3079de13e3e9121e59dcfb96b870ac58b1ede794,2026-07-08T05:04:35+08:00,"Default to full-order resampling (MATLAB-faithful), make it configurable",accuracy,torch,matlab_reference,target_distortion,1,correlation,0.9999997557603447,partial,[scores/torch] RuntimeError: [enforce fail at alloc_cpu.cpp:117] data. DefaultCPUAllocator: not enough memory: you tried
forward,11,3079de1,3079de13e3e9121e59dcfb96b870ac58b1ede794,2026-07-08T05:04:35+08:00,"Default to full-order resampling (MATLAB-faithful), make it configurable",accuracy,torch,matlab_reference,target_distortion,1,rms_ratio,1.0025659893061174,partial,[scores/torch] RuntimeError: [enforce fail at alloc_cpu.cpp:117] data. DefaultCPUAllocator: not enough memory: you tried
forward,11,3079de1,3079de13e3e9121e59dcfb96b870ac58b1ede794,2026-07-08T05:04:35+08:00,"Default to full-order resampling (MATLAB-faithful), make it configurable",accuracy,torch,matlab_reference,target_distortion,1,gain_error,8.870307948161127e-07,partial,[scores/torch] RuntimeError: [enforce fail at alloc_cpu.cpp:117] data. DefaultCPUAllocator: not enough memory: you tried
forward,11,3079de1,3079de13e3e9121e59dcfb96b870ac58b1ede794,2026-07-08T05:04:35+08:00,"Default to full-order resampling (MATLAB-faithful), make it configurable",accuracy,torch,matlab_reference,interference,0,correlation,0.9999999299880392,partial,[scores/torch] RuntimeError: [enforce fail at alloc_cpu.cpp:117] data. DefaultCPUAllocator: not enough memory: you tried
forward,11,3079de1,3079de13e3e9121e59dcfb96b870ac58b1ede794,2026-07-08T05:04:35+08:00,"Default to full-order resampling (MATLAB-faithful), make it configurable",accuracy,torch,matlab_reference,interference,0,rms_ratio,1.0025715794948393,partial,[scores/torch] RuntimeError: [enforce fail at alloc_cpu.cpp:117] data. DefaultCPUAllocator: not enough memory: you tried
forward,11,3079de1,3079de13e3e9121e59dcfb96b870ac58b1ede794,2026-07-08T05:04:35+08:00,"Default to full-order resampling (MATLAB-faithful), make it configurable",accuracy,torch,matlab_reference,interference,0,gain_error,6.462916811500463e-06,partial,[scores/torch] RuntimeError: [enforce fail at alloc_cpu.cpp:117] data. DefaultCPUAllocator: not enough memory: you tried
forward,11,3079de1,3079de13e3e9121e59dcfb96b870ac58b1ede794,2026-07-08T05:04:35+08:00,"Default to full-order resampling (MATLAB-faithful), make it configurable",accuracy,torch,matlab_reference,interference,1,correlation,0.9999999259776358,partial,[scores/torch] RuntimeError: [enforce fail at alloc_cpu.cpp:117] data. DefaultCPUAllocator: not enough memory: you tried
forward,11,3079de1,3079de13e3e9121e59dcfb96b870ac58b1ede794,2026-07-08T05:04:35+08:00,"Default to full-order resampling (MATLAB-faithful), make it configurable",accuracy,torch,matlab_reference,interference,1,rms_ratio,1.002571961944147,partial,[scores/torch] RuntimeError: [enforce fail at alloc_cpu.cpp:117] data. DefaultCPUAllocator: not enough memory: you tried
forward,11,3079de1,3079de13e3e9121e59dcfb96b870ac58b1ede794,2026-07-08T05:04:35+08:00,"Default to full-order resampling (MATLAB-faithful), make it configurable",accuracy,torch,matlab_reference,interference,1,gain_error,6.844387608451186e-06,partial,[scores/torch] RuntimeError: [enforce fail at alloc_cpu.cpp:117] data. DefaultCPUAllocator: not enough memory: you tried
forward,11,3079de1,3079de13e3e9121e59dcfb96b870ac58b1ede794,2026-07-08T05:04:35+08:00,"Default to full-order resampling (MATLAB-faithful), make it configurable",accuracy,torch,matlab_reference,artifacts,0,correlation,0.9999966857319027,partial,[scores/torch] RuntimeError: [enforce fail at alloc_cpu.cpp:117] data. DefaultCPUAllocator: not enough memory: you tried
forward,11,3079de1,3079de13e3e9121e59dcfb96b870ac58b1ede794,2026-07-08T05:04:35+08:00,"Default to full-order resampling (MATLAB-faithful), make it configurable",accuracy,torch,matlab_reference,artifacts,0,rms_ratio,1.0025610929664979,partial,[scores/torch] RuntimeError: [enforce fail at alloc_cpu.cpp:117] data. DefaultCPUAllocator: not enough memory: you tried
forward,11,3079de1,3079de13e3e9121e59dcfb96b870ac58b1ede794,2026-07-08T05:04:35+08:00,"Default to full-order resampling (MATLAB-faithful), make it configurable",accuracy,torch,matlab_reference,artifacts,0,gain_error,-3.996781358206469e-06,partial,[scores/torch] RuntimeError: [enforce fail at alloc_cpu.cpp:117] data. DefaultCPUAllocator: not enough memory: you tried
forward,11,3079de1,3079de13e3e9121e59dcfb96b870ac58b1ede794,2026-07-08T05:04:35+08:00,"Default to full-order resampling (MATLAB-faithful), make it configurable",accuracy,torch,matlab_reference,artifacts,1,correlation,0.999996723857356,partial,[scores/torch] RuntimeError: [enforce fail at alloc_cpu.cpp:117] data. DefaultCPUAllocator: not enough memory: you tried
forward,11,3079de1,3079de13e3e9121e59dcfb96b870ac58b1ede794,2026-07-08T05:04:35+08:00,"Default to full-order resampling (MATLAB-faithful), make it configurable",accuracy,torch,matlab_reference,artifacts,1,rms_ratio,1.0025699462105606,partial,[scores/torch] RuntimeError: [enforce fail at alloc_cpu.cpp:117] data. DefaultCPUAllocator: not enough memory: you tried
forward,11,3079de1,3079de13e3e9121e59dcfb96b870ac58b1ede794,2026-07-08T05:04:35+08:00,"Default to full-order resampling (MATLAB-faithful), make it configurable",accuracy,torch,matlab_reference,artifacts,1,gain_error,4.83381135119032e-06,partial,[scores/torch] RuntimeError: [enforce fail at alloc_cpu.cpp:117] data. DefaultCPUAllocator: not enough memory: you tried
forward,11,3079de1,3079de13e3e9121e59dcfb96b870ac58b1ede794,2026-07-08T05:04:35+08:00,"Default to full-order resampling (MATLAB-faithful), make it configurable",score,numpy,matlab_reference,,,overall_perceptual_score,17.665376880093117,partial,[scores/torch] RuntimeError: [enforce fail at alloc_cpu.cpp:117] data. DefaultCPUAllocator: not enough memory: you tried
forward,11,3079de1,3079de13e3e9121e59dcfb96b870ac58b1ede794,2026-07-08T05:04:35+08:00,"Default to full-order resampling (MATLAB-faithful), make it configurable",score,numpy,matlab_reference,,,target_perceptual_score,60.99146887596704,partial,[scores/torch] RuntimeError: [enforce fail at alloc_cpu.cpp:117] data. DefaultCPUAllocator: not enough memory: you tried
forward,11,3079de1,3079de13e3e9121e59dcfb96b870ac58b1ede794,2026-07-08T05:04:35+08:00,"Default to full-order resampling (MATLAB-faithful), make it configurable",score,numpy,matlab_reference,,,interference_perceptual_score,20.484287948712314,partial,[scores/torch] RuntimeError: [enforce fail at alloc_cpu.cpp:117] data. DefaultCPUAllocator: not enough memory: you tried
forward,11,3079de1,3079de13e3e9121e59dcfb96b870ac58b1ede794,2026-07-08T05:04:35+08:00,"Default to full-order resampling (MATLAB-faithful), make it configurable",score,numpy,matlab_reference,,,artifact_perceptual_score,76.3017187450465,partial,[scores/torch] RuntimeError: [enforce fail at alloc_cpu.cpp:117] data. DefaultCPUAllocator: not enough memory: you tried
forward,11,3079de1,3079de13e3e9121e59dcfb96b870ac58b1ede794,2026-07-08T05:04:35+08:00,"Default to full-order resampling (MATLAB-faithful), make it configurable",score,numpy,matlab_reference,,,source_to_distortion_ratio,0.9106302673363782,partial,[scores/torch] RuntimeError: [enforce fail at alloc_cpu.cpp:117] data. DefaultCPUAllocator: not enough memory: you tried
forward,11,3079de1,3079de13e3e9121e59dcfb96b870ac58b1ede794,2026-07-08T05:04:35+08:00,"Default to full-order resampling (MATLAB-faithful), make it configurable",score,numpy,matlab_reference,,,source_to_spatial_distortion_ratio,7.5184116564069345,partial,[scores/torch] RuntimeError: [enforce fail at alloc_cpu.cpp:117] data. DefaultCPUAllocator: not enough memory: you tried
forward,11,3079de1,3079de13e3e9121e59dcfb96b870ac58b1ede794,2026-07-08T05:04:35+08:00,"Default to full-order resampling (MATLAB-faithful), make it configurable",score,numpy,matlab_reference,,,source_to_interference_ratio,-0.3706679842137262,partial,[scores/torch] RuntimeError: [enforce fail at alloc_cpu.cpp:117] data. DefaultCPUAllocator: not enough memory: you tried
forward,11,3079de1,3079de13e3e9121e59dcfb96b870ac58b1ede794,2026-07-08T05:04:35+08:00,"Default to full-order resampling (MATLAB-faithful), make it configurable",score,numpy,matlab_reference,,,source_to_artifacts_ratio,19.359280882737153,partial,[scores/torch] RuntimeError: [enforce fail at alloc_cpu.cpp:117] data. DefaultCPUAllocator: not enough memory: you tried
forward,11,3079de1,3079de13e3e9121e59dcfb96b870ac58b1ede794,2026-07-08T05:04:35+08:00,"Default to full-order resampling (MATLAB-faithful), make it configurable",timing,numpy,mono,,,median_seconds,3.8530887002125382,partial,[scores/torch] RuntimeError: [enforce fail at alloc_cpu.cpp:117] data. DefaultCPUAllocator: not enough memory: you tried
forward,11,3079de1,3079de13e3e9121e59dcfb96b870ac58b1ede794,2026-07-08T05:04:35+08:00,"Default to full-order resampling (MATLAB-faithful), make it configurable",timing,numpy,mono,,,min_seconds,3.5970222000032663,partial,[scores/torch] RuntimeError: [enforce fail at alloc_cpu.cpp:117] data. DefaultCPUAllocator: not enough memory: you tried
forward,11,3079de1,3079de13e3e9121e59dcfb96b870ac58b1ede794,2026-07-08T05:04:35+08:00,"Default to full-order resampling (MATLAB-faithful), make it configurable",timing,numpy,mono,,,audio_seconds,5.0,partial,[scores/torch] RuntimeError: [enforce fail at alloc_cpu.cpp:117] data. DefaultCPUAllocator: not enough memory: you tried
forward,11,3079de1,3079de13e3e9121e59dcfb96b870ac58b1ede794,2026-07-08T05:04:35+08:00,"Default to full-order resampling (MATLAB-faithful), make it configurable",timing,numpy,mono,,,seconds_per_audio_second,0.7706177400425076,partial,[scores/torch] RuntimeError: [enforce fail at alloc_cpu.cpp:117] data. DefaultCPUAllocator: not enough memory: you tried
forward,11,3079de1,3079de13e3e9121e59dcfb96b870ac58b1ede794,2026-07-08T05:04:35+08:00,"Default to full-order resampling (MATLAB-faithful), make it configurable",timing,numpy,mono,,,realtime_factor,1.297660238064127,partial,[scores/torch] RuntimeError: [enforce fail at alloc_cpu.cpp:117] data. DefaultCPUAllocator: not enough memory: you tried
forward,11,3079de1,3079de13e3e9121e59dcfb96b870ac58b1ede794,2026-07-08T05:04:35+08:00,"Default to full-order resampling (MATLAB-faithful), make it configurable",timing,numpy,mono,,,spread_pct,17.721936770263326,partial,[scores/torch] RuntimeError: [enforce fail at alloc_cpu.cpp:117] data. DefaultCPUAllocator: not enough memory: you tried
forward,11,3079de1,3079de13e3e9121e59dcfb96b870ac58b1ede794,2026-07-08T05:04:35+08:00,"Default to full-order resampling (MATLAB-faithful), make it configurable",timing,numpy,stereo,,,median_seconds,6.918216099962592,partial,[scores/torch] RuntimeError: [enforce fail at alloc_cpu.cpp:117] data. DefaultCPUAllocator: not enough memory: you tried
forward,11,3079de1,3079de13e3e9121e59dcfb96b870ac58b1ede794,2026-07-08T05:04:35+08:00,"Default to full-order resampling (MATLAB-faithful), make it configurable",timing,numpy,stereo,,,min_seconds,6.8451833999715745,partial,[scores/torch] RuntimeError: [enforce fail at alloc_cpu.cpp:117] data. DefaultCPUAllocator: not enough memory: you tried
forward,11,3079de1,3079de13e3e9121e59dcfb96b870ac58b1ede794,2026-07-08T05:04:35+08:00,"Default to full-order resampling (MATLAB-faithful), make it configurable",timing,numpy,stereo,,,audio_seconds,5.0,partial,[scores/torch] RuntimeError: [enforce fail at alloc_cpu.cpp:117] data. DefaultCPUAllocator: not enough memory: you tried
forward,11,3079de1,3079de13e3e9121e59dcfb96b870ac58b1ede794,2026-07-08T05:04:35+08:00,"Default to full-order resampling (MATLAB-faithful), make it configurable",timing,numpy,stereo,,,seconds_per_audio_second,1.3836432199925184,partial,[scores/torch] RuntimeError: [enforce fail at alloc_cpu.cpp:117] data. DefaultCPUAllocator: not enough memory: you tried
forward,11,3079de1,3079de13e3e9121e59dcfb96b870ac58b1ede794,2026-07-08T05:04:35+08:00,"Default to full-order resampling (MATLAB-faithful), make it configurable",timing,numpy,stereo,,,realtime_factor,0.7227296643750455,partial,[scores/torch] RuntimeError: [enforce fail at alloc_cpu.cpp:117] data. DefaultCPUAllocator: not enough memory: you tried
forward,11,3079de1,3079de13e3e9121e59dcfb96b870ac58b1ede794,2026-07-08T05:04:35+08:00,"Default to full-order resampling (MATLAB-faithful), make it configurable",timing,numpy,stereo,,,spread_pct,5.146829233785476,partial,[scores/torch] RuntimeError: [enforce fail at alloc_cpu.cpp:117] data. DefaultCPUAllocator: not enough memory: you tried
forward,11,3079de1,3079de13e3e9121e59dcfb96b870ac58b1ede794,2026-07-08T05:04:35+08:00,"Default to full-order resampling (MATLAB-faithful), make it configurable",timing,torch,mono,,,median_seconds,9.401618499774486,partial,[scores/torch] RuntimeError: [enforce fail at alloc_cpu.cpp:117] data. DefaultCPUAllocator: not enough memory: you tried
forward,11,3079de1,3079de13e3e9121e59dcfb96b870ac58b1ede794,2026-07-08T05:04:35+08:00,"Default to full-order resampling (MATLAB-faithful), make it configurable",timing,torch,mono,,,min_seconds,9.344394499901682,partial,[scores/torch] RuntimeError: [enforce fail at alloc_cpu.cpp:117] data. DefaultCPUAllocator: not enough memory: you tried
forward,11,3079de1,3079de13e3e9121e59dcfb96b870ac58b1ede794,2026-07-08T05:04:35+08:00,"Default to full-order resampling (MATLAB-faithful), make it configurable",timing,torch,mono,,,audio_seconds,5.0,partial,[scores/torch] RuntimeError: [enforce fail at alloc_cpu.cpp:117] data. DefaultCPUAllocator: not enough memory: you tried
forward,11,3079de1,3079de13e3e9121e59dcfb96b870ac58b1ede794,2026-07-08T05:04:35+08:00,"Default to full-order resampling (MATLAB-faithful), make it configurable",timing,torch,mono,,,seconds_per_audio_second,1.8803236999548971,partial,[scores/torch] RuntimeError: [enforce fail at alloc_cpu.cpp:117] data. DefaultCPUAllocator: not enough memory: you tried
forward,11,3079de1,3079de13e3e9121e59dcfb96b870ac58b1ede794,2026-07-08T05:04:35+08:00,"Default to full-order resampling (MATLAB-faithful), make it configurable",timing,torch,mono,,,realtime_factor,0.5318233238372663,partial,[scores/torch] RuntimeError: [enforce fail at alloc_cpu.cpp:117] data. DefaultCPUAllocator: not enough memory: you tried
forward,11,3079de1,3079de13e3e9121e59dcfb96b870ac58b1ede794,2026-07-08T05:04:35+08:00,"Default to full-order resampling (MATLAB-faithful), make it configurable",timing,torch,mono,,,spread_pct,9.201772254820323,partial,[scores/torch] RuntimeError: [enforce fail at alloc_cpu.cpp:117] data. DefaultCPUAllocator: not enough memory: you tried
forward,11,3079de1,3079de13e3e9121e59dcfb96b870ac58b1ede794,2026-07-08T05:04:35+08:00,"Default to full-order resampling (MATLAB-faithful), make it configurable",timing,torch,stereo,,,median_seconds,15.354714300017804,partial,[scores/torch] RuntimeError: [enforce fail at alloc_cpu.cpp:117] data. DefaultCPUAllocator: not enough memory: you tried
forward,11,3079de1,3079de13e3e9121e59dcfb96b870ac58b1ede794,2026-07-08T05:04:35+08:00,"Default to full-order resampling (MATLAB-faithful), make it configurable",timing,torch,stereo,,,min_seconds,15.150388299953192,partial,[scores/torch] RuntimeError: [enforce fail at alloc_cpu.cpp:117] data. DefaultCPUAllocator: not enough memory: you tried
forward,11,3079de1,3079de13e3e9121e59dcfb96b870ac58b1ede794,2026-07-08T05:04:35+08:00,"Default to full-order resampling (MATLAB-faithful), make it configurable",timing,torch,stereo,,,audio_seconds,5.0,partial,[scores/torch] RuntimeError: [enforce fail at alloc_cpu.cpp:117] data. DefaultCPUAllocator: not enough memory: you tried
forward,11,3079de1,3079de13e3e9121e59dcfb96b870ac58b1ede794,2026-07-08T05:04:35+08:00,"Default to full-order resampling (MATLAB-faithful), make it configurable",timing,torch,stereo,,,seconds_per_audio_second,3.070942860003561,partial,[scores/torch] RuntimeError: [enforce fail at alloc_cpu.cpp:117] data. DefaultCPUAllocator: not enough memory: you tried
forward,11,3079de1,3079de13e3e9121e59dcfb96b870ac58b1ede794,2026-07-08T05:04:35+08:00,"Default to full-order resampling (MATLAB-faithful), make it configurable",timing,torch,stereo,,,realtime_factor,0.32563289047938865,partial,[scores/torch] RuntimeError: [enforce fail at alloc_cpu.cpp:117] data. DefaultCPUAllocator: not enough memory: you tried
forward,11,3079de1,3079de13e3e9121e59dcfb96b870ac58b1ede794,2026-07-08T05:04:35+08:00,"Default to full-order resampling (MATLAB-faithful), make it configurable",timing,torch,stereo,,,spread_pct,1.4163617198853011,partial,[scores/torch] RuntimeError: [enforce fail at alloc_cpu.cpp:117] data. DefaultCPUAllocator: not enough memory: you tried
forward,12,e281b56,e281b56a38817183c71cd612bc10dcb1832b39ff,2026-07-08T04:26:48+08:00,Add comprehensive code-review findings document,meta,,,,,measured,1,partial,[scores/torch] RuntimeError: [enforce fail at alloc_cpu.cpp:117] data. DefaultCPUAllocator: not enough memory: you tried
forward,12,e281b56,e281b56a38817183c71cd612bc10dcb1832b39ff,2026-07-08T04:26:48+08:00,Add comprehensive code-review findings document,accuracy,numpy,matlab_reference,true_target,0,correlation,0.998043467203005,partial,[scores/torch] RuntimeError: [enforce fail at alloc_cpu.cpp:117] data. DefaultCPUAllocator: not enough memory: you tried
forward,12,e281b56,e281b56a38817183c71cd612bc10dcb1832b39ff,2026-07-08T04:26:48+08:00,Add comprehensive code-review findings document,accuracy,numpy,matlab_reference,true_target,0,rms_ratio,0.9379285236346512,partial,[scores/torch] RuntimeError: [enforce fail at alloc_cpu.cpp:117] data. DefaultCPUAllocator: not enough memory: you tried
forward,12,e281b56,e281b56a38817183c71cd612bc10dcb1832b39ff,2026-07-08T04:26:48+08:00,Add comprehensive code-review findings document,accuracy,numpy,matlab_reference,true_target,0,gain_error,-0.06447120128692774,partial,[scores/torch] RuntimeError: [enforce fail at alloc_cpu.cpp:117] data. DefaultCPUAllocator: not enough memory: you tried
forward,12,e281b56,e281b56a38817183c71cd612bc10dcb1832b39ff,2026-07-08T04:26:48+08:00,Add comprehensive code-review findings document,accuracy,numpy,matlab_reference,true_target,1,correlation,0.998039651119214,partial,[scores/torch] RuntimeError: [enforce fail at alloc_cpu.cpp:117] data. DefaultCPUAllocator: not enough memory: you tried
forward,12,e281b56,e281b56a38817183c71cd612bc10dcb1832b39ff,2026-07-08T04:26:48+08:00,Add comprehensive code-review findings document,accuracy,numpy,matlab_reference,true_target,1,rms_ratio,0.9377982102354642,partial,[scores/torch] RuntimeError: [enforce fail at alloc_cpu.cpp:117] data. DefaultCPUAllocator: not enough memory: you tried
forward,12,e281b56,e281b56a38817183c71cd612bc10dcb1832b39ff,2026-07-08T04:26:48+08:00,Add comprehensive code-review findings document,accuracy,numpy,matlab_reference,true_target,1,gain_error,-0.0646011812744487,partial,[scores/torch] RuntimeError: [enforce fail at alloc_cpu.cpp:117] data. DefaultCPUAllocator: not enough memory: you tried
forward,12,e281b56,e281b56a38817183c71cd612bc10dcb1832b39ff,2026-07-08T04:26:48+08:00,Add comprehensive code-review findings document,accuracy,numpy,matlab_reference,target_distortion,0,correlation,0.9976059825517861,partial,[scores/torch] RuntimeError: [enforce fail at alloc_cpu.cpp:117] data. DefaultCPUAllocator: not enough memory: you tried
forward,12,e281b56,e281b56a38817183c71cd612bc10dcb1832b39ff,2026-07-08T04:26:48+08:00,Add comprehensive code-review findings document,accuracy,numpy,matlab_reference,target_distortion,0,rms_ratio,0.9341083749580081,partial,[scores/torch] RuntimeError: [enforce fail at alloc_cpu.cpp:117] data. DefaultCPUAllocator: not enough memory: you tried
forward,12,e281b56,e281b56a38817183c71cd612bc10dcb1832b39ff,2026-07-08T04:26:48+08:00,Add comprehensive code-review findings document,accuracy,numpy,matlab_reference,target_distortion,0,gain_error,-0.06828157597146745,partial,[scores/torch] RuntimeError: [enforce fail at alloc_cpu.cpp:117] data. DefaultCPUAllocator: not enough memory: you tried
forward,12,e281b56,e281b56a38817183c71cd612bc10dcb1832b39ff,2026-07-08T04:26:48+08:00,Add comprehensive code-review findings document,accuracy,numpy,matlab_reference,target_distortion,1,correlation,0.9976259754732566,partial,[scores/torch] RuntimeError: [enforce fail at alloc_cpu.cpp:117] data. DefaultCPUAllocator: not enough memory: you tried
forward,12,e281b56,e281b56a38817183c71cd612bc10dcb1832b39ff,2026-07-08T04:26:48+08:00,Add comprehensive code-review findings document,accuracy,numpy,matlab_reference,target_distortion,1,rms_ratio,0.9345358499276575,partial,[scores/torch] RuntimeError: [enforce fail at alloc_cpu.cpp:117] data. DefaultCPUAllocator: not enough memory: you tried
forward,12,e281b56,e281b56a38817183c71cd612bc10dcb1832b39ff,2026-07-08T04:26:48+08:00,Add comprehensive code-review findings document,accuracy,numpy,matlab_reference,target_distortion,1,gain_error,-0.06785519471238577,partial,[scores/torch] RuntimeError: [enforce fail at alloc_cpu.cpp:117] data. DefaultCPUAllocator: not enough memory: you tried
forward,12,e281b56,e281b56a38817183c71cd612bc10dcb1832b39ff,2026-07-08T04:26:48+08:00,Add comprehensive code-review findings document,accuracy,numpy,matlab_reference,interference,0,correlation,0.9981019258077409,partial,[scores/torch] RuntimeError: [enforce fail at alloc_cpu.cpp:117] data. DefaultCPUAllocator: not enough memory: you tried
forward,12,e281b56,e281b56a38817183c71cd612bc10dcb1832b39ff,2026-07-08T04:26:48+08:00,Add comprehensive code-review findings document,accuracy,numpy,matlab_reference,interference,0,rms_ratio,0.9395249467112846,partial,[scores/torch] RuntimeError: [enforce fail at alloc_cpu.cpp:117] data. DefaultCPUAllocator: not enough memory: you tried
forward,12,e281b56,e281b56a38817183c71cd612bc10dcb1832b39ff,2026-07-08T04:26:48+08:00,Add comprehensive code-review findings document,accuracy,numpy,matlab_reference,interference,0,gain_error,-0.0628788627179575,partial,[scores/torch] RuntimeError: [enforce fail at alloc_cpu.cpp:117] data. DefaultCPUAllocator: not enough memory: you tried
forward,12,e281b56,e281b56a38817183c71cd612bc10dcb1832b39ff,2026-07-08T04:26:48+08:00,Add comprehensive code-review findings document,accuracy,numpy,matlab_reference,interference,1,correlation,0.9981046492863485,partial,[scores/torch] RuntimeError: [enforce fail at alloc_cpu.cpp:117] data. DefaultCPUAllocator: not enough memory: you tried
forward,12,e281b56,e281b56a38817183c71cd612bc10dcb1832b39ff,2026-07-08T04:26:48+08:00,Add comprehensive code-review findings document,accuracy,numpy,matlab_reference,interference,1,rms_ratio,0.9399928281108024,partial,[scores/torch] RuntimeError: [enforce fail at alloc_cpu.cpp:117] data. DefaultCPUAllocator: not enough memory: you tried
forward,12,e281b56,e281b56a38817183c71cd612bc10dcb1832b39ff,2026-07-08T04:26:48+08:00,Add comprehensive code-review findings document,accuracy,numpy,matlab_reference,interference,1,gain_error,-0.06241217841035718,partial,[scores/torch] RuntimeError: [enforce fail at alloc_cpu.cpp:117] data. DefaultCPUAllocator: not enough memory: you tried
forward,12,e281b56,e281b56a38817183c71cd612bc10dcb1832b39ff,2026-07-08T04:26:48+08:00,Add comprehensive code-review findings document,accuracy,numpy,matlab_reference,artifacts,0,correlation,0.9898484360454398,partial,[scores/torch] RuntimeError: [enforce fail at alloc_cpu.cpp:117] data. DefaultCPUAllocator: not enough memory: you tried
forward,12,e281b56,e281b56a38817183c71cd612bc10dcb1832b39ff,2026-07-08T04:26:48+08:00,Add comprehensive code-review findings document,accuracy,numpy,matlab_reference,artifacts,0,rms_ratio,0.9379179878702986,partial,[scores/torch] RuntimeError: [enforce fail at alloc_cpu.cpp:117] data. DefaultCPUAllocator: not enough memory: you tried
forward,12,e281b56,e281b56a38817183c71cd612bc10dcb1832b39ff,2026-07-08T04:26:48+08:00,Add comprehensive code-review findings document,accuracy,numpy,matlab_reference,artifacts,0,gain_error,-0.06448171009513637,partial,[scores/torch] RuntimeError: [enforce fail at alloc_cpu.cpp:117] data. DefaultCPUAllocator: not enough memory: you tried
forward,12,e281b56,e281b56a38817183c71cd612bc10dcb1832b39ff,2026-07-08T04:26:48+08:00,Add comprehensive code-review findings document,accuracy,numpy,matlab_reference,artifacts,1,correlation,0.9897867949635205,partial,[scores/torch] RuntimeError: [enforce fail at alloc_cpu.cpp:117] data. DefaultCPUAllocator: not enough memory: you tried
forward,12,e281b56,e281b56a38817183c71cd612bc10dcb1832b39ff,2026-07-08T04:26:48+08:00,Add comprehensive code-review findings document,accuracy,numpy,matlab_reference,artifacts,1,rms_ratio,0.9393205632422491,partial,[scores/torch] RuntimeError: [enforce fail at alloc_cpu.cpp:117] data. DefaultCPUAllocator: not enough memory: you tried
forward,12,e281b56,e281b56a38817183c71cd612bc10dcb1832b39ff,2026-07-08T04:26:48+08:00,Add comprehensive code-review findings document,accuracy,numpy,matlab_reference,artifacts,1,gain_error,-0.06308272326430564,partial,[scores/torch] RuntimeError: [enforce fail at alloc_cpu.cpp:117] data. DefaultCPUAllocator: not enough memory: you tried
forward,12,e281b56,e281b56a38817183c71cd612bc10dcb1832b39ff,2026-07-08T04:26:48+08:00,Add comprehensive code-review findings document,accuracy,torch,matlab_reference,true_target,0,correlation,0.9980434785903043,partial,[scores/torch] RuntimeError: [enforce fail at alloc_cpu.cpp:117] data. DefaultCPUAllocator: not enough memory: you tried
forward,12,e281b56,e281b56a38817183c71cd612bc10dcb1832b39ff,2026-07-08T04:26:48+08:00,Add comprehensive code-review findings document,accuracy,torch,matlab_reference,true_target,0,rms_ratio,0.9379286108192366,partial,[scores/torch] RuntimeError: [enforce fail at alloc_cpu.cpp:117] data. DefaultCPUAllocator: not enough memory: you tried
forward,12,e281b56,e281b56a38817183c71cd612bc10dcb1832b39ff,2026-07-08T04:26:48+08:00,Add comprehensive code-review findings document,accuracy,torch,matlab_reference,true_target,0,gain_error,-0.06447111432540731,partial,[scores/torch] RuntimeError: [enforce fail at alloc_cpu.cpp:117] data. DefaultCPUAllocator: not enough memory: you tried
forward,12,e281b56,e281b56a38817183c71cd612bc10dcb1832b39ff,2026-07-08T04:26:48+08:00,Add comprehensive code-review findings document,accuracy,torch,matlab_reference,true_target,1,correlation,0.9980396620576465,partial,[scores/torch] RuntimeError: [enforce fail at alloc_cpu.cpp:117] data. DefaultCPUAllocator: not enough memory: you tried
forward,12,e281b56,e281b56a38817183c71cd612bc10dcb1832b39ff,2026-07-08T04:26:48+08:00,Add comprehensive code-review findings document,accuracy,torch,matlab_reference,true_target,1,rms_ratio,0.9377982872039647,partial,[scores/torch] RuntimeError: [enforce fail at alloc_cpu.cpp:117] data. DefaultCPUAllocator: not enough memory: you tried
forward,12,e281b56,e281b56a38817183c71cd612bc10dcb1832b39ff,2026-07-08T04:26:48+08:00,Add comprehensive code-review findings document,accuracy,torch,matlab_reference,true_target,1,gain_error,-0.06460110450287493,partial,[scores/torch] RuntimeError: [enforce fail at alloc_cpu.cpp:117] data. DefaultCPUAllocator: not enough memory: you tried
forward,12,e281b56,e281b56a38817183c71cd612bc10dcb1832b39ff,2026-07-08T04:26:48+08:00,Add comprehensive code-review findings document,accuracy,torch,matlab_reference,target_distortion,0,correlation,0.9976060072135488,partial,[scores/torch] RuntimeError: [enforce fail at alloc_cpu.cpp:117] data. DefaultCPUAllocator: not enough memory: you tried
forward,12,e281b56,e281b56a38817183c71cd612bc10dcb1832b39ff,2026-07-08T04:26:48+08:00,Add comprehensive code-review findings document,accuracy,torch,matlab_reference,target_distortion,0,rms_ratio,0.9341090696276739,partial,[scores/torch] RuntimeError: [enforce fail at alloc_cpu.cpp:117] data. DefaultCPUAllocator: not enough memory: you tried
forward,12,e281b56,e281b56a38817183c71cd612bc10dcb1832b39ff,2026-07-08T04:26:48+08:00,Add comprehensive code-review findings document,accuracy,torch,matlab_reference,target_distortion,0,gain_error,-0.06828088307913971,partial,[scores/torch] RuntimeError: [enforce fail at alloc_cpu.cpp:117] data. DefaultCPUAllocator: not enough memory: you tried
forward,12,e281b56,e281b56a38817183c71cd612bc10dcb1832b39ff,2026-07-08T04:26:48+08:00,Add comprehensive code-review findings document,accuracy,torch,matlab_reference,target_distortion,1,correlation,0.9976259988415274,partial,[scores/torch] RuntimeError: [enforce fail at alloc_cpu.cpp:117] data. DefaultCPUAllocator: not enough memory: you tried
forward,12,e281b56,e281b56a38817183c71cd612bc10dcb1832b39ff,2026-07-08T04:26:48+08:00,Add comprehensive code-review findings document,accuracy,torch,matlab_reference,target_distortion,1,rms_ratio,0.9345363244887108,partial,[scores/torch] RuntimeError: [enforce fail at alloc_cpu.cpp:117] data. DefaultCPUAllocator: not enough memory: you tried
forward,12,e281b56,e281b56a38817183c71cd612bc10dcb1832b39ff,2026-07-08T04:26:48+08:00,Add comprehensive code-review findings document,accuracy,torch,matlab_reference,target_distortion,1,gain_error,-0.06785472136551451,partial,[scores/torch] RuntimeError: [enforce fail at alloc_cpu.cpp:117] data. DefaultCPUAllocator: not enough memory: you tried
forward,12,e281b56,e281b56a38817183c71cd612bc10dcb1832b39ff,2026-07-08T04:26:48+08:00,Add comprehensive code-review findings document,accuracy,torch,matlab_reference,interference,0,correlation,0.9981019379486651,partial,[scores/torch] RuntimeError: [enforce fail at alloc_cpu.cpp:117] data. DefaultCPUAllocator: not enough memory: you tried
forward,12,e281b56,e281b56a38817183c71cd612bc10dcb1832b39ff,2026-07-08T04:26:48+08:00,Add comprehensive code-review findings document,accuracy,torch,matlab_reference,interference,0,rms_ratio,0.9395253074649726,partial,[scores/torch] RuntimeError: [enforce fail at alloc_cpu.cpp:117] data. DefaultCPUAllocator: not enough memory: you tried
forward,12,e281b56,e281b56a38817183c71cd612bc10dcb1832b39ff,2026-07-08T04:26:48+08:00,Add comprehensive code-review findings document,accuracy,torch,matlab_reference,interference,0,gain_error,-0.06287850288727115,partial,[scores/torch] RuntimeError: [enforce fail at alloc_cpu.cpp:117] data. DefaultCPUAllocator: not enough memory: you tried
forward,12,e281b56,e281b56a38817183c71cd612bc10dcb1832b39ff,2026-07-08T04:26:48+08:00,Add comprehensive code-review findings document,accuracy,torch,matlab_reference,interference,1,correlation,0.9981046617093268,partial,[scores/torch] RuntimeError: [enforce fail at alloc_cpu.cpp:117] data. DefaultCPUAllocator: not enough memory: you tried
forward,12,e281b56,e281b56a38817183c71cd612bc10dcb1832b39ff,2026-07-08T04:26:48+08:00,Add comprehensive code-review findings document,accuracy,torch,matlab_reference,interference,1,rms_ratio,0.9399931271557939,partial,[scores/torch] RuntimeError: [enforce fail at alloc_cpu.cpp:117] data. DefaultCPUAllocator: not enough memory: you tried
forward,12,e281b56,e281b56a38817183c71cd612bc10dcb1832b39ff,2026-07-08T04:26:48+08:00,Add comprehensive code-review findings document,accuracy,torch,matlab_reference,interference,1,gain_error,-0.06241188013048338,partial,[scores/torch] RuntimeError: [enforce fail at alloc_cpu.cpp:117] data. DefaultCPUAllocator: not enough memory: you tried
forward,12,e281b56,e281b56a38817183c71cd612bc10dcb1832b39ff,2026-07-08T04:26:48+08:00,Add comprehensive code-review findings document,accuracy,torch,matlab_reference,artifacts,0,correlation,0.9898484470282637,partial,[scores/torch] RuntimeError: [enforce fail at alloc_cpu.cpp:117] data. DefaultCPUAllocator: not enough memory: you tried
forward,12,e281b56,e281b56a38817183c71cd612bc10dcb1832b39ff,2026-07-08T04:26:48+08:00,Add comprehensive code-review findings document,accuracy,torch,matlab_reference,artifacts,0,rms_ratio,0.9379181220369521,partial,[scores/torch] RuntimeError: [enforce fail at alloc_cpu.cpp:117] data. DefaultCPUAllocator: not enough memory: you tried
forward,12,e281b56,e281b56a38817183c71cd612bc10dcb1832b39ff,2026-07-08T04:26:48+08:00,Add comprehensive code-review findings document,accuracy,torch,matlab_reference,artifacts,0,gain_error,-0.06448157627175322,partial,[scores/torch] RuntimeError: [enforce fail at alloc_cpu.cpp:117] data. DefaultCPUAllocator: not enough memory: you tried
forward,12,e281b56,e281b56a38817183c71cd612bc10dcb1832b39ff,2026-07-08T04:26:48+08:00,Add comprehensive code-review findings document,accuracy,torch,matlab_reference,artifacts,1,correlation,0.9897868060152463,partial,[scores/torch] RuntimeError: [enforce fail at alloc_cpu.cpp:117] data. DefaultCPUAllocator: not enough memory: you tried
forward,12,e281b56,e281b56a38817183c71cd612bc10dcb1832b39ff,2026-07-08T04:26:48+08:00,Add comprehensive code-review findings document,accuracy,torch,matlab_reference,artifacts,1,rms_ratio,0.9393206944657932,partial,[scores/torch] RuntimeError: [enforce fail at alloc_cpu.cpp:117] data. DefaultCPUAllocator: not enough memory: you tried
forward,12,e281b56,e281b56a38817183c71cd612bc10dcb1832b39ff,2026-07-08T04:26:48+08:00,Add comprehensive code-review findings document,accuracy,torch,matlab_reference,artifacts,1,gain_error,-0.06308259237650182,partial,[scores/torch] RuntimeError: [enforce fail at alloc_cpu.cpp:117] data. DefaultCPUAllocator: not enough memory: you tried
forward,12,e281b56,e281b56a38817183c71cd612bc10dcb1832b39ff,2026-07-08T04:26:48+08:00,Add comprehensive code-review findings document,score,numpy,matlab_reference,,,overall_perceptual_score,15.382377947494332,partial,[scores/torch] RuntimeError: [enforce fail at alloc_cpu.cpp:117] data. DefaultCPUAllocator: not enough memory: you tried
forward,12,e281b56,e281b56a38817183c71cd612bc10dcb1832b39ff,2026-07-08T04:26:48+08:00,Add comprehensive code-review findings document,score,numpy,matlab_reference,,,target_perceptual_score,58.4754235124543,partial,[scores/torch] RuntimeError: [enforce fail at alloc_cpu.cpp:117] data. DefaultCPUAllocator: not enough memory: you tried
forward,12,e281b56,e281b56a38817183c71cd612bc10dcb1832b39ff,2026-07-08T04:26:48+08:00,Add comprehensive code-review findings document,score,numpy,matlab_reference,,,interference_perceptual_score,19.016304089343805,partial,[scores/torch] RuntimeError: [enforce fail at alloc_cpu.cpp:117] data. DefaultCPUAllocator: not enough memory: you tried
forward,12,e281b56,e281b56a38817183c71cd612bc10dcb1832b39ff,2026-07-08T04:26:48+08:00,Add comprehensive code-review findings document,score,numpy,matlab_reference,,,artifact_perceptual_score,77.9377484254884,partial,[scores/torch] RuntimeError: [enforce fail at alloc_cpu.cpp:117] data. DefaultCPUAllocator: not enough memory: you tried
forward,12,e281b56,e281b56a38817183c71cd612bc10dcb1832b39ff,2026-07-08T04:26:48+08:00,Add comprehensive code-review findings document,score,numpy,matlab_reference,,,source_to_distortion_ratio,0.9006227578931382,partial,[scores/torch] RuntimeError: [enforce fail at alloc_cpu.cpp:117] data. DefaultCPUAllocator: not enough memory: you tried
forward,12,e281b56,e281b56a38817183c71cd612bc10dcb1832b39ff,2026-07-08T04:26:48+08:00,Add comprehensive code-review findings document,score,numpy,matlab_reference,,,source_to_spatial_distortion_ratio,7.551210833164617,partial,[scores/torch] RuntimeError: [enforce fail at alloc_cpu.cpp:117] data. DefaultCPUAllocator: not enough memory: you tried
forward,12,e281b56,e281b56a38817183c71cd612bc10dcb1832b39ff,2026-07-08T04:26:48+08:00,Add comprehensive code-review findings document,score,numpy,matlab_reference,,,source_to_interference_ratio,-0.3897021256992947,partial,[scores/torch] RuntimeError: [enforce fail at alloc_cpu.cpp:117] data. DefaultCPUAllocator: not enough memory: you tried
forward,12,e281b56,e281b56a38817183c71cd612bc10dcb1832b39ff,2026-07-08T04:26:48+08:00,Add comprehensive code-review findings document,score,numpy,matlab_reference,,,source_to_artifacts_ratio,19.361649265617327,partial,[scores/torch] RuntimeError: [enforce fail at alloc_cpu.cpp:117] data. DefaultCPUAllocator: not enough memory: you tried
forward,12,e281b56,e281b56a38817183c71cd612bc10dcb1832b39ff,2026-07-08T04:26:48+08:00,Add comprehensive code-review findings document,timing,numpy,mono,,,median_seconds,2.9055415000766516,partial,[scores/torch] RuntimeError: [enforce fail at alloc_cpu.cpp:117] data. DefaultCPUAllocator: not enough memory: you tried
forward,12,e281b56,e281b56a38817183c71cd612bc10dcb1832b39ff,2026-07-08T04:26:48+08:00,Add comprehensive code-review findings document,timing,numpy,mono,,,min_seconds,2.832645600195974,partial,[scores/torch] RuntimeError: [enforce fail at alloc_cpu.cpp:117] data. DefaultCPUAllocator: not enough memory: you tried
forward,12,e281b56,e281b56a38817183c71cd612bc10dcb1832b39ff,2026-07-08T04:26:48+08:00,Add comprehensive code-review findings document,timing,numpy,mono,,,audio_seconds,5.0,partial,[scores/torch] RuntimeError: [enforce fail at alloc_cpu.cpp:117] data. DefaultCPUAllocator: not enough memory: you tried
forward,12,e281b56,e281b56a38817183c71cd612bc10dcb1832b39ff,2026-07-08T04:26:48+08:00,Add comprehensive code-review findings document,timing,numpy,mono,,,seconds_per_audio_second,0.5811083000153303,partial,[scores/torch] RuntimeError: [enforce fail at alloc_cpu.cpp:117] data. DefaultCPUAllocator: not enough memory: you tried
forward,12,e281b56,e281b56a38817183c71cd612bc10dcb1832b39ff,2026-07-08T04:26:48+08:00,Add comprehensive code-review findings document,timing,numpy,mono,,,realtime_factor,1.7208496247147371,partial,[scores/torch] RuntimeError: [enforce fail at alloc_cpu.cpp:117] data. DefaultCPUAllocator: not enough memory: you tried
forward,12,e281b56,e281b56a38817183c71cd612bc10dcb1832b39ff,2026-07-08T04:26:48+08:00,Add comprehensive code-review findings document,timing,numpy,mono,,,spread_pct,3.4004324527710934,partial,[scores/torch] RuntimeError: [enforce fail at alloc_cpu.cpp:117] data. DefaultCPUAllocator: not enough memory: you tried
forward,12,e281b56,e281b56a38817183c71cd612bc10dcb1832b39ff,2026-07-08T04:26:48+08:00,Add comprehensive code-review findings document,timing,numpy,stereo,,,median_seconds,5.1485375999473035,partial,[scores/torch] RuntimeError: [enforce fail at alloc_cpu.cpp:117] data. DefaultCPUAllocator: not enough memory: you tried
forward,12,e281b56,e281b56a38817183c71cd612bc10dcb1832b39ff,2026-07-08T04:26:48+08:00,Add comprehensive code-review findings document,timing,numpy,stereo,,,min_seconds,5.111752700060606,partial,[scores/torch] RuntimeError: [enforce fail at alloc_cpu.cpp:117] data. DefaultCPUAllocator: not enough memory: you tried
forward,12,e281b56,e281b56a38817183c71cd612bc10dcb1832b39ff,2026-07-08T04:26:48+08:00,Add comprehensive code-review findings document,timing,numpy,stereo,,,audio_seconds,5.0,partial,[scores/torch] RuntimeError: [enforce fail at alloc_cpu.cpp:117] data. DefaultCPUAllocator: not enough memory: you tried
forward,12,e281b56,e281b56a38817183c71cd612bc10dcb1832b39ff,2026-07-08T04:26:48+08:00,Add comprehensive code-review findings document,timing,numpy,stereo,,,seconds_per_audio_second,1.0297075199894608,partial,[scores/torch] RuntimeError: [enforce fail at alloc_cpu.cpp:117] data. DefaultCPUAllocator: not enough memory: you tried
forward,12,e281b56,e281b56a38817183c71cd612bc10dcb1832b39ff,2026-07-08T04:26:48+08:00,Add comprehensive code-review findings document,timing,numpy,stereo,,,realtime_factor,0.9711495551768285,partial,[scores/torch] RuntimeError: [enforce fail at alloc_cpu.cpp:117] data. DefaultCPUAllocator: not enough memory: you tried
forward,12,e281b56,e281b56a38817183c71cd612bc10dcb1832b39ff,2026-07-08T04:26:48+08:00,Add comprehensive code-review findings document,timing,numpy,stereo,,,spread_pct,4.177938811241141,partial,[scores/torch] RuntimeError: [enforce fail at alloc_cpu.cpp:117] data. DefaultCPUAllocator: not enough memory: you tried
forward,12,e281b56,e281b56a38817183c71cd612bc10dcb1832b39ff,2026-07-08T04:26:48+08:00,Add comprehensive code-review findings document,timing,torch,mono,,,median_seconds,3.8503120997920632,partial,[scores/torch] RuntimeError: [enforce fail at alloc_cpu.cpp:117] data. DefaultCPUAllocator: not enough memory: you tried
forward,12,e281b56,e281b56a38817183c71cd612bc10dcb1832b39ff,2026-07-08T04:26:48+08:00,Add comprehensive code-review findings document,timing,torch,mono,,,min_seconds,3.7820572000928223,partial,[scores/torch] RuntimeError: [enforce fail at alloc_cpu.cpp:117] data. DefaultCPUAllocator: not enough memory: you tried
forward,12,e281b56,e281b56a38817183c71cd612bc10dcb1832b39ff,2026-07-08T04:26:48+08:00,Add comprehensive code-review findings document,timing,torch,mono,,,audio_seconds,5.0,partial,[scores/torch] RuntimeError: [enforce fail at alloc_cpu.cpp:117] data. DefaultCPUAllocator: not enough memory: you tried
forward,12,e281b56,e281b56a38817183c71cd612bc10dcb1832b39ff,2026-07-08T04:26:48+08:00,Add comprehensive code-review findings document,timing,torch,mono,,,seconds_per_audio_second,0.7700624199584126,partial,[scores/torch] RuntimeError: [enforce fail at alloc_cpu.cpp:117] data. DefaultCPUAllocator: not enough memory: you tried
forward,12,e281b56,e281b56a38817183c71cd612bc10dcb1832b39ff,2026-07-08T04:26:48+08:00,Add comprehensive code-review findings document,timing,torch,mono,,,realtime_factor,1.2985960281687363,partial,[scores/torch] RuntimeError: [enforce fail at alloc_cpu.cpp:117] data. DefaultCPUAllocator: not enough memory: you tried
forward,12,e281b56,e281b56a38817183c71cd612bc10dcb1832b39ff,2026-07-08T04:26:48+08:00,Add comprehensive code-review findings document,timing,torch,mono,,,spread_pct,5.529017380735891,partial,[scores/torch] RuntimeError: [enforce fail at alloc_cpu.cpp:117] data. DefaultCPUAllocator: not enough memory: you tried
forward,12,e281b56,e281b56a38817183c71cd612bc10dcb1832b39ff,2026-07-08T04:26:48+08:00,Add comprehensive code-review findings document,timing,torch,stereo,,,median_seconds,7.424368899781257,partial,[scores/torch] RuntimeError: [enforce fail at alloc_cpu.cpp:117] data. DefaultCPUAllocator: not enough memory: you tried
forward,12,e281b56,e281b56a38817183c71cd612bc10dcb1832b39ff,2026-07-08T04:26:48+08:00,Add comprehensive code-review findings document,timing,torch,stereo,,,min_seconds,7.3273335001431406,partial,[scores/torch] RuntimeError: [enforce fail at alloc_cpu.cpp:117] data. DefaultCPUAllocator: not enough memory: you tried
forward,12,e281b56,e281b56a38817183c71cd612bc10dcb1832b39ff,2026-07-08T04:26:48+08:00,Add comprehensive code-review findings document,timing,torch,stereo,,,audio_seconds,5.0,partial,[scores/torch] RuntimeError: [enforce fail at alloc_cpu.cpp:117] data. DefaultCPUAllocator: not enough memory: you tried
forward,12,e281b56,e281b56a38817183c71cd612bc10dcb1832b39ff,2026-07-08T04:26:48+08:00,Add comprehensive code-review findings document,timing,torch,stereo,,,seconds_per_audio_second,1.4848737799562515,partial,[scores/torch] RuntimeError: [enforce fail at alloc_cpu.cpp:117] data. DefaultCPUAllocator: not enough memory: you tried
forward,12,e281b56,e281b56a38817183c71cd612bc10dcb1832b39ff,2026-07-08T04:26:48+08:00,Add comprehensive code-review findings document,timing,torch,stereo,,,realtime_factor,0.67345791507576,partial,[scores/torch] RuntimeError: [enforce fail at alloc_cpu.cpp:117] data. DefaultCPUAllocator: not enough memory: you tried
forward,12,e281b56,e281b56a38817183c71cd612bc10dcb1832b39ff,2026-07-08T04:26:48+08:00,Add comprehensive code-review findings document,timing,torch,stereo,,,spread_pct,4.167741235087468,partial,[scores/torch] RuntimeError: [enforce fail at alloc_cpu.cpp:117] data. DefaultCPUAllocator: not enough memory: you tried
forward,13,c2c7e76,c2c7e76285f1df48e5fa9054c20c5f837d1dba4c,2026-07-08T04:08:49+08:00,Fix torch haircell lowpass applied time-reversed,meta,,,,,measured,1,partial,[scores/torch] RuntimeError: [enforce fail at alloc_cpu.cpp:117] data. DefaultCPUAllocator: not enough memory: you tried
forward,13,c2c7e76,c2c7e76285f1df48e5fa9054c20c5f837d1dba4c,2026-07-08T04:08:49+08:00,Fix torch haircell lowpass applied time-reversed,accuracy,numpy,matlab_reference,true_target,0,correlation,0.998043467203005,partial,[scores/torch] RuntimeError: [enforce fail at alloc_cpu.cpp:117] data. DefaultCPUAllocator: not enough memory: you tried
forward,13,c2c7e76,c2c7e76285f1df48e5fa9054c20c5f837d1dba4c,2026-07-08T04:08:49+08:00,Fix torch haircell lowpass applied time-reversed,accuracy,numpy,matlab_reference,true_target,0,rms_ratio,0.9379285236346512,partial,[scores/torch] RuntimeError: [enforce fail at alloc_cpu.cpp:117] data. DefaultCPUAllocator: not enough memory: you tried
forward,13,c2c7e76,c2c7e76285f1df48e5fa9054c20c5f837d1dba4c,2026-07-08T04:08:49+08:00,Fix torch haircell lowpass applied time-reversed,accuracy,numpy,matlab_reference,true_target,0,gain_error,-0.06447120128692774,partial,[scores/torch] RuntimeError: [enforce fail at alloc_cpu.cpp:117] data. DefaultCPUAllocator: not enough memory: you tried
forward,13,c2c7e76,c2c7e76285f1df48e5fa9054c20c5f837d1dba4c,2026-07-08T04:08:49+08:00,Fix torch haircell lowpass applied time-reversed,accuracy,numpy,matlab_reference,true_target,1,correlation,0.998039651119214,partial,[scores/torch] RuntimeError: [enforce fail at alloc_cpu.cpp:117] data. DefaultCPUAllocator: not enough memory: you tried
forward,13,c2c7e76,c2c7e76285f1df48e5fa9054c20c5f837d1dba4c,2026-07-08T04:08:49+08:00,Fix torch haircell lowpass applied time-reversed,accuracy,numpy,matlab_reference,true_target,1,rms_ratio,0.9377982102354642,partial,[scores/torch] RuntimeError: [enforce fail at alloc_cpu.cpp:117] data. DefaultCPUAllocator: not enough memory: you tried
forward,13,c2c7e76,c2c7e76285f1df48e5fa9054c20c5f837d1dba4c,2026-07-08T04:08:49+08:00,Fix torch haircell lowpass applied time-reversed,accuracy,numpy,matlab_reference,true_target,1,gain_error,-0.0646011812744487,partial,[scores/torch] RuntimeError: [enforce fail at alloc_cpu.cpp:117] data. DefaultCPUAllocator: not enough memory: you tried
forward,13,c2c7e76,c2c7e76285f1df48e5fa9054c20c5f837d1dba4c,2026-07-08T04:08:49+08:00,Fix torch haircell lowpass applied time-reversed,accuracy,numpy,matlab_reference,target_distortion,0,correlation,0.9976059825517861,partial,[scores/torch] RuntimeError: [enforce fail at alloc_cpu.cpp:117] data. DefaultCPUAllocator: not enough memory: you tried
forward,13,c2c7e76,c2c7e76285f1df48e5fa9054c20c5f837d1dba4c,2026-07-08T04:08:49+08:00,Fix torch haircell lowpass applied time-reversed,accuracy,numpy,matlab_reference,target_distortion,0,rms_ratio,0.9341083749580081,partial,[scores/torch] RuntimeError: [enforce fail at alloc_cpu.cpp:117] data. DefaultCPUAllocator: not enough memory: you tried
forward,13,c2c7e76,c2c7e76285f1df48e5fa9054c20c5f837d1dba4c,2026-07-08T04:08:49+08:00,Fix torch haircell lowpass applied time-reversed,accuracy,numpy,matlab_reference,target_distortion,0,gain_error,-0.06828157597146745,partial,[scores/torch] RuntimeError: [enforce fail at alloc_cpu.cpp:117] data. DefaultCPUAllocator: not enough memory: you tried
forward,13,c2c7e76,c2c7e76285f1df48e5fa9054c20c5f837d1dba4c,2026-07-08T04:08:49+08:00,Fix torch haircell lowpass applied time-reversed,accuracy,numpy,matlab_reference,target_distortion,1,correlation,0.9976259754732566,partial,[scores/torch] RuntimeError: [enforce fail at alloc_cpu.cpp:117] data. DefaultCPUAllocator: not enough memory: you tried
forward,13,c2c7e76,c2c7e76285f1df48e5fa9054c20c5f837d1dba4c,2026-07-08T04:08:49+08:00,Fix torch haircell lowpass applied time-reversed,accuracy,numpy,matlab_reference,target_distortion,1,rms_ratio,0.9345358499276575,partial,[scores/torch] RuntimeError: [enforce fail at alloc_cpu.cpp:117] data. DefaultCPUAllocator: not enough memory: you tried
forward,13,c2c7e76,c2c7e76285f1df48e5fa9054c20c5f837d1dba4c,2026-07-08T04:08:49+08:00,Fix torch haircell lowpass applied time-reversed,accuracy,numpy,matlab_reference,target_distortion,1,gain_error,-0.06785519471238577,partial,[scores/torch] RuntimeError: [enforce fail at alloc_cpu.cpp:117] data. DefaultCPUAllocator: not enough memory: you tried
forward,13,c2c7e76,c2c7e76285f1df48e5fa9054c20c5f837d1dba4c,2026-07-08T04:08:49+08:00,Fix torch haircell lowpass applied time-reversed,accuracy,numpy,matlab_reference,interference,0,correlation,0.9981019258077409,partial,[scores/torch] RuntimeError: [enforce fail at alloc_cpu.cpp:117] data. DefaultCPUAllocator: not enough memory: you tried
forward,13,c2c7e76,c2c7e76285f1df48e5fa9054c20c5f837d1dba4c,2026-07-08T04:08:49+08:00,Fix torch haircell lowpass applied time-reversed,accuracy,numpy,matlab_reference,interference,0,rms_ratio,0.9395249467112846,partial,[scores/torch] RuntimeError: [enforce fail at alloc_cpu.cpp:117] data. DefaultCPUAllocator: not enough memory: you tried
forward,13,c2c7e76,c2c7e76285f1df48e5fa9054c20c5f837d1dba4c,2026-07-08T04:08:49+08:00,Fix torch haircell lowpass applied time-reversed,accuracy,numpy,matlab_reference,interference,0,gain_error,-0.0628788627179575,partial,[scores/torch] RuntimeError: [enforce fail at alloc_cpu.cpp:117] data. DefaultCPUAllocator: not enough memory: you tried
forward,13,c2c7e76,c2c7e76285f1df48e5fa9054c20c5f837d1dba4c,2026-07-08T04:08:49+08:00,Fix torch haircell lowpass applied time-reversed,accuracy,numpy,matlab_reference,interference,1,correlation,0.9981046492863485,partial,[scores/torch] RuntimeError: [enforce fail at alloc_cpu.cpp:117] data. DefaultCPUAllocator: not enough memory: you tried
forward,13,c2c7e76,c2c7e76285f1df48e5fa9054c20c5f837d1dba4c,2026-07-08T04:08:49+08:00,Fix torch haircell lowpass applied time-reversed,accuracy,numpy,matlab_reference,interference,1,rms_ratio,0.9399928281108024,partial,[scores/torch] RuntimeError: [enforce fail at alloc_cpu.cpp:117] data. DefaultCPUAllocator: not enough memory: you tried
forward,13,c2c7e76,c2c7e76285f1df48e5fa9054c20c5f837d1dba4c,2026-07-08T04:08:49+08:00,Fix torch haircell lowpass applied time-reversed,accuracy,numpy,matlab_reference,interference,1,gain_error,-0.06241217841035718,partial,[scores/torch] RuntimeError: [enforce fail at alloc_cpu.cpp:117] data. DefaultCPUAllocator: not enough memory: you tried
forward,13,c2c7e76,c2c7e76285f1df48e5fa9054c20c5f837d1dba4c,2026-07-08T04:08:49+08:00,Fix torch haircell lowpass applied time-reversed,accuracy,numpy,matlab_reference,artifacts,0,correlation,0.9898484360454398,partial,[scores/torch] RuntimeError: [enforce fail at alloc_cpu.cpp:117] data. DefaultCPUAllocator: not enough memory: you tried
forward,13,c2c7e76,c2c7e76285f1df48e5fa9054c20c5f837d1dba4c,2026-07-08T04:08:49+08:00,Fix torch haircell lowpass applied time-reversed,accuracy,numpy,matlab_reference,artifacts,0,rms_ratio,0.9379179878702986,partial,[scores/torch] RuntimeError: [enforce fail at alloc_cpu.cpp:117] data. DefaultCPUAllocator: not enough memory: you tried
forward,13,c2c7e76,c2c7e76285f1df48e5fa9054c20c5f837d1dba4c,2026-07-08T04:08:49+08:00,Fix torch haircell lowpass applied time-reversed,accuracy,numpy,matlab_reference,artifacts,0,gain_error,-0.06448171009513637,partial,[scores/torch] RuntimeError: [enforce fail at alloc_cpu.cpp:117] data. DefaultCPUAllocator: not enough memory: you tried
forward,13,c2c7e76,c2c7e76285f1df48e5fa9054c20c5f837d1dba4c,2026-07-08T04:08:49+08:00,Fix torch haircell lowpass applied time-reversed,accuracy,numpy,matlab_reference,artifacts,1,correlation,0.9897867949635205,partial,[scores/torch] RuntimeError: [enforce fail at alloc_cpu.cpp:117] data. DefaultCPUAllocator: not enough memory: you tried
forward,13,c2c7e76,c2c7e76285f1df48e5fa9054c20c5f837d1dba4c,2026-07-08T04:08:49+08:00,Fix torch haircell lowpass applied time-reversed,accuracy,numpy,matlab_reference,artifacts,1,rms_ratio,0.9393205632422491,partial,[scores/torch] RuntimeError: [enforce fail at alloc_cpu.cpp:117] data. DefaultCPUAllocator: not enough memory: you tried
forward,13,c2c7e76,c2c7e76285f1df48e5fa9054c20c5f837d1dba4c,2026-07-08T04:08:49+08:00,Fix torch haircell lowpass applied time-reversed,accuracy,numpy,matlab_reference,artifacts,1,gain_error,-0.06308272326430564,partial,[scores/torch] RuntimeError: [enforce fail at alloc_cpu.cpp:117] data. DefaultCPUAllocator: not enough memory: you tried
forward,13,c2c7e76,c2c7e76285f1df48e5fa9054c20c5f837d1dba4c,2026-07-08T04:08:49+08:00,Fix torch haircell lowpass applied time-reversed,accuracy,torch,matlab_reference,true_target,0,correlation,0.9980434785903043,partial,[scores/torch] RuntimeError: [enforce fail at alloc_cpu.cpp:117] data. DefaultCPUAllocator: not enough memory: you tried
forward,13,c2c7e76,c2c7e76285f1df48e5fa9054c20c5f837d1dba4c,2026-07-08T04:08:49+08:00,Fix torch haircell lowpass applied time-reversed,accuracy,torch,matlab_reference,true_target,0,rms_ratio,0.9379286108192366,partial,[scores/torch] RuntimeError: [enforce fail at alloc_cpu.cpp:117] data. DefaultCPUAllocator: not enough memory: you tried
forward,13,c2c7e76,c2c7e76285f1df48e5fa9054c20c5f837d1dba4c,2026-07-08T04:08:49+08:00,Fix torch haircell lowpass applied time-reversed,accuracy,torch,matlab_reference,true_target,0,gain_error,-0.06447111432540731,partial,[scores/torch] RuntimeError: [enforce fail at alloc_cpu.cpp:117] data. DefaultCPUAllocator: not enough memory: you tried
forward,13,c2c7e76,c2c7e76285f1df48e5fa9054c20c5f837d1dba4c,2026-07-08T04:08:49+08:00,Fix torch haircell lowpass applied time-reversed,accuracy,torch,matlab_reference,true_target,1,correlation,0.9980396620576465,partial,[scores/torch] RuntimeError: [enforce fail at alloc_cpu.cpp:117] data. DefaultCPUAllocator: not enough memory: you tried
forward,13,c2c7e76,c2c7e76285f1df48e5fa9054c20c5f837d1dba4c,2026-07-08T04:08:49+08:00,Fix torch haircell lowpass applied time-reversed,accuracy,torch,matlab_reference,true_target,1,rms_ratio,0.9377982872039647,partial,[scores/torch] RuntimeError: [enforce fail at alloc_cpu.cpp:117] data. DefaultCPUAllocator: not enough memory: you tried
forward,13,c2c7e76,c2c7e76285f1df48e5fa9054c20c5f837d1dba4c,2026-07-08T04:08:49+08:00,Fix torch haircell lowpass applied time-reversed,accuracy,torch,matlab_reference,true_target,1,gain_error,-0.06460110450287493,partial,[scores/torch] RuntimeError: [enforce fail at alloc_cpu.cpp:117] data. DefaultCPUAllocator: not enough memory: you tried
forward,13,c2c7e76,c2c7e76285f1df48e5fa9054c20c5f837d1dba4c,2026-07-08T04:08:49+08:00,Fix torch haircell lowpass applied time-reversed,accuracy,torch,matlab_reference,target_distortion,0,correlation,0.9976060072135488,partial,[scores/torch] RuntimeError: [enforce fail at alloc_cpu.cpp:117] data. DefaultCPUAllocator: not enough memory: you tried
forward,13,c2c7e76,c2c7e76285f1df48e5fa9054c20c5f837d1dba4c,2026-07-08T04:08:49+08:00,Fix torch haircell lowpass applied time-reversed,accuracy,torch,matlab_reference,target_distortion,0,rms_ratio,0.9341090696276739,partial,[scores/torch] RuntimeError: [enforce fail at alloc_cpu.cpp:117] data. DefaultCPUAllocator: not enough memory: you tried
forward,13,c2c7e76,c2c7e76285f1df48e5fa9054c20c5f837d1dba4c,2026-07-08T04:08:49+08:00,Fix torch haircell lowpass applied time-reversed,accuracy,torch,matlab_reference,target_distortion,0,gain_error,-0.06828088307913971,partial,[scores/torch] RuntimeError: [enforce fail at alloc_cpu.cpp:117] data. DefaultCPUAllocator: not enough memory: you tried
forward,13,c2c7e76,c2c7e76285f1df48e5fa9054c20c5f837d1dba4c,2026-07-08T04:08:49+08:00,Fix torch haircell lowpass applied time-reversed,accuracy,torch,matlab_reference,target_distortion,1,correlation,0.9976259988415274,partial,[scores/torch] RuntimeError: [enforce fail at alloc_cpu.cpp:117] data. DefaultCPUAllocator: not enough memory: you tried
forward,13,c2c7e76,c2c7e76285f1df48e5fa9054c20c5f837d1dba4c,2026-07-08T04:08:49+08:00,Fix torch haircell lowpass applied time-reversed,accuracy,torch,matlab_reference,target_distortion,1,rms_ratio,0.9345363244887108,partial,[scores/torch] RuntimeError: [enforce fail at alloc_cpu.cpp:117] data. DefaultCPUAllocator: not enough memory: you tried
forward,13,c2c7e76,c2c7e76285f1df48e5fa9054c20c5f837d1dba4c,2026-07-08T04:08:49+08:00,Fix torch haircell lowpass applied time-reversed,accuracy,torch,matlab_reference,target_distortion,1,gain_error,-0.06785472136551451,partial,[scores/torch] RuntimeError: [enforce fail at alloc_cpu.cpp:117] data. DefaultCPUAllocator: not enough memory: you tried
forward,13,c2c7e76,c2c7e76285f1df48e5fa9054c20c5f837d1dba4c,2026-07-08T04:08:49+08:00,Fix torch haircell lowpass applied time-reversed,accuracy,torch,matlab_reference,interference,0,correlation,0.9981019379486651,partial,[scores/torch] RuntimeError: [enforce fail at alloc_cpu.cpp:117] data. DefaultCPUAllocator: not enough memory: you tried
forward,13,c2c7e76,c2c7e76285f1df48e5fa9054c20c5f837d1dba4c,2026-07-08T04:08:49+08:00,Fix torch haircell lowpass applied time-reversed,accuracy,torch,matlab_reference,interference,0,rms_ratio,0.9395253074649726,partial,[scores/torch] RuntimeError: [enforce fail at alloc_cpu.cpp:117] data. DefaultCPUAllocator: not enough memory: you tried
forward,13,c2c7e76,c2c7e76285f1df48e5fa9054c20c5f837d1dba4c,2026-07-08T04:08:49+08:00,Fix torch haircell lowpass applied time-reversed,accuracy,torch,matlab_reference,interference,0,gain_error,-0.06287850288727115,partial,[scores/torch] RuntimeError: [enforce fail at alloc_cpu.cpp:117] data. DefaultCPUAllocator: not enough memory: you tried
forward,13,c2c7e76,c2c7e76285f1df48e5fa9054c20c5f837d1dba4c,2026-07-08T04:08:49+08:00,Fix torch haircell lowpass applied time-reversed,accuracy,torch,matlab_reference,interference,1,correlation,0.9981046617093268,partial,[scores/torch] RuntimeError: [enforce fail at alloc_cpu.cpp:117] data. DefaultCPUAllocator: not enough memory: you tried
forward,13,c2c7e76,c2c7e76285f1df48e5fa9054c20c5f837d1dba4c,2026-07-08T04:08:49+08:00,Fix torch haircell lowpass applied time-reversed,accuracy,torch,matlab_reference,interference,1,rms_ratio,0.9399931271557939,partial,[scores/torch] RuntimeError: [enforce fail at alloc_cpu.cpp:117] data. DefaultCPUAllocator: not enough memory: you tried
forward,13,c2c7e76,c2c7e76285f1df48e5fa9054c20c5f837d1dba4c,2026-07-08T04:08:49+08:00,Fix torch haircell lowpass applied time-reversed,accuracy,torch,matlab_reference,interference,1,gain_error,-0.06241188013048338,partial,[scores/torch] RuntimeError: [enforce fail at alloc_cpu.cpp:117] data. DefaultCPUAllocator: not enough memory: you tried
forward,13,c2c7e76,c2c7e76285f1df48e5fa9054c20c5f837d1dba4c,2026-07-08T04:08:49+08:00,Fix torch haircell lowpass applied time-reversed,accuracy,torch,matlab_reference,artifacts,0,correlation,0.9898484470282637,partial,[scores/torch] RuntimeError: [enforce fail at alloc_cpu.cpp:117] data. DefaultCPUAllocator: not enough memory: you tried
forward,13,c2c7e76,c2c7e76285f1df48e5fa9054c20c5f837d1dba4c,2026-07-08T04:08:49+08:00,Fix torch haircell lowpass applied time-reversed,accuracy,torch,matlab_reference,artifacts,0,rms_ratio,0.9379181220369521,partial,[scores/torch] RuntimeError: [enforce fail at alloc_cpu.cpp:117] data. DefaultCPUAllocator: not enough memory: you tried
forward,13,c2c7e76,c2c7e76285f1df48e5fa9054c20c5f837d1dba4c,2026-07-08T04:08:49+08:00,Fix torch haircell lowpass applied time-reversed,accuracy,torch,matlab_reference,artifacts,0,gain_error,-0.06448157627175322,partial,[scores/torch] RuntimeError: [enforce fail at alloc_cpu.cpp:117] data. DefaultCPUAllocator: not enough memory: you tried
forward,13,c2c7e76,c2c7e76285f1df48e5fa9054c20c5f837d1dba4c,2026-07-08T04:08:49+08:00,Fix torch haircell lowpass applied time-reversed,accuracy,torch,matlab_reference,artifacts,1,correlation,0.9897868060152463,partial,[scores/torch] RuntimeError: [enforce fail at alloc_cpu.cpp:117] data. DefaultCPUAllocator: not enough memory: you tried
forward,13,c2c7e76,c2c7e76285f1df48e5fa9054c20c5f837d1dba4c,2026-07-08T04:08:49+08:00,Fix torch haircell lowpass applied time-reversed,accuracy,torch,matlab_reference,artifacts,1,rms_ratio,0.9393206944657932,partial,[scores/torch] RuntimeError: [enforce fail at alloc_cpu.cpp:117] data. DefaultCPUAllocator: not enough memory: you tried
forward,13,c2c7e76,c2c7e76285f1df48e5fa9054c20c5f837d1dba4c,2026-07-08T04:08:49+08:00,Fix torch haircell lowpass applied time-reversed,accuracy,torch,matlab_reference,artifacts,1,gain_error,-0.06308259237650182,partial,[scores/torch] RuntimeError: [enforce fail at alloc_cpu.cpp:117] data. DefaultCPUAllocator: not enough memory: you tried
forward,13,c2c7e76,c2c7e76285f1df48e5fa9054c20c5f837d1dba4c,2026-07-08T04:08:49+08:00,Fix torch haircell lowpass applied time-reversed,score,numpy,matlab_reference,,,overall_perceptual_score,15.382377947494332,partial,[scores/torch] RuntimeError: [enforce fail at alloc_cpu.cpp:117] data. DefaultCPUAllocator: not enough memory: you tried
forward,13,c2c7e76,c2c7e76285f1df48e5fa9054c20c5f837d1dba4c,2026-07-08T04:08:49+08:00,Fix torch haircell lowpass applied time-reversed,score,numpy,matlab_reference,,,target_perceptual_score,58.4754235124543,partial,[scores/torch] RuntimeError: [enforce fail at alloc_cpu.cpp:117] data. DefaultCPUAllocator: not enough memory: you tried
forward,13,c2c7e76,c2c7e76285f1df48e5fa9054c20c5f837d1dba4c,2026-07-08T04:08:49+08:00,Fix torch haircell lowpass applied time-reversed,score,numpy,matlab_reference,,,interference_perceptual_score,19.016304089343805,partial,[scores/torch] RuntimeError: [enforce fail at alloc_cpu.cpp:117] data. DefaultCPUAllocator: not enough memory: you tried
forward,13,c2c7e76,c2c7e76285f1df48e5fa9054c20c5f837d1dba4c,2026-07-08T04:08:49+08:00,Fix torch haircell lowpass applied time-reversed,score,numpy,matlab_reference,,,artifact_perceptual_score,77.9377484254884,partial,[scores/torch] RuntimeError: [enforce fail at alloc_cpu.cpp:117] data. DefaultCPUAllocator: not enough memory: you tried
forward,13,c2c7e76,c2c7e76285f1df48e5fa9054c20c5f837d1dba4c,2026-07-08T04:08:49+08:00,Fix torch haircell lowpass applied time-reversed,score,numpy,matlab_reference,,,source_to_distortion_ratio,0.9006227578931382,partial,[scores/torch] RuntimeError: [enforce fail at alloc_cpu.cpp:117] data. DefaultCPUAllocator: not enough memory: you tried
forward,13,c2c7e76,c2c7e76285f1df48e5fa9054c20c5f837d1dba4c,2026-07-08T04:08:49+08:00,Fix torch haircell lowpass applied time-reversed,score,numpy,matlab_reference,,,source_to_spatial_distortion_ratio,7.551210833164617,partial,[scores/torch] RuntimeError: [enforce fail at alloc_cpu.cpp:117] data. DefaultCPUAllocator: not enough memory: you tried
forward,13,c2c7e76,c2c7e76285f1df48e5fa9054c20c5f837d1dba4c,2026-07-08T04:08:49+08:00,Fix torch haircell lowpass applied time-reversed,score,numpy,matlab_reference,,,source_to_interference_ratio,-0.3897021256992947,partial,[scores/torch] RuntimeError: [enforce fail at alloc_cpu.cpp:117] data. DefaultCPUAllocator: not enough memory: you tried
forward,13,c2c7e76,c2c7e76285f1df48e5fa9054c20c5f837d1dba4c,2026-07-08T04:08:49+08:00,Fix torch haircell lowpass applied time-reversed,score,numpy,matlab_reference,,,source_to_artifacts_ratio,19.361649265617327,partial,[scores/torch] RuntimeError: [enforce fail at alloc_cpu.cpp:117] data. DefaultCPUAllocator: not enough memory: you tried
forward,13,c2c7e76,c2c7e76285f1df48e5fa9054c20c5f837d1dba4c,2026-07-08T04:08:49+08:00,Fix torch haircell lowpass applied time-reversed,timing,numpy,mono,,,median_seconds,2.918623299803585,partial,[scores/torch] RuntimeError: [enforce fail at alloc_cpu.cpp:117] data. DefaultCPUAllocator: not enough memory: you tried
forward,13,c2c7e76,c2c7e76285f1df48e5fa9054c20c5f837d1dba4c,2026-07-08T04:08:49+08:00,Fix torch haircell lowpass applied time-reversed,timing,numpy,mono,,,min_seconds,2.8351122001186013,partial,[scores/torch] RuntimeError: [enforce fail at alloc_cpu.cpp:117] data. DefaultCPUAllocator: not enough memory: you tried
forward,13,c2c7e76,c2c7e76285f1df48e5fa9054c20c5f837d1dba4c,2026-07-08T04:08:49+08:00,Fix torch haircell lowpass applied time-reversed,timing,numpy,mono,,,audio_seconds,5.0,partial,[scores/torch] RuntimeError: [enforce fail at alloc_cpu.cpp:117] data. DefaultCPUAllocator: not enough memory: you tried
forward,13,c2c7e76,c2c7e76285f1df48e5fa9054c20c5f837d1dba4c,2026-07-08T04:08:49+08:00,Fix torch haircell lowpass applied time-reversed,timing,numpy,mono,,,seconds_per_audio_second,0.583724659960717,partial,[scores/torch] RuntimeError: [enforce fail at alloc_cpu.cpp:117] data. DefaultCPUAllocator: not enough memory: you tried
forward,13,c2c7e76,c2c7e76285f1df48e5fa9054c20c5f837d1dba4c,2026-07-08T04:08:49+08:00,Fix torch haircell lowpass applied time-reversed,timing,numpy,mono,,,realtime_factor,1.713136464146122,partial,[scores/torch] RuntimeError: [enforce fail at alloc_cpu.cpp:117] data. DefaultCPUAllocator: not enough memory: you tried
forward,13,c2c7e76,c2c7e76285f1df48e5fa9054c20c5f837d1dba4c,2026-07-08T04:08:49+08:00,Fix torch haircell lowpass applied time-reversed,timing,numpy,mono,,,spread_pct,9.056710338256458,partial,[scores/torch] RuntimeError: [enforce fail at alloc_cpu.cpp:117] data. DefaultCPUAllocator: not enough memory: you tried
forward,13,c2c7e76,c2c7e76285f1df48e5fa9054c20c5f837d1dba4c,2026-07-08T04:08:49+08:00,Fix torch haircell lowpass applied time-reversed,timing,numpy,stereo,,,median_seconds,5.205251799896359,partial,[scores/torch] RuntimeError: [enforce fail at alloc_cpu.cpp:117] data. DefaultCPUAllocator: not enough memory: you tried
forward,13,c2c7e76,c2c7e76285f1df48e5fa9054c20c5f837d1dba4c,2026-07-08T04:08:49+08:00,Fix torch haircell lowpass applied time-reversed,timing,numpy,stereo,,,min_seconds,5.046435400377959,partial,[scores/torch] RuntimeError: [enforce fail at alloc_cpu.cpp:117] data. DefaultCPUAllocator: not enough memory: you tried
forward,13,c2c7e76,c2c7e76285f1df48e5fa9054c20c5f837d1dba4c,2026-07-08T04:08:49+08:00,Fix torch haircell lowpass applied time-reversed,timing,numpy,stereo,,,audio_seconds,5.0,partial,[scores/torch] RuntimeError: [enforce fail at alloc_cpu.cpp:117] data. DefaultCPUAllocator: not enough memory: you tried
forward,13,c2c7e76,c2c7e76285f1df48e5fa9054c20c5f837d1dba4c,2026-07-08T04:08:49+08:00,Fix torch haircell lowpass applied time-reversed,timing,numpy,stereo,,,seconds_per_audio_second,1.041050359979272,partial,[scores/torch] RuntimeError: [enforce fail at alloc_cpu.cpp:117] data. DefaultCPUAllocator: not enough memory: you tried
forward,13,c2c7e76,c2c7e76285f1df48e5fa9054c20c5f837d1dba4c,2026-07-08T04:08:49+08:00,Fix torch haircell lowpass applied time-reversed,timing,numpy,stereo,,,realtime_factor,0.9605683244948023,partial,[scores/torch] RuntimeError: [enforce fail at alloc_cpu.cpp:117] data. DefaultCPUAllocator: not enough memory: you tried
forward,13,c2c7e76,c2c7e76285f1df48e5fa9054c20c5f837d1dba4c,2026-07-08T04:08:49+08:00,Fix torch haircell lowpass applied time-reversed,timing,numpy,stereo,,,spread_pct,5.839741839806017,partial,[scores/torch] RuntimeError: [enforce fail at alloc_cpu.cpp:117] data. DefaultCPUAllocator: not enough memory: you tried
forward,13,c2c7e76,c2c7e76285f1df48e5fa9054c20c5f837d1dba4c,2026-07-08T04:08:49+08:00,Fix torch haircell lowpass applied time-reversed,timing,torch,mono,,,median_seconds,4.076577499974519,partial,[scores/torch] RuntimeError: [enforce fail at alloc_cpu.cpp:117] data. DefaultCPUAllocator: not enough memory: you tried
forward,13,c2c7e76,c2c7e76285f1df48e5fa9054c20c5f837d1dba4c,2026-07-08T04:08:49+08:00,Fix torch haircell lowpass applied time-reversed,timing,torch,mono,,,min_seconds,3.8246817998588085,partial,[scores/torch] RuntimeError: [enforce fail at alloc_cpu.cpp:117] data. DefaultCPUAllocator: not enough memory: you tried
forward,13,c2c7e76,c2c7e76285f1df48e5fa9054c20c5f837d1dba4c,2026-07-08T04:08:49+08:00,Fix torch haircell lowpass applied time-reversed,timing,torch,mono,,,audio_seconds,5.0,partial,[scores/torch] RuntimeError: [enforce fail at alloc_cpu.cpp:117] data. DefaultCPUAllocator: not enough memory: you tried
forward,13,c2c7e76,c2c7e76285f1df48e5fa9054c20c5f837d1dba4c,2026-07-08T04:08:49+08:00,Fix torch haircell lowpass applied time-reversed,timing,torch,mono,,,seconds_per_audio_second,0.8153154999949038,partial,[scores/torch] RuntimeError: [enforce fail at alloc_cpu.cpp:117] data. DefaultCPUAllocator: not enough memory: you tried
forward,13,c2c7e76,c2c7e76285f1df48e5fa9054c20c5f837d1dba4c,2026-07-08T04:08:49+08:00,Fix torch haircell lowpass applied time-reversed,timing,torch,mono,,,realtime_factor,1.226519059193957,partial,[scores/torch] RuntimeError: [enforce fail at alloc_cpu.cpp:117] data. DefaultCPUAllocator: not enough memory: you tried
forward,13,c2c7e76,c2c7e76285f1df48e5fa9054c20c5f837d1dba4c,2026-07-08T04:08:49+08:00,Fix torch haircell lowpass applied time-reversed,timing,torch,mono,,,spread_pct,11.290826859841573,partial,[scores/torch] RuntimeError: [enforce fail at alloc_cpu.cpp:117] data. DefaultCPUAllocator: not enough memory: you tried
forward,13,c2c7e76,c2c7e76285f1df48e5fa9054c20c5f837d1dba4c,2026-07-08T04:08:49+08:00,Fix torch haircell lowpass applied time-reversed,timing,torch,stereo,,,median_seconds,7.357879499904811,partial,[scores/torch] RuntimeError: [enforce fail at alloc_cpu.cpp:117] data. DefaultCPUAllocator: not enough memory: you tried
forward,13,c2c7e76,c2c7e76285f1df48e5fa9054c20c5f837d1dba4c,2026-07-08T04:08:49+08:00,Fix torch haircell lowpass applied time-reversed,timing,torch,stereo,,,min_seconds,6.98957179998979,partial,[scores/torch] RuntimeError: [enforce fail at alloc_cpu.cpp:117] data. DefaultCPUAllocator: not enough memory: you tried
forward,13,c2c7e76,c2c7e76285f1df48e5fa9054c20c5f837d1dba4c,2026-07-08T04:08:49+08:00,Fix torch haircell lowpass applied time-reversed,timing,torch,stereo,,,audio_seconds,5.0,partial,[scores/torch] RuntimeError: [enforce fail at alloc_cpu.cpp:117] data. DefaultCPUAllocator: not enough memory: you tried
forward,13,c2c7e76,c2c7e76285f1df48e5fa9054c20c5f837d1dba4c,2026-07-08T04:08:49+08:00,Fix torch haircell lowpass applied time-reversed,timing,torch,stereo,,,seconds_per_audio_second,1.4715758999809623,partial,[scores/torch] RuntimeError: [enforce fail at alloc_cpu.cpp:117] data. DefaultCPUAllocator: not enough memory: you tried
forward,13,c2c7e76,c2c7e76285f1df48e5fa9054c20c5f837d1dba4c,2026-07-08T04:08:49+08:00,Fix torch haircell lowpass applied time-reversed,timing,torch,stereo,,,realtime_factor,0.6795436103655523,partial,[scores/torch] RuntimeError: [enforce fail at alloc_cpu.cpp:117] data. DefaultCPUAllocator: not enough memory: you tried
forward,13,c2c7e76,c2c7e76285f1df48e5fa9054c20c5f837d1dba4c,2026-07-08T04:08:49+08:00,Fix torch haircell lowpass applied time-reversed,timing,torch,stereo,,,spread_pct,7.036611312133241,partial,[scores/torch] RuntimeError: [enforce fail at alloc_cpu.cpp:117] data. DefaultCPUAllocator: not enough memory: you tried
reverse,0,c2c7e76,c2c7e76285f1df48e5fa9054c20c5f837d1dba4c,2026-07-08T04:08:49+08:00,Fix torch haircell lowpass applied time-reversed,meta,,,,,measured,1,partial,[scores/torch] RuntimeError: [enforce fail at alloc_cpu.cpp:117] data. DefaultCPUAllocator: not enough memory: you tried
reverse,0,c2c7e76,c2c7e76285f1df48e5fa9054c20c5f837d1dba4c,2026-07-08T04:08:49+08:00,Fix torch haircell lowpass applied time-reversed,accuracy,numpy,matlab_reference,true_target,0,correlation,0.998043467203005,partial,[scores/torch] RuntimeError: [enforce fail at alloc_cpu.cpp:117] data. DefaultCPUAllocator: not enough memory: you tried
reverse,0,c2c7e76,c2c7e76285f1df48e5fa9054c20c5f837d1dba4c,2026-07-08T04:08:49+08:00,Fix torch haircell lowpass applied time-reversed,accuracy,numpy,matlab_reference,true_target,0,rms_ratio,0.9379285236346512,partial,[scores/torch] RuntimeError: [enforce fail at alloc_cpu.cpp:117] data. DefaultCPUAllocator: not enough memory: you tried
reverse,0,c2c7e76,c2c7e76285f1df48e5fa9054c20c5f837d1dba4c,2026-07-08T04:08:49+08:00,Fix torch haircell lowpass applied time-reversed,accuracy,numpy,matlab_reference,true_target,0,gain_error,-0.06447120128692774,partial,[scores/torch] RuntimeError: [enforce fail at alloc_cpu.cpp:117] data. DefaultCPUAllocator: not enough memory: you tried
reverse,0,c2c7e76,c2c7e76285f1df48e5fa9054c20c5f837d1dba4c,2026-07-08T04:08:49+08:00,Fix torch haircell lowpass applied time-reversed,accuracy,numpy,matlab_reference,true_target,1,correlation,0.998039651119214,partial,[scores/torch] RuntimeError: [enforce fail at alloc_cpu.cpp:117] data. DefaultCPUAllocator: not enough memory: you tried
reverse,0,c2c7e76,c2c7e76285f1df48e5fa9054c20c5f837d1dba4c,2026-07-08T04:08:49+08:00,Fix torch haircell lowpass applied time-reversed,accuracy,numpy,matlab_reference,true_target,1,rms_ratio,0.9377982102354642,partial,[scores/torch] RuntimeError: [enforce fail at alloc_cpu.cpp:117] data. DefaultCPUAllocator: not enough memory: you tried
reverse,0,c2c7e76,c2c7e76285f1df48e5fa9054c20c5f837d1dba4c,2026-07-08T04:08:49+08:00,Fix torch haircell lowpass applied time-reversed,accuracy,numpy,matlab_reference,true_target,1,gain_error,-0.0646011812744487,partial,[scores/torch] RuntimeError: [enforce fail at alloc_cpu.cpp:117] data. DefaultCPUAllocator: not enough memory: you tried
reverse,0,c2c7e76,c2c7e76285f1df48e5fa9054c20c5f837d1dba4c,2026-07-08T04:08:49+08:00,Fix torch haircell lowpass applied time-reversed,accuracy,numpy,matlab_reference,target_distortion,0,correlation,0.9976059825517861,partial,[scores/torch] RuntimeError: [enforce fail at alloc_cpu.cpp:117] data. DefaultCPUAllocator: not enough memory: you tried
reverse,0,c2c7e76,c2c7e76285f1df48e5fa9054c20c5f837d1dba4c,2026-07-08T04:08:49+08:00,Fix torch haircell lowpass applied time-reversed,accuracy,numpy,matlab_reference,target_distortion,0,rms_ratio,0.9341083749580081,partial,[scores/torch] RuntimeError: [enforce fail at alloc_cpu.cpp:117] data. DefaultCPUAllocator: not enough memory: you tried
reverse,0,c2c7e76,c2c7e76285f1df48e5fa9054c20c5f837d1dba4c,2026-07-08T04:08:49+08:00,Fix torch haircell lowpass applied time-reversed,accuracy,numpy,matlab_reference,target_distortion,0,gain_error,-0.06828157597146745,partial,[scores/torch] RuntimeError: [enforce fail at alloc_cpu.cpp:117] data. DefaultCPUAllocator: not enough memory: you tried
reverse,0,c2c7e76,c2c7e76285f1df48e5fa9054c20c5f837d1dba4c,2026-07-08T04:08:49+08:00,Fix torch haircell lowpass applied time-reversed,accuracy,numpy,matlab_reference,target_distortion,1,correlation,0.9976259754732566,partial,[scores/torch] RuntimeError: [enforce fail at alloc_cpu.cpp:117] data. DefaultCPUAllocator: not enough memory: you tried
reverse,0,c2c7e76,c2c7e76285f1df48e5fa9054c20c5f837d1dba4c,2026-07-08T04:08:49+08:00,Fix torch haircell lowpass applied time-reversed,accuracy,numpy,matlab_reference,target_distortion,1,rms_ratio,0.9345358499276575,partial,[scores/torch] RuntimeError: [enforce fail at alloc_cpu.cpp:117] data. DefaultCPUAllocator: not enough memory: you tried
reverse,0,c2c7e76,c2c7e76285f1df48e5fa9054c20c5f837d1dba4c,2026-07-08T04:08:49+08:00,Fix torch haircell lowpass applied time-reversed,accuracy,numpy,matlab_reference,target_distortion,1,gain_error,-0.06785519471238577,partial,[scores/torch] RuntimeError: [enforce fail at alloc_cpu.cpp:117] data. DefaultCPUAllocator: not enough memory: you tried
reverse,0,c2c7e76,c2c7e76285f1df48e5fa9054c20c5f837d1dba4c,2026-07-08T04:08:49+08:00,Fix torch haircell lowpass applied time-reversed,accuracy,numpy,matlab_reference,interference,0,correlation,0.9981019258077409,partial,[scores/torch] RuntimeError: [enforce fail at alloc_cpu.cpp:117] data. DefaultCPUAllocator: not enough memory: you tried
reverse,0,c2c7e76,c2c7e76285f1df48e5fa9054c20c5f837d1dba4c,2026-07-08T04:08:49+08:00,Fix torch haircell lowpass applied time-reversed,accuracy,numpy,matlab_reference,interference,0,rms_ratio,0.9395249467112846,partial,[scores/torch] RuntimeError: [enforce fail at alloc_cpu.cpp:117] data. DefaultCPUAllocator: not enough memory: you tried
reverse,0,c2c7e76,c2c7e76285f1df48e5fa9054c20c5f837d1dba4c,2026-07-08T04:08:49+08:00,Fix torch haircell lowpass applied time-reversed,accuracy,numpy,matlab_reference,interference,0,gain_error,-0.0628788627179575,partial,[scores/torch] RuntimeError: [enforce fail at alloc_cpu.cpp:117] data. DefaultCPUAllocator: not enough memory: you tried
reverse,0,c2c7e76,c2c7e76285f1df48e5fa9054c20c5f837d1dba4c,2026-07-08T04:08:49+08:00,Fix torch haircell lowpass applied time-reversed,accuracy,numpy,matlab_reference,interference,1,correlation,0.9981046492863485,partial,[scores/torch] RuntimeError: [enforce fail at alloc_cpu.cpp:117] data. DefaultCPUAllocator: not enough memory: you tried
reverse,0,c2c7e76,c2c7e76285f1df48e5fa9054c20c5f837d1dba4c,2026-07-08T04:08:49+08:00,Fix torch haircell lowpass applied time-reversed,accuracy,numpy,matlab_reference,interference,1,rms_ratio,0.9399928281108024,partial,[scores/torch] RuntimeError: [enforce fail at alloc_cpu.cpp:117] data. DefaultCPUAllocator: not enough memory: you tried
reverse,0,c2c7e76,c2c7e76285f1df48e5fa9054c20c5f837d1dba4c,2026-07-08T04:08:49+08:00,Fix torch haircell lowpass applied time-reversed,accuracy,numpy,matlab_reference,interference,1,gain_error,-0.06241217841035718,partial,[scores/torch] RuntimeError: [enforce fail at alloc_cpu.cpp:117] data. DefaultCPUAllocator: not enough memory: you tried
reverse,0,c2c7e76,c2c7e76285f1df48e5fa9054c20c5f837d1dba4c,2026-07-08T04:08:49+08:00,Fix torch haircell lowpass applied time-reversed,accuracy,numpy,matlab_reference,artifacts,0,correlation,0.9898484360454398,partial,[scores/torch] RuntimeError: [enforce fail at alloc_cpu.cpp:117] data. DefaultCPUAllocator: not enough memory: you tried
reverse,0,c2c7e76,c2c7e76285f1df48e5fa9054c20c5f837d1dba4c,2026-07-08T04:08:49+08:00,Fix torch haircell lowpass applied time-reversed,accuracy,numpy,matlab_reference,artifacts,0,rms_ratio,0.9379179878702986,partial,[scores/torch] RuntimeError: [enforce fail at alloc_cpu.cpp:117] data. DefaultCPUAllocator: not enough memory: you tried
reverse,0,c2c7e76,c2c7e76285f1df48e5fa9054c20c5f837d1dba4c,2026-07-08T04:08:49+08:00,Fix torch haircell lowpass applied time-reversed,accuracy,numpy,matlab_reference,artifacts,0,gain_error,-0.06448171009513637,partial,[scores/torch] RuntimeError: [enforce fail at alloc_cpu.cpp:117] data. DefaultCPUAllocator: not enough memory: you tried
reverse,0,c2c7e76,c2c7e76285f1df48e5fa9054c20c5f837d1dba4c,2026-07-08T04:08:49+08:00,Fix torch haircell lowpass applied time-reversed,accuracy,numpy,matlab_reference,artifacts,1,correlation,0.9897867949635205,partial,[scores/torch] RuntimeError: [enforce fail at alloc_cpu.cpp:117] data. DefaultCPUAllocator: not enough memory: you tried
reverse,0,c2c7e76,c2c7e76285f1df48e5fa9054c20c5f837d1dba4c,2026-07-08T04:08:49+08:00,Fix torch haircell lowpass applied time-reversed,accuracy,numpy,matlab_reference,artifacts,1,rms_ratio,0.9393205632422491,partial,[scores/torch] RuntimeError: [enforce fail at alloc_cpu.cpp:117] data. DefaultCPUAllocator: not enough memory: you tried
reverse,0,c2c7e76,c2c7e76285f1df48e5fa9054c20c5f837d1dba4c,2026-07-08T04:08:49+08:00,Fix torch haircell lowpass applied time-reversed,accuracy,numpy,matlab_reference,artifacts,1,gain_error,-0.06308272326430564,partial,[scores/torch] RuntimeError: [enforce fail at alloc_cpu.cpp:117] data. DefaultCPUAllocator: not enough memory: you tried
reverse,0,c2c7e76,c2c7e76285f1df48e5fa9054c20c5f837d1dba4c,2026-07-08T04:08:49+08:00,Fix torch haircell lowpass applied time-reversed,accuracy,torch,matlab_reference,true_target,0,correlation,0.9980434785903043,partial,[scores/torch] RuntimeError: [enforce fail at alloc_cpu.cpp:117] data. DefaultCPUAllocator: not enough memory: you tried
reverse,0,c2c7e76,c2c7e76285f1df48e5fa9054c20c5f837d1dba4c,2026-07-08T04:08:49+08:00,Fix torch haircell lowpass applied time-reversed,accuracy,torch,matlab_reference,true_target,0,rms_ratio,0.9379286108192366,partial,[scores/torch] RuntimeError: [enforce fail at alloc_cpu.cpp:117] data. DefaultCPUAllocator: not enough memory: you tried
reverse,0,c2c7e76,c2c7e76285f1df48e5fa9054c20c5f837d1dba4c,2026-07-08T04:08:49+08:00,Fix torch haircell lowpass applied time-reversed,accuracy,torch,matlab_reference,true_target,0,gain_error,-0.06447111432540731,partial,[scores/torch] RuntimeError: [enforce fail at alloc_cpu.cpp:117] data. DefaultCPUAllocator: not enough memory: you tried
reverse,0,c2c7e76,c2c7e76285f1df48e5fa9054c20c5f837d1dba4c,2026-07-08T04:08:49+08:00,Fix torch haircell lowpass applied time-reversed,accuracy,torch,matlab_reference,true_target,1,correlation,0.9980396620576465,partial,[scores/torch] RuntimeError: [enforce fail at alloc_cpu.cpp:117] data. DefaultCPUAllocator: not enough memory: you tried
reverse,0,c2c7e76,c2c7e76285f1df48e5fa9054c20c5f837d1dba4c,2026-07-08T04:08:49+08:00,Fix torch haircell lowpass applied time-reversed,accuracy,torch,matlab_reference,true_target,1,rms_ratio,0.9377982872039647,partial,[scores/torch] RuntimeError: [enforce fail at alloc_cpu.cpp:117] data. DefaultCPUAllocator: not enough memory: you tried
reverse,0,c2c7e76,c2c7e76285f1df48e5fa9054c20c5f837d1dba4c,2026-07-08T04:08:49+08:00,Fix torch haircell lowpass applied time-reversed,accuracy,torch,matlab_reference,true_target,1,gain_error,-0.06460110450287493,partial,[scores/torch] RuntimeError: [enforce fail at alloc_cpu.cpp:117] data. DefaultCPUAllocator: not enough memory: you tried
reverse,0,c2c7e76,c2c7e76285f1df48e5fa9054c20c5f837d1dba4c,2026-07-08T04:08:49+08:00,Fix torch haircell lowpass applied time-reversed,accuracy,torch,matlab_reference,target_distortion,0,correlation,0.9976060072135488,partial,[scores/torch] RuntimeError: [enforce fail at alloc_cpu.cpp:117] data. DefaultCPUAllocator: not enough memory: you tried
reverse,0,c2c7e76,c2c7e76285f1df48e5fa9054c20c5f837d1dba4c,2026-07-08T04:08:49+08:00,Fix torch haircell lowpass applied time-reversed,accuracy,torch,matlab_reference,target_distortion,0,rms_ratio,0.9341090696276739,partial,[scores/torch] RuntimeError: [enforce fail at alloc_cpu.cpp:117] data. DefaultCPUAllocator: not enough memory: you tried
reverse,0,c2c7e76,c2c7e76285f1df48e5fa9054c20c5f837d1dba4c,2026-07-08T04:08:49+08:00,Fix torch haircell lowpass applied time-reversed,accuracy,torch,matlab_reference,target_distortion,0,gain_error,-0.06828088307913971,partial,[scores/torch] RuntimeError: [enforce fail at alloc_cpu.cpp:117] data. DefaultCPUAllocator: not enough memory: you tried
reverse,0,c2c7e76,c2c7e76285f1df48e5fa9054c20c5f837d1dba4c,2026-07-08T04:08:49+08:00,Fix torch haircell lowpass applied time-reversed,accuracy,torch,matlab_reference,target_distortion,1,correlation,0.9976259988415274,partial,[scores/torch] RuntimeError: [enforce fail at alloc_cpu.cpp:117] data. DefaultCPUAllocator: not enough memory: you tried
reverse,0,c2c7e76,c2c7e76285f1df48e5fa9054c20c5f837d1dba4c,2026-07-08T04:08:49+08:00,Fix torch haircell lowpass applied time-reversed,accuracy,torch,matlab_reference,target_distortion,1,rms_ratio,0.9345363244887108,partial,[scores/torch] RuntimeError: [enforce fail at alloc_cpu.cpp:117] data. DefaultCPUAllocator: not enough memory: you tried
reverse,0,c2c7e76,c2c7e76285f1df48e5fa9054c20c5f837d1dba4c,2026-07-08T04:08:49+08:00,Fix torch haircell lowpass applied time-reversed,accuracy,torch,matlab_reference,target_distortion,1,gain_error,-0.06785472136551451,partial,[scores/torch] RuntimeError: [enforce fail at alloc_cpu.cpp:117] data. DefaultCPUAllocator: not enough memory: you tried
reverse,0,c2c7e76,c2c7e76285f1df48e5fa9054c20c5f837d1dba4c,2026-07-08T04:08:49+08:00,Fix torch haircell lowpass applied time-reversed,accuracy,torch,matlab_reference,interference,0,correlation,0.9981019379486651,partial,[scores/torch] RuntimeError: [enforce fail at alloc_cpu.cpp:117] data. DefaultCPUAllocator: not enough memory: you tried
reverse,0,c2c7e76,c2c7e76285f1df48e5fa9054c20c5f837d1dba4c,2026-07-08T04:08:49+08:00,Fix torch haircell lowpass applied time-reversed,accuracy,torch,matlab_reference,interference,0,rms_ratio,0.9395253074649726,partial,[scores/torch] RuntimeError: [enforce fail at alloc_cpu.cpp:117] data. DefaultCPUAllocator: not enough memory: you tried
reverse,0,c2c7e76,c2c7e76285f1df48e5fa9054c20c5f837d1dba4c,2026-07-08T04:08:49+08:00,Fix torch haircell lowpass applied time-reversed,accuracy,torch,matlab_reference,interference,0,gain_error,-0.06287850288727115,partial,[scores/torch] RuntimeError: [enforce fail at alloc_cpu.cpp:117] data. DefaultCPUAllocator: not enough memory: you tried
reverse,0,c2c7e76,c2c7e76285f1df48e5fa9054c20c5f837d1dba4c,2026-07-08T04:08:49+08:00,Fix torch haircell lowpass applied time-reversed,accuracy,torch,matlab_reference,interference,1,correlation,0.9981046617093268,partial,[scores/torch] RuntimeError: [enforce fail at alloc_cpu.cpp:117] data. DefaultCPUAllocator: not enough memory: you tried
reverse,0,c2c7e76,c2c7e76285f1df48e5fa9054c20c5f837d1dba4c,2026-07-08T04:08:49+08:00,Fix torch haircell lowpass applied time-reversed,accuracy,torch,matlab_reference,interference,1,rms_ratio,0.9399931271557939,partial,[scores/torch] RuntimeError: [enforce fail at alloc_cpu.cpp:117] data. DefaultCPUAllocator: not enough memory: you tried
reverse,0,c2c7e76,c2c7e76285f1df48e5fa9054c20c5f837d1dba4c,2026-07-08T04:08:49+08:00,Fix torch haircell lowpass applied time-reversed,accuracy,torch,matlab_reference,interference,1,gain_error,-0.06241188013048338,partial,[scores/torch] RuntimeError: [enforce fail at alloc_cpu.cpp:117] data. DefaultCPUAllocator: not enough memory: you tried
reverse,0,c2c7e76,c2c7e76285f1df48e5fa9054c20c5f837d1dba4c,2026-07-08T04:08:49+08:00,Fix torch haircell lowpass applied time-reversed,accuracy,torch,matlab_reference,artifacts,0,correlation,0.9898484470282637,partial,[scores/torch] RuntimeError: [enforce fail at alloc_cpu.cpp:117] data. DefaultCPUAllocator: not enough memory: you tried
reverse,0,c2c7e76,c2c7e76285f1df48e5fa9054c20c5f837d1dba4c,2026-07-08T04:08:49+08:00,Fix torch haircell lowpass applied time-reversed,accuracy,torch,matlab_reference,artifacts,0,rms_ratio,0.9379181220369521,partial,[scores/torch] RuntimeError: [enforce fail at alloc_cpu.cpp:117] data. DefaultCPUAllocator: not enough memory: you tried
reverse,0,c2c7e76,c2c7e76285f1df48e5fa9054c20c5f837d1dba4c,2026-07-08T04:08:49+08:00,Fix torch haircell lowpass applied time-reversed,accuracy,torch,matlab_reference,artifacts,0,gain_error,-0.06448157627175322,partial,[scores/torch] RuntimeError: [enforce fail at alloc_cpu.cpp:117] data. DefaultCPUAllocator: not enough memory: you tried
reverse,0,c2c7e76,c2c7e76285f1df48e5fa9054c20c5f837d1dba4c,2026-07-08T04:08:49+08:00,Fix torch haircell lowpass applied time-reversed,accuracy,torch,matlab_reference,artifacts,1,correlation,0.9897868060152463,partial,[scores/torch] RuntimeError: [enforce fail at alloc_cpu.cpp:117] data. DefaultCPUAllocator: not enough memory: you tried
reverse,0,c2c7e76,c2c7e76285f1df48e5fa9054c20c5f837d1dba4c,2026-07-08T04:08:49+08:00,Fix torch haircell lowpass applied time-reversed,accuracy,torch,matlab_reference,artifacts,1,rms_ratio,0.9393206944657932,partial,[scores/torch] RuntimeError: [enforce fail at alloc_cpu.cpp:117] data. DefaultCPUAllocator: not enough memory: you tried
reverse,0,c2c7e76,c2c7e76285f1df48e5fa9054c20c5f837d1dba4c,2026-07-08T04:08:49+08:00,Fix torch haircell lowpass applied time-reversed,accuracy,torch,matlab_reference,artifacts,1,gain_error,-0.06308259237650182,partial,[scores/torch] RuntimeError: [enforce fail at alloc_cpu.cpp:117] data. DefaultCPUAllocator: not enough memory: you tried
reverse,0,c2c7e76,c2c7e76285f1df48e5fa9054c20c5f837d1dba4c,2026-07-08T04:08:49+08:00,Fix torch haircell lowpass applied time-reversed,score,numpy,matlab_reference,,,overall_perceptual_score,15.382377947494332,partial,[scores/torch] RuntimeError: [enforce fail at alloc_cpu.cpp:117] data. DefaultCPUAllocator: not enough memory: you tried
reverse,0,c2c7e76,c2c7e76285f1df48e5fa9054c20c5f837d1dba4c,2026-07-08T04:08:49+08:00,Fix torch haircell lowpass applied time-reversed,score,numpy,matlab_reference,,,target_perceptual_score,58.4754235124543,partial,[scores/torch] RuntimeError: [enforce fail at alloc_cpu.cpp:117] data. DefaultCPUAllocator: not enough memory: you tried
reverse,0,c2c7e76,c2c7e76285f1df48e5fa9054c20c5f837d1dba4c,2026-07-08T04:08:49+08:00,Fix torch haircell lowpass applied time-reversed,score,numpy,matlab_reference,,,interference_perceptual_score,19.016304089343805,partial,[scores/torch] RuntimeError: [enforce fail at alloc_cpu.cpp:117] data. DefaultCPUAllocator: not enough memory: you tried
reverse,0,c2c7e76,c2c7e76285f1df48e5fa9054c20c5f837d1dba4c,2026-07-08T04:08:49+08:00,Fix torch haircell lowpass applied time-reversed,score,numpy,matlab_reference,,,artifact_perceptual_score,77.9377484254884,partial,[scores/torch] RuntimeError: [enforce fail at alloc_cpu.cpp:117] data. DefaultCPUAllocator: not enough memory: you tried
reverse,0,c2c7e76,c2c7e76285f1df48e5fa9054c20c5f837d1dba4c,2026-07-08T04:08:49+08:00,Fix torch haircell lowpass applied time-reversed,score,numpy,matlab_reference,,,source_to_distortion_ratio,0.9006227578931382,partial,[scores/torch] RuntimeError: [enforce fail at alloc_cpu.cpp:117] data. DefaultCPUAllocator: not enough memory: you tried
reverse,0,c2c7e76,c2c7e76285f1df48e5fa9054c20c5f837d1dba4c,2026-07-08T04:08:49+08:00,Fix torch haircell lowpass applied time-reversed,score,numpy,matlab_reference,,,source_to_spatial_distortion_ratio,7.551210833164617,partial,[scores/torch] RuntimeError: [enforce fail at alloc_cpu.cpp:117] data. DefaultCPUAllocator: not enough memory: you tried
reverse,0,c2c7e76,c2c7e76285f1df48e5fa9054c20c5f837d1dba4c,2026-07-08T04:08:49+08:00,Fix torch haircell lowpass applied time-reversed,score,numpy,matlab_reference,,,source_to_interference_ratio,-0.3897021256992947,partial,[scores/torch] RuntimeError: [enforce fail at alloc_cpu.cpp:117] data. DefaultCPUAllocator: not enough memory: you tried
reverse,0,c2c7e76,c2c7e76285f1df48e5fa9054c20c5f837d1dba4c,2026-07-08T04:08:49+08:00,Fix torch haircell lowpass applied time-reversed,score,numpy,matlab_reference,,,source_to_artifacts_ratio,19.361649265617327,partial,[scores/torch] RuntimeError: [enforce fail at alloc_cpu.cpp:117] data. DefaultCPUAllocator: not enough memory: you tried
reverse,0,c2c7e76,c2c7e76285f1df48e5fa9054c20c5f837d1dba4c,2026-07-08T04:08:49+08:00,Fix torch haircell lowpass applied time-reversed,timing,numpy,mono,,,median_seconds,2.9096399997361004,partial,[scores/torch] RuntimeError: [enforce fail at alloc_cpu.cpp:117] data. DefaultCPUAllocator: not enough memory: you tried
reverse,0,c2c7e76,c2c7e76285f1df48e5fa9054c20c5f837d1dba4c,2026-07-08T04:08:49+08:00,Fix torch haircell lowpass applied time-reversed,timing,numpy,mono,,,min_seconds,2.8889517998322845,partial,[scores/torch] RuntimeError: [enforce fail at alloc_cpu.cpp:117] data. DefaultCPUAllocator: not enough memory: you tried
reverse,0,c2c7e76,c2c7e76285f1df48e5fa9054c20c5f837d1dba4c,2026-07-08T04:08:49+08:00,Fix torch haircell lowpass applied time-reversed,timing,numpy,mono,,,audio_seconds,5.0,partial,[scores/torch] RuntimeError: [enforce fail at alloc_cpu.cpp:117] data. DefaultCPUAllocator: not enough memory: you tried
reverse,0,c2c7e76,c2c7e76285f1df48e5fa9054c20c5f837d1dba4c,2026-07-08T04:08:49+08:00,Fix torch haircell lowpass applied time-reversed,timing,numpy,mono,,,seconds_per_audio_second,0.5819279999472201,partial,[scores/torch] RuntimeError: [enforce fail at alloc_cpu.cpp:117] data. DefaultCPUAllocator: not enough memory: you tried
reverse,0,c2c7e76,c2c7e76285f1df48e5fa9054c20c5f837d1dba4c,2026-07-08T04:08:49+08:00,Fix torch haircell lowpass applied time-reversed,timing,numpy,mono,,,realtime_factor,1.718425647314957,partial,[scores/torch] RuntimeError: [enforce fail at alloc_cpu.cpp:117] data. DefaultCPUAllocator: not enough memory: you tried
reverse,0,c2c7e76,c2c7e76285f1df48e5fa9054c20c5f837d1dba4c,2026-07-08T04:08:49+08:00,Fix torch haircell lowpass applied time-reversed,timing,numpy,mono,,,spread_pct,1.359624614969745,partial,[scores/torch] RuntimeError: [enforce fail at alloc_cpu.cpp:117] data. DefaultCPUAllocator: not enough memory: you tried
reverse,0,c2c7e76,c2c7e76285f1df48e5fa9054c20c5f837d1dba4c,2026-07-08T04:08:49+08:00,Fix torch haircell lowpass applied time-reversed,timing,numpy,stereo,,,median_seconds,5.191667600069195,partial,[scores/torch] RuntimeError: [enforce fail at alloc_cpu.cpp:117] data. DefaultCPUAllocator: not enough memory: you tried
reverse,0,c2c7e76,c2c7e76285f1df48e5fa9054c20c5f837d1dba4c,2026-07-08T04:08:49+08:00,Fix torch haircell lowpass applied time-reversed,timing,numpy,stereo,,,min_seconds,5.109082799870521,partial,[scores/torch] RuntimeError: [enforce fail at alloc_cpu.cpp:117] data. DefaultCPUAllocator: not enough memory: you tried
reverse,0,c2c7e76,c2c7e76285f1df48e5fa9054c20c5f837d1dba4c,2026-07-08T04:08:49+08:00,Fix torch haircell lowpass applied time-reversed,timing,numpy,stereo,,,audio_seconds,5.0,partial,[scores/torch] RuntimeError: [enforce fail at alloc_cpu.cpp:117] data. DefaultCPUAllocator: not enough memory: you tried
reverse,0,c2c7e76,c2c7e76285f1df48e5fa9054c20c5f837d1dba4c,2026-07-08T04:08:49+08:00,Fix torch haircell lowpass applied time-reversed,timing,numpy,stereo,,,seconds_per_audio_second,1.038333520013839,partial,[scores/torch] RuntimeError: [enforce fail at alloc_cpu.cpp:117] data. DefaultCPUAllocator: not enough memory: you tried
reverse,0,c2c7e76,c2c7e76285f1df48e5fa9054c20c5f837d1dba4c,2026-07-08T04:08:49+08:00,Fix torch haircell lowpass applied time-reversed,timing,numpy,stereo,,,realtime_factor,0.9630816888071493,partial,[scores/torch] RuntimeError: [enforce fail at alloc_cpu.cpp:117] data. DefaultCPUAllocator: not enough memory: you tried
reverse,0,c2c7e76,c2c7e76285f1df48e5fa9054c20c5f837d1dba4c,2026-07-08T04:08:49+08:00,Fix torch haircell lowpass applied time-reversed,timing,numpy,stereo,,,spread_pct,2.4413990742671845,partial,[scores/torch] RuntimeError: [enforce fail at alloc_cpu.cpp:117] data. DefaultCPUAllocator: not enough memory: you tried
reverse,0,c2c7e76,c2c7e76285f1df48e5fa9054c20c5f837d1dba4c,2026-07-08T04:08:49+08:00,Fix torch haircell lowpass applied time-reversed,timing,torch,mono,,,median_seconds,3.792688800022006,partial,[scores/torch] RuntimeError: [enforce fail at alloc_cpu.cpp:117] data. DefaultCPUAllocator: not enough memory: you tried
reverse,0,c2c7e76,c2c7e76285f1df48e5fa9054c20c5f837d1dba4c,2026-07-08T04:08:49+08:00,Fix torch haircell lowpass applied time-reversed,timing,torch,mono,,,min_seconds,3.769130500033498,partial,[scores/torch] RuntimeError: [enforce fail at alloc_cpu.cpp:117] data. DefaultCPUAllocator: not enough memory: you tried
reverse,0,c2c7e76,c2c7e76285f1df48e5fa9054c20c5f837d1dba4c,2026-07-08T04:08:49+08:00,Fix torch haircell lowpass applied time-reversed,timing,torch,mono,,,audio_seconds,5.0,partial,[scores/torch] RuntimeError: [enforce fail at alloc_cpu.cpp:117] data. DefaultCPUAllocator: not enough memory: you tried
reverse,0,c2c7e76,c2c7e76285f1df48e5fa9054c20c5f837d1dba4c,2026-07-08T04:08:49+08:00,Fix torch haircell lowpass applied time-reversed,timing,torch,mono,,,seconds_per_audio_second,0.7585377600044012,partial,[scores/torch] RuntimeError: [enforce fail at alloc_cpu.cpp:117] data. DefaultCPUAllocator: not enough memory: you tried
reverse,0,c2c7e76,c2c7e76285f1df48e5fa9054c20c5f837d1dba4c,2026-07-08T04:08:49+08:00,Fix torch haircell lowpass applied time-reversed,timing,torch,mono,,,realtime_factor,1.3183259327712278,partial,[scores/torch] RuntimeError: [enforce fail at alloc_cpu.cpp:117] data. DefaultCPUAllocator: not enough memory: you tried
reverse,0,c2c7e76,c2c7e76285f1df48e5fa9054c20c5f837d1dba4c,2026-07-08T04:08:49+08:00,Fix torch haircell lowpass applied time-reversed,timing,torch,mono,,,spread_pct,2.211589640643448,partial,[scores/torch] RuntimeError: [enforce fail at alloc_cpu.cpp:117] data. DefaultCPUAllocator: not enough memory: you tried
reverse,0,c2c7e76,c2c7e76285f1df48e5fa9054c20c5f837d1dba4c,2026-07-08T04:08:49+08:00,Fix torch haircell lowpass applied time-reversed,timing,torch,stereo,,,median_seconds,7.42830489994958,partial,[scores/torch] RuntimeError: [enforce fail at alloc_cpu.cpp:117] data. DefaultCPUAllocator: not enough memory: you tried
reverse,0,c2c7e76,c2c7e76285f1df48e5fa9054c20c5f837d1dba4c,2026-07-08T04:08:49+08:00,Fix torch haircell lowpass applied time-reversed,timing,torch,stereo,,,min_seconds,7.350489699747413,partial,[scores/torch] RuntimeError: [enforce fail at alloc_cpu.cpp:117] data. DefaultCPUAllocator: not enough memory: you tried
reverse,0,c2c7e76,c2c7e76285f1df48e5fa9054c20c5f837d1dba4c,2026-07-08T04:08:49+08:00,Fix torch haircell lowpass applied time-reversed,timing,torch,stereo,,,audio_seconds,5.0,partial,[scores/torch] RuntimeError: [enforce fail at alloc_cpu.cpp:117] data. DefaultCPUAllocator: not enough memory: you tried
reverse,0,c2c7e76,c2c7e76285f1df48e5fa9054c20c5f837d1dba4c,2026-07-08T04:08:49+08:00,Fix torch haircell lowpass applied time-reversed,timing,torch,stereo,,,seconds_per_audio_second,1.485660979989916,partial,[scores/torch] RuntimeError: [enforce fail at alloc_cpu.cpp:117] data. DefaultCPUAllocator: not enough memory: you tried
reverse,0,c2c7e76,c2c7e76285f1df48e5fa9054c20c5f837d1dba4c,2026-07-08T04:08:49+08:00,Fix torch haircell lowpass applied time-reversed,timing,torch,stereo,,,realtime_factor,0.6731010731713419,partial,[scores/torch] RuntimeError: [enforce fail at alloc_cpu.cpp:117] data. DefaultCPUAllocator: not enough memory: you tried
reverse,0,c2c7e76,c2c7e76285f1df48e5fa9054c20c5f837d1dba4c,2026-07-08T04:08:49+08:00,Fix torch haircell lowpass applied time-reversed,timing,torch,stereo,,,spread_pct,3.694533443079198,partial,[scores/torch] RuntimeError: [enforce fail at alloc_cpu.cpp:117] data. DefaultCPUAllocator: not enough memory: you tried
reverse,1,e281b56,e281b56a38817183c71cd612bc10dcb1832b39ff,2026-07-08T04:26:48+08:00,Add comprehensive code-review findings document,meta,,,,,measured,1,partial,[scores/torch] RuntimeError: [enforce fail at alloc_cpu.cpp:117] data. DefaultCPUAllocator: not enough memory: you tried
reverse,1,e281b56,e281b56a38817183c71cd612bc10dcb1832b39ff,2026-07-08T04:26:48+08:00,Add comprehensive code-review findings document,accuracy,numpy,matlab_reference,true_target,0,correlation,0.998043467203005,partial,[scores/torch] RuntimeError: [enforce fail at alloc_cpu.cpp:117] data. DefaultCPUAllocator: not enough memory: you tried
reverse,1,e281b56,e281b56a38817183c71cd612bc10dcb1832b39ff,2026-07-08T04:26:48+08:00,Add comprehensive code-review findings document,accuracy,numpy,matlab_reference,true_target,0,rms_ratio,0.9379285236346512,partial,[scores/torch] RuntimeError: [enforce fail at alloc_cpu.cpp:117] data. DefaultCPUAllocator: not enough memory: you tried
reverse,1,e281b56,e281b56a38817183c71cd612bc10dcb1832b39ff,2026-07-08T04:26:48+08:00,Add comprehensive code-review findings document,accuracy,numpy,matlab_reference,true_target,0,gain_error,-0.06447120128692774,partial,[scores/torch] RuntimeError: [enforce fail at alloc_cpu.cpp:117] data. DefaultCPUAllocator: not enough memory: you tried
reverse,1,e281b56,e281b56a38817183c71cd612bc10dcb1832b39ff,2026-07-08T04:26:48+08:00,Add comprehensive code-review findings document,accuracy,numpy,matlab_reference,true_target,1,correlation,0.998039651119214,partial,[scores/torch] RuntimeError: [enforce fail at alloc_cpu.cpp:117] data. DefaultCPUAllocator: not enough memory: you tried
reverse,1,e281b56,e281b56a38817183c71cd612bc10dcb1832b39ff,2026-07-08T04:26:48+08:00,Add comprehensive code-review findings document,accuracy,numpy,matlab_reference,true_target,1,rms_ratio,0.9377982102354642,partial,[scores/torch] RuntimeError: [enforce fail at alloc_cpu.cpp:117] data. DefaultCPUAllocator: not enough memory: you tried
reverse,1,e281b56,e281b56a38817183c71cd612bc10dcb1832b39ff,2026-07-08T04:26:48+08:00,Add comprehensive code-review findings document,accuracy,numpy,matlab_reference,true_target,1,gain_error,-0.0646011812744487,partial,[scores/torch] RuntimeError: [enforce fail at alloc_cpu.cpp:117] data. DefaultCPUAllocator: not enough memory: you tried
reverse,1,e281b56,e281b56a38817183c71cd612bc10dcb1832b39ff,2026-07-08T04:26:48+08:00,Add comprehensive code-review findings document,accuracy,numpy,matlab_reference,target_distortion,0,correlation,0.9976059825517861,partial,[scores/torch] RuntimeError: [enforce fail at alloc_cpu.cpp:117] data. DefaultCPUAllocator: not enough memory: you tried
reverse,1,e281b56,e281b56a38817183c71cd612bc10dcb1832b39ff,2026-07-08T04:26:48+08:00,Add comprehensive code-review findings document,accuracy,numpy,matlab_reference,target_distortion,0,rms_ratio,0.9341083749580081,partial,[scores/torch] RuntimeError: [enforce fail at alloc_cpu.cpp:117] data. DefaultCPUAllocator: not enough memory: you tried
reverse,1,e281b56,e281b56a38817183c71cd612bc10dcb1832b39ff,2026-07-08T04:26:48+08:00,Add comprehensive code-review findings document,accuracy,numpy,matlab_reference,target_distortion,0,gain_error,-0.06828157597146745,partial,[scores/torch] RuntimeError: [enforce fail at alloc_cpu.cpp:117] data. DefaultCPUAllocator: not enough memory: you tried
reverse,1,e281b56,e281b56a38817183c71cd612bc10dcb1832b39ff,2026-07-08T04:26:48+08:00,Add comprehensive code-review findings document,accuracy,numpy,matlab_reference,target_distortion,1,correlation,0.9976259754732566,partial,[scores/torch] RuntimeError: [enforce fail at alloc_cpu.cpp:117] data. DefaultCPUAllocator: not enough memory: you tried
reverse,1,e281b56,e281b56a38817183c71cd612bc10dcb1832b39ff,2026-07-08T04:26:48+08:00,Add comprehensive code-review findings document,accuracy,numpy,matlab_reference,target_distortion,1,rms_ratio,0.9345358499276575,partial,[scores/torch] RuntimeError: [enforce fail at alloc_cpu.cpp:117] data. DefaultCPUAllocator: not enough memory: you tried
reverse,1,e281b56,e281b56a38817183c71cd612bc10dcb1832b39ff,2026-07-08T04:26:48+08:00,Add comprehensive code-review findings document,accuracy,numpy,matlab_reference,target_distortion,1,gain_error,-0.06785519471238577,partial,[scores/torch] RuntimeError: [enforce fail at alloc_cpu.cpp:117] data. DefaultCPUAllocator: not enough memory: you tried
reverse,1,e281b56,e281b56a38817183c71cd612bc10dcb1832b39ff,2026-07-08T04:26:48+08:00,Add comprehensive code-review findings document,accuracy,numpy,matlab_reference,interference,0,correlation,0.9981019258077409,partial,[scores/torch] RuntimeError: [enforce fail at alloc_cpu.cpp:117] data. DefaultCPUAllocator: not enough memory: you tried
reverse,1,e281b56,e281b56a38817183c71cd612bc10dcb1832b39ff,2026-07-08T04:26:48+08:00,Add comprehensive code-review findings document,accuracy,numpy,matlab_reference,interference,0,rms_ratio,0.9395249467112846,partial,[scores/torch] RuntimeError: [enforce fail at alloc_cpu.cpp:117] data. DefaultCPUAllocator: not enough memory: you tried
reverse,1,e281b56,e281b56a38817183c71cd612bc10dcb1832b39ff,2026-07-08T04:26:48+08:00,Add comprehensive code-review findings document,accuracy,numpy,matlab_reference,interference,0,gain_error,-0.0628788627179575,partial,[scores/torch] RuntimeError: [enforce fail at alloc_cpu.cpp:117] data. DefaultCPUAllocator: not enough memory: you tried
reverse,1,e281b56,e281b56a38817183c71cd612bc10dcb1832b39ff,2026-07-08T04:26:48+08:00,Add comprehensive code-review findings document,accuracy,numpy,matlab_reference,interference,1,correlation,0.9981046492863485,partial,[scores/torch] RuntimeError: [enforce fail at alloc_cpu.cpp:117] data. DefaultCPUAllocator: not enough memory: you tried
reverse,1,e281b56,e281b56a38817183c71cd612bc10dcb1832b39ff,2026-07-08T04:26:48+08:00,Add comprehensive code-review findings document,accuracy,numpy,matlab_reference,interference,1,rms_ratio,0.9399928281108024,partial,[scores/torch] RuntimeError: [enforce fail at alloc_cpu.cpp:117] data. DefaultCPUAllocator: not enough memory: you tried
reverse,1,e281b56,e281b56a38817183c71cd612bc10dcb1832b39ff,2026-07-08T04:26:48+08:00,Add comprehensive code-review findings document,accuracy,numpy,matlab_reference,interference,1,gain_error,-0.06241217841035718,partial,[scores/torch] RuntimeError: [enforce fail at alloc_cpu.cpp:117] data. DefaultCPUAllocator: not enough memory: you tried
reverse,1,e281b56,e281b56a38817183c71cd612bc10dcb1832b39ff,2026-07-08T04:26:48+08:00,Add comprehensive code-review findings document,accuracy,numpy,matlab_reference,artifacts,0,correlation,0.9898484360454398,partial,[scores/torch] RuntimeError: [enforce fail at alloc_cpu.cpp:117] data. DefaultCPUAllocator: not enough memory: you tried
reverse,1,e281b56,e281b56a38817183c71cd612bc10dcb1832b39ff,2026-07-08T04:26:48+08:00,Add comprehensive code-review findings document,accuracy,numpy,matlab_reference,artifacts,0,rms_ratio,0.9379179878702986,partial,[scores/torch] RuntimeError: [enforce fail at alloc_cpu.cpp:117] data. DefaultCPUAllocator: not enough memory: you tried
reverse,1,e281b56,e281b56a38817183c71cd612bc10dcb1832b39ff,2026-07-08T04:26:48+08:00,Add comprehensive code-review findings document,accuracy,numpy,matlab_reference,artifacts,0,gain_error,-0.06448171009513637,partial,[scores/torch] RuntimeError: [enforce fail at alloc_cpu.cpp:117] data. DefaultCPUAllocator: not enough memory: you tried
reverse,1,e281b56,e281b56a38817183c71cd612bc10dcb1832b39ff,2026-07-08T04:26:48+08:00,Add comprehensive code-review findings document,accuracy,numpy,matlab_reference,artifacts,1,correlation,0.9897867949635205,partial,[scores/torch] RuntimeError: [enforce fail at alloc_cpu.cpp:117] data. DefaultCPUAllocator: not enough memory: you tried
reverse,1,e281b56,e281b56a38817183c71cd612bc10dcb1832b39ff,2026-07-08T04:26:48+08:00,Add comprehensive code-review findings document,accuracy,numpy,matlab_reference,artifacts,1,rms_ratio,0.9393205632422491,partial,[scores/torch] RuntimeError: [enforce fail at alloc_cpu.cpp:117] data. DefaultCPUAllocator: not enough memory: you tried
reverse,1,e281b56,e281b56a38817183c71cd612bc10dcb1832b39ff,2026-07-08T04:26:48+08:00,Add comprehensive code-review findings document,accuracy,numpy,matlab_reference,artifacts,1,gain_error,-0.06308272326430564,partial,[scores/torch] RuntimeError: [enforce fail at alloc_cpu.cpp:117] data. DefaultCPUAllocator: not enough memory: you tried
reverse,1,e281b56,e281b56a38817183c71cd612bc10dcb1832b39ff,2026-07-08T04:26:48+08:00,Add comprehensive code-review findings document,accuracy,torch,matlab_reference,true_target,0,correlation,0.9980434785903043,partial,[scores/torch] RuntimeError: [enforce fail at alloc_cpu.cpp:117] data. DefaultCPUAllocator: not enough memory: you tried
reverse,1,e281b56,e281b56a38817183c71cd612bc10dcb1832b39ff,2026-07-08T04:26:48+08:00,Add comprehensive code-review findings document,accuracy,torch,matlab_reference,true_target,0,rms_ratio,0.9379286108192366,partial,[scores/torch] RuntimeError: [enforce fail at alloc_cpu.cpp:117] data. DefaultCPUAllocator: not enough memory: you tried
reverse,1,e281b56,e281b56a38817183c71cd612bc10dcb1832b39ff,2026-07-08T04:26:48+08:00,Add comprehensive code-review findings document,accuracy,torch,matlab_reference,true_target,0,gain_error,-0.06447111432540731,partial,[scores/torch] RuntimeError: [enforce fail at alloc_cpu.cpp:117] data. DefaultCPUAllocator: not enough memory: you tried
reverse,1,e281b56,e281b56a38817183c71cd612bc10dcb1832b39ff,2026-07-08T04:26:48+08:00,Add comprehensive code-review findings document,accuracy,torch,matlab_reference,true_target,1,correlation,0.9980396620576465,partial,[scores/torch] RuntimeError: [enforce fail at alloc_cpu.cpp:117] data. DefaultCPUAllocator: not enough memory: you tried
reverse,1,e281b56,e281b56a38817183c71cd612bc10dcb1832b39ff,2026-07-08T04:26:48+08:00,Add comprehensive code-review findings document,accuracy,torch,matlab_reference,true_target,1,rms_ratio,0.9377982872039647,partial,[scores/torch] RuntimeError: [enforce fail at alloc_cpu.cpp:117] data. DefaultCPUAllocator: not enough memory: you tried
reverse,1,e281b56,e281b56a38817183c71cd612bc10dcb1832b39ff,2026-07-08T04:26:48+08:00,Add comprehensive code-review findings document,accuracy,torch,matlab_reference,true_target,1,gain_error,-0.06460110450287493,partial,[scores/torch] RuntimeError: [enforce fail at alloc_cpu.cpp:117] data. DefaultCPUAllocator: not enough memory: you tried
reverse,1,e281b56,e281b56a38817183c71cd612bc10dcb1832b39ff,2026-07-08T04:26:48+08:00,Add comprehensive code-review findings document,accuracy,torch,matlab_reference,target_distortion,0,correlation,0.9976060072135488,partial,[scores/torch] RuntimeError: [enforce fail at alloc_cpu.cpp:117] data. DefaultCPUAllocator: not enough memory: you tried
reverse,1,e281b56,e281b56a38817183c71cd612bc10dcb1832b39ff,2026-07-08T04:26:48+08:00,Add comprehensive code-review findings document,accuracy,torch,matlab_reference,target_distortion,0,rms_ratio,0.9341090696276739,partial,[scores/torch] RuntimeError: [enforce fail at alloc_cpu.cpp:117] data. DefaultCPUAllocator: not enough memory: you tried
reverse,1,e281b56,e281b56a38817183c71cd612bc10dcb1832b39ff,2026-07-08T04:26:48+08:00,Add comprehensive code-review findings document,accuracy,torch,matlab_reference,target_distortion,0,gain_error,-0.06828088307913971,partial,[scores/torch] RuntimeError: [enforce fail at alloc_cpu.cpp:117] data. DefaultCPUAllocator: not enough memory: you tried
reverse,1,e281b56,e281b56a38817183c71cd612bc10dcb1832b39ff,2026-07-08T04:26:48+08:00,Add comprehensive code-review findings document,accuracy,torch,matlab_reference,target_distortion,1,correlation,0.9976259988415274,partial,[scores/torch] RuntimeError: [enforce fail at alloc_cpu.cpp:117] data. DefaultCPUAllocator: not enough memory: you tried
reverse,1,e281b56,e281b56a38817183c71cd612bc10dcb1832b39ff,2026-07-08T04:26:48+08:00,Add comprehensive code-review findings document,accuracy,torch,matlab_reference,target_distortion,1,rms_ratio,0.9345363244887108,partial,[scores/torch] RuntimeError: [enforce fail at alloc_cpu.cpp:117] data. DefaultCPUAllocator: not enough memory: you tried
reverse,1,e281b56,e281b56a38817183c71cd612bc10dcb1832b39ff,2026-07-08T04:26:48+08:00,Add comprehensive code-review findings document,accuracy,torch,matlab_reference,target_distortion,1,gain_error,-0.06785472136551451,partial,[scores/torch] RuntimeError: [enforce fail at alloc_cpu.cpp:117] data. DefaultCPUAllocator: not enough memory: you tried
reverse,1,e281b56,e281b56a38817183c71cd612bc10dcb1832b39ff,2026-07-08T04:26:48+08:00,Add comprehensive code-review findings document,accuracy,torch,matlab_reference,interference,0,correlation,0.9981019379486651,partial,[scores/torch] RuntimeError: [enforce fail at alloc_cpu.cpp:117] data. DefaultCPUAllocator: not enough memory: you tried
reverse,1,e281b56,e281b56a38817183c71cd612bc10dcb1832b39ff,2026-07-08T04:26:48+08:00,Add comprehensive code-review findings document,accuracy,torch,matlab_reference,interference,0,rms_ratio,0.9395253074649726,partial,[scores/torch] RuntimeError: [enforce fail at alloc_cpu.cpp:117] data. DefaultCPUAllocator: not enough memory: you tried
reverse,1,e281b56,e281b56a38817183c71cd612bc10dcb1832b39ff,2026-07-08T04:26:48+08:00,Add comprehensive code-review findings document,accuracy,torch,matlab_reference,interference,0,gain_error,-0.06287850288727115,partial,[scores/torch] RuntimeError: [enforce fail at alloc_cpu.cpp:117] data. DefaultCPUAllocator: not enough memory: you tried
reverse,1,e281b56,e281b56a38817183c71cd612bc10dcb1832b39ff,2026-07-08T04:26:48+08:00,Add comprehensive code-review findings document,accuracy,torch,matlab_reference,interference,1,correlation,0.9981046617093268,partial,[scores/torch] RuntimeError: [enforce fail at alloc_cpu.cpp:117] data. DefaultCPUAllocator: not enough memory: you tried
reverse,1,e281b56,e281b56a38817183c71cd612bc10dcb1832b39ff,2026-07-08T04:26:48+08:00,Add comprehensive code-review findings document,accuracy,torch,matlab_reference,interference,1,rms_ratio,0.9399931271557939,partial,[scores/torch] RuntimeError: [enforce fail at alloc_cpu.cpp:117] data. DefaultCPUAllocator: not enough memory: you tried
reverse,1,e281b56,e281b56a38817183c71cd612bc10dcb1832b39ff,2026-07-08T04:26:48+08:00,Add comprehensive code-review findings document,accuracy,torch,matlab_reference,interference,1,gain_error,-0.06241188013048338,partial,[scores/torch] RuntimeError: [enforce fail at alloc_cpu.cpp:117] data. DefaultCPUAllocator: not enough memory: you tried
reverse,1,e281b56,e281b56a38817183c71cd612bc10dcb1832b39ff,2026-07-08T04:26:48+08:00,Add comprehensive code-review findings document,accuracy,torch,matlab_reference,artifacts,0,correlation,0.9898484470282637,partial,[scores/torch] RuntimeError: [enforce fail at alloc_cpu.cpp:117] data. DefaultCPUAllocator: not enough memory: you tried
reverse,1,e281b56,e281b56a38817183c71cd612bc10dcb1832b39ff,2026-07-08T04:26:48+08:00,Add comprehensive code-review findings document,accuracy,torch,matlab_reference,artifacts,0,rms_ratio,0.9379181220369521,partial,[scores/torch] RuntimeError: [enforce fail at alloc_cpu.cpp:117] data. DefaultCPUAllocator: not enough memory: you tried
reverse,1,e281b56,e281b56a38817183c71cd612bc10dcb1832b39ff,2026-07-08T04:26:48+08:00,Add comprehensive code-review findings document,accuracy,torch,matlab_reference,artifacts,0,gain_error,-0.06448157627175322,partial,[scores/torch] RuntimeError: [enforce fail at alloc_cpu.cpp:117] data. DefaultCPUAllocator: not enough memory: you tried
reverse,1,e281b56,e281b56a38817183c71cd612bc10dcb1832b39ff,2026-07-08T04:26:48+08:00,Add comprehensive code-review findings document,accuracy,torch,matlab_reference,artifacts,1,correlation,0.9897868060152463,partial,[scores/torch] RuntimeError: [enforce fail at alloc_cpu.cpp:117] data. DefaultCPUAllocator: not enough memory: you tried
reverse,1,e281b56,e281b56a38817183c71cd612bc10dcb1832b39ff,2026-07-08T04:26:48+08:00,Add comprehensive code-review findings document,accuracy,torch,matlab_reference,artifacts,1,rms_ratio,0.9393206944657932,partial,[scores/torch] RuntimeError: [enforce fail at alloc_cpu.cpp:117] data. DefaultCPUAllocator: not enough memory: you tried
reverse,1,e281b56,e281b56a38817183c71cd612bc10dcb1832b39ff,2026-07-08T04:26:48+08:00,Add comprehensive code-review findings document,accuracy,torch,matlab_reference,artifacts,1,gain_error,-0.06308259237650182,partial,[scores/torch] RuntimeError: [enforce fail at alloc_cpu.cpp:117] data. DefaultCPUAllocator: not enough memory: you tried
reverse,1,e281b56,e281b56a38817183c71cd612bc10dcb1832b39ff,2026-07-08T04:26:48+08:00,Add comprehensive code-review findings document,score,numpy,matlab_reference,,,overall_perceptual_score,15.382377947494332,partial,[scores/torch] RuntimeError: [enforce fail at alloc_cpu.cpp:117] data. DefaultCPUAllocator: not enough memory: you tried
reverse,1,e281b56,e281b56a38817183c71cd612bc10dcb1832b39ff,2026-07-08T04:26:48+08:00,Add comprehensive code-review findings document,score,numpy,matlab_reference,,,target_perceptual_score,58.4754235124543,partial,[scores/torch] RuntimeError: [enforce fail at alloc_cpu.cpp:117] data. DefaultCPUAllocator: not enough memory: you tried
reverse,1,e281b56,e281b56a38817183c71cd612bc10dcb1832b39ff,2026-07-08T04:26:48+08:00,Add comprehensive code-review findings document,score,numpy,matlab_reference,,,interference_perceptual_score,19.016304089343805,partial,[scores/torch] RuntimeError: [enforce fail at alloc_cpu.cpp:117] data. DefaultCPUAllocator: not enough memory: you tried
reverse,1,e281b56,e281b56a38817183c71cd612bc10dcb1832b39ff,2026-07-08T04:26:48+08:00,Add comprehensive code-review findings document,score,numpy,matlab_reference,,,artifact_perceptual_score,77.9377484254884,partial,[scores/torch] RuntimeError: [enforce fail at alloc_cpu.cpp:117] data. DefaultCPUAllocator: not enough memory: you tried
reverse,1,e281b56,e281b56a38817183c71cd612bc10dcb1832b39ff,2026-07-08T04:26:48+08:00,Add comprehensive code-review findings document,score,numpy,matlab_reference,,,source_to_distortion_ratio,0.9006227578931382,partial,[scores/torch] RuntimeError: [enforce fail at alloc_cpu.cpp:117] data. DefaultCPUAllocator: not enough memory: you tried
reverse,1,e281b56,e281b56a38817183c71cd612bc10dcb1832b39ff,2026-07-08T04:26:48+08:00,Add comprehensive code-review findings document,score,numpy,matlab_reference,,,source_to_spatial_distortion_ratio,7.551210833164617,partial,[scores/torch] RuntimeError: [enforce fail at alloc_cpu.cpp:117] data. DefaultCPUAllocator: not enough memory: you tried
reverse,1,e281b56,e281b56a38817183c71cd612bc10dcb1832b39ff,2026-07-08T04:26:48+08:00,Add comprehensive code-review findings document,score,numpy,matlab_reference,,,source_to_interference_ratio,-0.3897021256992947,partial,[scores/torch] RuntimeError: [enforce fail at alloc_cpu.cpp:117] data. DefaultCPUAllocator: not enough memory: you tried
reverse,1,e281b56,e281b56a38817183c71cd612bc10dcb1832b39ff,2026-07-08T04:26:48+08:00,Add comprehensive code-review findings document,score,numpy,matlab_reference,,,source_to_artifacts_ratio,19.361649265617327,partial,[scores/torch] RuntimeError: [enforce fail at alloc_cpu.cpp:117] data. DefaultCPUAllocator: not enough memory: you tried
reverse,1,e281b56,e281b56a38817183c71cd612bc10dcb1832b39ff,2026-07-08T04:26:48+08:00,Add comprehensive code-review findings document,timing,numpy,mono,,,median_seconds,2.973455799743533,partial,[scores/torch] RuntimeError: [enforce fail at alloc_cpu.cpp:117] data. DefaultCPUAllocator: not enough memory: you tried
reverse,1,e281b56,e281b56a38817183c71cd612bc10dcb1832b39ff,2026-07-08T04:26:48+08:00,Add comprehensive code-review findings document,timing,numpy,mono,,,min_seconds,2.9534456999972463,partial,[scores/torch] RuntimeError: [enforce fail at alloc_cpu.cpp:117] data. DefaultCPUAllocator: not enough memory: you tried
reverse,1,e281b56,e281b56a38817183c71cd612bc10dcb1832b39ff,2026-07-08T04:26:48+08:00,Add comprehensive code-review findings document,timing,numpy,mono,,,audio_seconds,5.0,partial,[scores/torch] RuntimeError: [enforce fail at alloc_cpu.cpp:117] data. DefaultCPUAllocator: not enough memory: you tried
reverse,1,e281b56,e281b56a38817183c71cd612bc10dcb1832b39ff,2026-07-08T04:26:48+08:00,Add comprehensive code-review findings document,timing,numpy,mono,,,seconds_per_audio_second,0.5946911599487066,partial,[scores/torch] RuntimeError: [enforce fail at alloc_cpu.cpp:117] data. DefaultCPUAllocator: not enough memory: you tried
reverse,1,e281b56,e281b56a38817183c71cd612bc10dcb1832b39ff,2026-07-08T04:26:48+08:00,Add comprehensive code-review findings document,timing,numpy,mono,,,realtime_factor,1.6815450898685833,partial,[scores/torch] RuntimeError: [enforce fail at alloc_cpu.cpp:117] data. DefaultCPUAllocator: not enough memory: you tried
reverse,1,e281b56,e281b56a38817183c71cd612bc10dcb1832b39ff,2026-07-08T04:26:48+08:00,Add comprehensive code-review findings document,timing,numpy,mono,,,spread_pct,9.291052813648127,partial,[scores/torch] RuntimeError: [enforce fail at alloc_cpu.cpp:117] data. DefaultCPUAllocator: not enough memory: you tried
reverse,1,e281b56,e281b56a38817183c71cd612bc10dcb1832b39ff,2026-07-08T04:26:48+08:00,Add comprehensive code-review findings document,timing,numpy,stereo,,,median_seconds,5.253297799732536,partial,[scores/torch] RuntimeError: [enforce fail at alloc_cpu.cpp:117] data. DefaultCPUAllocator: not enough memory: you tried
reverse,1,e281b56,e281b56a38817183c71cd612bc10dcb1832b39ff,2026-07-08T04:26:48+08:00,Add comprehensive code-review findings document,timing,numpy,stereo,,,min_seconds,5.132469800300896,partial,[scores/torch] RuntimeError: [enforce fail at alloc_cpu.cpp:117] data. DefaultCPUAllocator: not enough memory: you tried
reverse,1,e281b56,e281b56a38817183c71cd612bc10dcb1832b39ff,2026-07-08T04:26:48+08:00,Add comprehensive code-review findings document,timing,numpy,stereo,,,audio_seconds,5.0,partial,[scores/torch] RuntimeError: [enforce fail at alloc_cpu.cpp:117] data. DefaultCPUAllocator: not enough memory: you tried
reverse,1,e281b56,e281b56a38817183c71cd612bc10dcb1832b39ff,2026-07-08T04:26:48+08:00,Add comprehensive code-review findings document,timing,numpy,stereo,,,seconds_per_audio_second,1.0506595599465072,partial,[scores/torch] RuntimeError: [enforce fail at alloc_cpu.cpp:117] data. DefaultCPUAllocator: not enough memory: you tried
reverse,1,e281b56,e281b56a38817183c71cd612bc10dcb1832b39ff,2026-07-08T04:26:48+08:00,Add comprehensive code-review findings document,timing,numpy,stereo,,,realtime_factor,0.9517830876168047,partial,[scores/torch] RuntimeError: [enforce fail at alloc_cpu.cpp:117] data. DefaultCPUAllocator: not enough memory: you tried
reverse,1,e281b56,e281b56a38817183c71cd612bc10dcb1832b39ff,2026-07-08T04:26:48+08:00,Add comprehensive code-review findings document,timing,numpy,stereo,,,spread_pct,4.169468274292583,partial,[scores/torch] RuntimeError: [enforce fail at alloc_cpu.cpp:117] data. DefaultCPUAllocator: not enough memory: you tried
reverse,1,e281b56,e281b56a38817183c71cd612bc10dcb1832b39ff,2026-07-08T04:26:48+08:00,Add comprehensive code-review findings document,timing,torch,mono,,,median_seconds,3.948173299897462,partial,[scores/torch] RuntimeError: [enforce fail at alloc_cpu.cpp:117] data. DefaultCPUAllocator: not enough memory: you tried
reverse,1,e281b56,e281b56a38817183c71cd612bc10dcb1832b39ff,2026-07-08T04:26:48+08:00,Add comprehensive code-review findings document,timing,torch,mono,,,min_seconds,3.9173853998072445,partial,[scores/torch] RuntimeError: [enforce fail at alloc_cpu.cpp:117] data. DefaultCPUAllocator: not enough memory: you tried
reverse,1,e281b56,e281b56a38817183c71cd612bc10dcb1832b39ff,2026-07-08T04:26:48+08:00,Add comprehensive code-review findings document,timing,torch,mono,,,audio_seconds,5.0,partial,[scores/torch] RuntimeError: [enforce fail at alloc_cpu.cpp:117] data. DefaultCPUAllocator: not enough memory: you tried
reverse,1,e281b56,e281b56a38817183c71cd612bc10dcb1832b39ff,2026-07-08T04:26:48+08:00,Add comprehensive code-review findings document,timing,torch,mono,,,seconds_per_audio_second,0.7896346599794924,partial,[scores/torch] RuntimeError: [enforce fail at alloc_cpu.cpp:117] data. DefaultCPUAllocator: not enough memory: you tried
reverse,1,e281b56,e281b56a38817183c71cd612bc10dcb1832b39ff,2026-07-08T04:26:48+08:00,Add comprehensive code-review findings document,timing,torch,mono,,,realtime_factor,1.2664084426410196,partial,[scores/torch] RuntimeError: [enforce fail at alloc_cpu.cpp:117] data. DefaultCPUAllocator: not enough memory: you tried
reverse,1,e281b56,e281b56a38817183c71cd612bc10dcb1832b39ff,2026-07-08T04:26:48+08:00,Add comprehensive code-review findings document,timing,torch,mono,,,spread_pct,4.765234485107869,partial,[scores/torch] RuntimeError: [enforce fail at alloc_cpu.cpp:117] data. DefaultCPUAllocator: not enough memory: you tried
reverse,1,e281b56,e281b56a38817183c71cd612bc10dcb1832b39ff,2026-07-08T04:26:48+08:00,Add comprehensive code-review findings document,timing,torch,stereo,,,median_seconds,7.428577800281346,partial,[scores/torch] RuntimeError: [enforce fail at alloc_cpu.cpp:117] data. DefaultCPUAllocator: not enough memory: you tried
reverse,1,e281b56,e281b56a38817183c71cd612bc10dcb1832b39ff,2026-07-08T04:26:48+08:00,Add comprehensive code-review findings document,timing,torch,stereo,,,min_seconds,7.086433500051498,partial,[scores/torch] RuntimeError: [enforce fail at alloc_cpu.cpp:117] data. DefaultCPUAllocator: not enough memory: you tried
reverse,1,e281b56,e281b56a38817183c71cd612bc10dcb1832b39ff,2026-07-08T04:26:48+08:00,Add comprehensive code-review findings document,timing,torch,stereo,,,audio_seconds,5.0,partial,[scores/torch] RuntimeError: [enforce fail at alloc_cpu.cpp:117] data. DefaultCPUAllocator: not enough memory: you tried
reverse,1,e281b56,e281b56a38817183c71cd612bc10dcb1832b39ff,2026-07-08T04:26:48+08:00,Add comprehensive code-review findings document,timing,torch,stereo,,,seconds_per_audio_second,1.4857155600562693,partial,[scores/torch] RuntimeError: [enforce fail at alloc_cpu.cpp:117] data. DefaultCPUAllocator: not enough memory: you tried
reverse,1,e281b56,e281b56a38817183c71cd612bc10dcb1832b39ff,2026-07-08T04:26:48+08:00,Add comprehensive code-review findings document,timing,torch,stereo,,,realtime_factor,0.6730763457590271,partial,[scores/torch] RuntimeError: [enforce fail at alloc_cpu.cpp:117] data. DefaultCPUAllocator: not enough memory: you tried
reverse,1,e281b56,e281b56a38817183c71cd612bc10dcb1832b39ff,2026-07-08T04:26:48+08:00,Add comprehensive code-review findings document,timing,torch,stereo,,,spread_pct,5.636151106537412,partial,[scores/torch] RuntimeError: [enforce fail at alloc_cpu.cpp:117] data. DefaultCPUAllocator: not enough memory: you tried
reverse,2,3079de1,3079de13e3e9121e59dcfb96b870ac58b1ede794,2026-07-08T05:04:35+08:00,"Default to full-order resampling (MATLAB-faithful), make it configurable",meta,,,,,measured,1,partial,[scores/torch] RuntimeError: [enforce fail at alloc_cpu.cpp:117] data. DefaultCPUAllocator: not enough memory: you tried
reverse,2,3079de1,3079de13e3e9121e59dcfb96b870ac58b1ede794,2026-07-08T05:04:35+08:00,"Default to full-order resampling (MATLAB-faithful), make it configurable",accuracy,numpy,matlab_reference,true_target,0,correlation,0.9999999560978137,partial,[scores/torch] RuntimeError: [enforce fail at alloc_cpu.cpp:117] data. DefaultCPUAllocator: not enough memory: you tried
reverse,2,3079de1,3079de13e3e9121e59dcfb96b870ac58b1ede794,2026-07-08T05:04:35+08:00,"Default to full-order resampling (MATLAB-faithful), make it configurable",accuracy,numpy,matlab_reference,true_target,0,rms_ratio,1.0025706231995062,partial,[scores/torch] RuntimeError: [enforce fail at alloc_cpu.cpp:117] data. DefaultCPUAllocator: not enough memory: you tried
reverse,2,3079de1,3079de13e3e9121e59dcfb96b870ac58b1ede794,2026-07-08T05:04:35+08:00,"Default to full-order resampling (MATLAB-faithful), make it configurable",accuracy,numpy,matlab_reference,true_target,0,gain_error,5.5090681954084175e-06,partial,[scores/torch] RuntimeError: [enforce fail at alloc_cpu.cpp:117] data. DefaultCPUAllocator: not enough memory: you tried
reverse,2,3079de1,3079de13e3e9121e59dcfb96b870ac58b1ede794,2026-07-08T05:04:35+08:00,"Default to full-order resampling (MATLAB-faithful), make it configurable",accuracy,numpy,matlab_reference,true_target,1,correlation,0.9999999564111275,partial,[scores/torch] RuntimeError: [enforce fail at alloc_cpu.cpp:117] data. DefaultCPUAllocator: not enough memory: you tried
reverse,2,3079de1,3079de13e3e9121e59dcfb96b870ac58b1ede794,2026-07-08T05:04:35+08:00,"Default to full-order resampling (MATLAB-faithful), make it configurable",accuracy,numpy,matlab_reference,true_target,1,rms_ratio,1.0025690082425327,partial,[scores/torch] RuntimeError: [enforce fail at alloc_cpu.cpp:117] data. DefaultCPUAllocator: not enough memory: you tried
reverse,2,3079de1,3079de13e3e9121e59dcfb96b870ac58b1ede794,2026-07-08T05:04:35+08:00,"Default to full-order resampling (MATLAB-faithful), make it configurable",accuracy,numpy,matlab_reference,true_target,1,gain_error,3.8982431491696445e-06,partial,[scores/torch] RuntimeError: [enforce fail at alloc_cpu.cpp:117] data. DefaultCPUAllocator: not enough memory: you tried
reverse,2,3079de1,3079de13e3e9121e59dcfb96b870ac58b1ede794,2026-07-08T05:04:35+08:00,"Default to full-order resampling (MATLAB-faithful), make it configurable",accuracy,numpy,matlab_reference,target_distortion,0,correlation,0.9999997508189172,partial,[scores/torch] RuntimeError: [enforce fail at alloc_cpu.cpp:117] data. DefaultCPUAllocator: not enough memory: you tried
reverse,2,3079de1,3079de13e3e9121e59dcfb96b870ac58b1ede794,2026-07-08T05:04:35+08:00,"Default to full-order resampling (MATLAB-faithful), make it configurable",accuracy,numpy,matlab_reference,target_distortion,0,rms_ratio,1.0025652937674152,partial,[scores/torch] RuntimeError: [enforce fail at alloc_cpu.cpp:117] data. DefaultCPUAllocator: not enough memory: you tried
reverse,2,3079de1,3079de13e3e9121e59dcfb96b870ac58b1ede794,2026-07-08T05:04:35+08:00,"Default to full-order resampling (MATLAB-faithful), make it configurable",accuracy,numpy,matlab_reference,target_distortion,0,gain_error,1.9327165401428203e-07,partial,[scores/torch] RuntimeError: [enforce fail at alloc_cpu.cpp:117] data. DefaultCPUAllocator: not enough memory: you tried
reverse,2,3079de1,3079de13e3e9121e59dcfb96b870ac58b1ede794,2026-07-08T05:04:35+08:00,"Default to full-order resampling (MATLAB-faithful), make it configurable",accuracy,numpy,matlab_reference,target_distortion,1,correlation,0.9999997557985001,partial,[scores/torch] RuntimeError: [enforce fail at alloc_cpu.cpp:117] data. DefaultCPUAllocator: not enough memory: you tried
reverse,2,3079de1,3079de13e3e9121e59dcfb96b870ac58b1ede794,2026-07-08T05:04:35+08:00,"Default to full-order resampling (MATLAB-faithful), make it configurable",accuracy,numpy,matlab_reference,target_distortion,1,rms_ratio,1.0025655321425937,partial,[scores/torch] RuntimeError: [enforce fail at alloc_cpu.cpp:117] data. DefaultCPUAllocator: not enough memory: you tried
reverse,2,3079de1,3079de13e3e9121e59dcfb96b870ac58b1ede794,2026-07-08T05:04:35+08:00,"Default to full-order resampling (MATLAB-faithful), make it configurable",accuracy,numpy,matlab_reference,target_distortion,1,gain_error,4.3103694080670607e-07,partial,[scores/torch] RuntimeError: [enforce fail at alloc_cpu.cpp:117] data. DefaultCPUAllocator: not enough memory: you tried
reverse,2,3079de1,3079de13e3e9121e59dcfb96b870ac58b1ede794,2026-07-08T05:04:35+08:00,"Default to full-order resampling (MATLAB-faithful), make it configurable",accuracy,numpy,matlab_reference,interference,0,correlation,0.9999999300181497,partial,[scores/torch] RuntimeError: [enforce fail at alloc_cpu.cpp:117] data. DefaultCPUAllocator: not enough memory: you tried
reverse,2,3079de1,3079de13e3e9121e59dcfb96b870ac58b1ede794,2026-07-08T05:04:35+08:00,"Default to full-order resampling (MATLAB-faithful), make it configurable",accuracy,numpy,matlab_reference,interference,0,rms_ratio,1.0025711943742592,partial,[scores/torch] RuntimeError: [enforce fail at alloc_cpu.cpp:117] data. DefaultCPUAllocator: not enough memory: you tried
reverse,2,3079de1,3079de13e3e9121e59dcfb96b870ac58b1ede794,2026-07-08T05:04:35+08:00,"Default to full-order resampling (MATLAB-faithful), make it configurable",accuracy,numpy,matlab_reference,interference,0,gain_error,6.078781576546177e-06,partial,[scores/torch] RuntimeError: [enforce fail at alloc_cpu.cpp:117] data. DefaultCPUAllocator: not enough memory: you tried
reverse,2,3079de1,3079de13e3e9121e59dcfb96b870ac58b1ede794,2026-07-08T05:04:35+08:00,"Default to full-order resampling (MATLAB-faithful), make it configurable",accuracy,numpy,matlab_reference,interference,1,correlation,0.9999999259976572,partial,[scores/torch] RuntimeError: [enforce fail at alloc_cpu.cpp:117] data. DefaultCPUAllocator: not enough memory: you tried
reverse,2,3079de1,3079de13e3e9121e59dcfb96b870ac58b1ede794,2026-07-08T05:04:35+08:00,"Default to full-order resampling (MATLAB-faithful), make it configurable",accuracy,numpy,matlab_reference,interference,1,rms_ratio,1.0025716420229682,partial,[scores/torch] RuntimeError: [enforce fail at alloc_cpu.cpp:117] data. DefaultCPUAllocator: not enough memory: you tried
reverse,2,3079de1,3079de13e3e9121e59dcfb96b870ac58b1ede794,2026-07-08T05:04:35+08:00,"Default to full-order resampling (MATLAB-faithful), make it configurable",accuracy,numpy,matlab_reference,interference,1,gain_error,6.525284959701949e-06,partial,[scores/torch] RuntimeError: [enforce fail at alloc_cpu.cpp:117] data. DefaultCPUAllocator: not enough memory: you tried
reverse,2,3079de1,3079de13e3e9121e59dcfb96b870ac58b1ede794,2026-07-08T05:04:35+08:00,"Default to full-order resampling (MATLAB-faithful), make it configurable",accuracy,numpy,matlab_reference,artifacts,0,correlation,0.9999966862367501,partial,[scores/torch] RuntimeError: [enforce fail at alloc_cpu.cpp:117] data. DefaultCPUAllocator: not enough memory: you tried
reverse,2,3079de1,3079de13e3e9121e59dcfb96b870ac58b1ede794,2026-07-08T05:04:35+08:00,"Default to full-order resampling (MATLAB-faithful), make it configurable",accuracy,numpy,matlab_reference,artifacts,0,rms_ratio,1.0025609267692657,partial,[scores/torch] RuntimeError: [enforce fail at alloc_cpu.cpp:117] data. DefaultCPUAllocator: not enough memory: you tried
reverse,2,3079de1,3079de13e3e9121e59dcfb96b870ac58b1ede794,2026-07-08T05:04:35+08:00,"Default to full-order resampling (MATLAB-faithful), make it configurable",accuracy,numpy,matlab_reference,artifacts,0,gain_error,-4.16255336865845e-06,partial,[scores/torch] RuntimeError: [enforce fail at alloc_cpu.cpp:117] data. DefaultCPUAllocator: not enough memory: you tried
reverse,2,3079de1,3079de13e3e9121e59dcfb96b870ac58b1ede794,2026-07-08T05:04:35+08:00,"Default to full-order resampling (MATLAB-faithful), make it configurable",accuracy,numpy,matlab_reference,artifacts,1,correlation,0.9999967242504328,partial,[scores/torch] RuntimeError: [enforce fail at alloc_cpu.cpp:117] data. DefaultCPUAllocator: not enough memory: you tried
reverse,2,3079de1,3079de13e3e9121e59dcfb96b870ac58b1ede794,2026-07-08T05:04:35+08:00,"Default to full-order resampling (MATLAB-faithful), make it configurable",accuracy,numpy,matlab_reference,artifacts,1,rms_ratio,1.0025697848341788,partial,[scores/torch] RuntimeError: [enforce fail at alloc_cpu.cpp:117] data. DefaultCPUAllocator: not enough memory: you tried
reverse,2,3079de1,3079de13e3e9121e59dcfb96b870ac58b1ede794,2026-07-08T05:04:35+08:00,"Default to full-order resampling (MATLAB-faithful), make it configurable",accuracy,numpy,matlab_reference,artifacts,1,gain_error,4.672847856879159e-06,partial,[scores/torch] RuntimeError: [enforce fail at alloc_cpu.cpp:117] data. DefaultCPUAllocator: not enough memory: you tried
reverse,2,3079de1,3079de13e3e9121e59dcfb96b870ac58b1ede794,2026-07-08T05:04:35+08:00,"Default to full-order resampling (MATLAB-faithful), make it configurable",accuracy,torch,matlab_reference,true_target,0,correlation,0.9999999560921412,partial,[scores/torch] RuntimeError: [enforce fail at alloc_cpu.cpp:117] data. DefaultCPUAllocator: not enough memory: you tried
reverse,2,3079de1,3079de13e3e9121e59dcfb96b870ac58b1ede794,2026-07-08T05:04:35+08:00,"Default to full-order resampling (MATLAB-faithful), make it configurable",accuracy,torch,matlab_reference,true_target,0,rms_ratio,1.0025707286454266,partial,[scores/torch] RuntimeError: [enforce fail at alloc_cpu.cpp:117] data. DefaultCPUAllocator: not enough memory: you tried
reverse,2,3079de1,3079de13e3e9121e59dcfb96b870ac58b1ede794,2026-07-08T05:04:35+08:00,"Default to full-order resampling (MATLAB-faithful), make it configurable",accuracy,torch,matlab_reference,true_target,0,gain_error,5.614244328544515e-06,partial,[scores/torch] RuntimeError: [enforce fail at alloc_cpu.cpp:117] data. DefaultCPUAllocator: not enough memory: you tried
reverse,2,3079de1,3079de13e3e9121e59dcfb96b870ac58b1ede794,2026-07-08T05:04:35+08:00,"Default to full-order resampling (MATLAB-faithful), make it configurable",accuracy,torch,matlab_reference,true_target,1,correlation,0.9999999564044308,partial,[scores/torch] RuntimeError: [enforce fail at alloc_cpu.cpp:117] data. DefaultCPUAllocator: not enough memory: you tried
reverse,2,3079de1,3079de13e3e9121e59dcfb96b870ac58b1ede794,2026-07-08T05:04:35+08:00,"Default to full-order resampling (MATLAB-faithful), make it configurable",accuracy,torch,matlab_reference,true_target,1,rms_ratio,1.0025691026873391,partial,[scores/torch] RuntimeError: [enforce fail at alloc_cpu.cpp:117] data. DefaultCPUAllocator: not enough memory: you tried
reverse,2,3079de1,3079de13e3e9121e59dcfb96b870ac58b1ede794,2026-07-08T05:04:35+08:00,"Default to full-order resampling (MATLAB-faithful), make it configurable",accuracy,torch,matlab_reference,true_target,1,gain_error,3.992446315104203e-06,partial,[scores/torch] RuntimeError: [enforce fail at alloc_cpu.cpp:117] data. DefaultCPUAllocator: not enough memory: you tried
reverse,2,3079de1,3079de13e3e9121e59dcfb96b870ac58b1ede794,2026-07-08T05:04:35+08:00,"Default to full-order resampling (MATLAB-faithful), make it configurable",accuracy,torch,matlab_reference,target_distortion,0,correlation,0.9999997507444969,partial,[scores/torch] RuntimeError: [enforce fail at alloc_cpu.cpp:117] data. DefaultCPUAllocator: not enough memory: you tried
reverse,2,3079de1,3079de13e3e9121e59dcfb96b870ac58b1ede794,2026-07-08T05:04:35+08:00,"Default to full-order resampling (MATLAB-faithful), make it configurable",accuracy,torch,matlab_reference,target_distortion,0,rms_ratio,1.0025659768112907,partial,[scores/torch] RuntimeError: [enforce fail at alloc_cpu.cpp:117] data. DefaultCPUAllocator: not enough memory: you tried
reverse,2,3079de1,3079de13e3e9121e59dcfb96b870ac58b1ede794,2026-07-08T05:04:35+08:00,"Default to full-order resampling (MATLAB-faithful), make it configurable",accuracy,torch,matlab_reference,target_distortion,0,gain_error,8.745679365151915e-07,partial,[scores/torch] RuntimeError: [enforce fail at alloc_cpu.cpp:117] data. DefaultCPUAllocator: not enough memory: you tried
reverse,2,3079de1,3079de13e3e9121e59dcfb96b870ac58b1ede794,2026-07-08T05:04:35+08:00,"Default to full-order resampling (MATLAB-faithful), make it configurable",accuracy,torch,matlab_reference,target_distortion,1,correlation,0.9999997557603447,partial,[scores/torch] RuntimeError: [enforce fail at alloc_cpu.cpp:117] data. DefaultCPUAllocator: not enough memory: you tried
reverse,2,3079de1,3079de13e3e9121e59dcfb96b870ac58b1ede794,2026-07-08T05:04:35+08:00,"Default to full-order resampling (MATLAB-faithful), make it configurable",accuracy,torch,matlab_reference,target_distortion,1,rms_ratio,1.0025659893061174,partial,[scores/torch] RuntimeError: [enforce fail at alloc_cpu.cpp:117] data. DefaultCPUAllocator: not enough memory: you tried
reverse,2,3079de1,3079de13e3e9121e59dcfb96b870ac58b1ede794,2026-07-08T05:04:35+08:00,"Default to full-order resampling (MATLAB-faithful), make it configurable",accuracy,torch,matlab_reference,target_distortion,1,gain_error,8.870307948161127e-07,partial,[scores/torch] RuntimeError: [enforce fail at alloc_cpu.cpp:117] data. DefaultCPUAllocator: not enough memory: you tried
reverse,2,3079de1,3079de13e3e9121e59dcfb96b870ac58b1ede794,2026-07-08T05:04:35+08:00,"Default to full-order resampling (MATLAB-faithful), make it configurable",accuracy,torch,matlab_reference,interference,0,correlation,0.9999999299880392,partial,[scores/torch] RuntimeError: [enforce fail at alloc_cpu.cpp:117] data. DefaultCPUAllocator: not enough memory: you tried
reverse,2,3079de1,3079de13e3e9121e59dcfb96b870ac58b1ede794,2026-07-08T05:04:35+08:00,"Default to full-order resampling (MATLAB-faithful), make it configurable",accuracy,torch,matlab_reference,interference,0,rms_ratio,1.0025715794948393,partial,[scores/torch] RuntimeError: [enforce fail at alloc_cpu.cpp:117] data. DefaultCPUAllocator: not enough memory: you tried
reverse,2,3079de1,3079de13e3e9121e59dcfb96b870ac58b1ede794,2026-07-08T05:04:35+08:00,"Default to full-order resampling (MATLAB-faithful), make it configurable",accuracy,torch,matlab_reference,interference,0,gain_error,6.462916811500463e-06,partial,[scores/torch] RuntimeError: [enforce fail at alloc_cpu.cpp:117] data. DefaultCPUAllocator: not enough memory: you tried
reverse,2,3079de1,3079de13e3e9121e59dcfb96b870ac58b1ede794,2026-07-08T05:04:35+08:00,"Default to full-order resampling (MATLAB-faithful), make it configurable",accuracy,torch,matlab_reference,interference,1,correlation,0.9999999259776358,partial,[scores/torch] RuntimeError: [enforce fail at alloc_cpu.cpp:117] data. DefaultCPUAllocator: not enough memory: you tried
reverse,2,3079de1,3079de13e3e9121e59dcfb96b870ac58b1ede794,2026-07-08T05:04:35+08:00,"Default to full-order resampling (MATLAB-faithful), make it configurable",accuracy,torch,matlab_reference,interference,1,rms_ratio,1.002571961944147,partial,[scores/torch] RuntimeError: [enforce fail at alloc_cpu.cpp:117] data. DefaultCPUAllocator: not enough memory: you tried
reverse,2,3079de1,3079de13e3e9121e59dcfb96b870ac58b1ede794,2026-07-08T05:04:35+08:00,"Default to full-order resampling (MATLAB-faithful), make it configurable",accuracy,torch,matlab_reference,interference,1,gain_error,6.844387608451186e-06,partial,[scores/torch] RuntimeError: [enforce fail at alloc_cpu.cpp:117] data. DefaultCPUAllocator: not enough memory: you tried
reverse,2,3079de1,3079de13e3e9121e59dcfb96b870ac58b1ede794,2026-07-08T05:04:35+08:00,"Default to full-order resampling (MATLAB-faithful), make it configurable",accuracy,torch,matlab_reference,artifacts,0,correlation,0.9999966857319027,partial,[scores/torch] RuntimeError: [enforce fail at alloc_cpu.cpp:117] data. DefaultCPUAllocator: not enough memory: you tried
reverse,2,3079de1,3079de13e3e9121e59dcfb96b870ac58b1ede794,2026-07-08T05:04:35+08:00,"Default to full-order resampling (MATLAB-faithful), make it configurable",accuracy,torch,matlab_reference,artifacts,0,rms_ratio,1.0025610929664979,partial,[scores/torch] RuntimeError: [enforce fail at alloc_cpu.cpp:117] data. DefaultCPUAllocator: not enough memory: you tried
reverse,2,3079de1,3079de13e3e9121e59dcfb96b870ac58b1ede794,2026-07-08T05:04:35+08:00,"Default to full-order resampling (MATLAB-faithful), make it configurable",accuracy,torch,matlab_reference,artifacts,0,gain_error,-3.996781358206469e-06,partial,[scores/torch] RuntimeError: [enforce fail at alloc_cpu.cpp:117] data. DefaultCPUAllocator: not enough memory: you tried
reverse,2,3079de1,3079de13e3e9121e59dcfb96b870ac58b1ede794,2026-07-08T05:04:35+08:00,"Default to full-order resampling (MATLAB-faithful), make it configurable",accuracy,torch,matlab_reference,artifacts,1,correlation,0.999996723857356,partial,[scores/torch] RuntimeError: [enforce fail at alloc_cpu.cpp:117] data. DefaultCPUAllocator: not enough memory: you tried
reverse,2,3079de1,3079de13e3e9121e59dcfb96b870ac58b1ede794,2026-07-08T05:04:35+08:00,"Default to full-order resampling (MATLAB-faithful), make it configurable",accuracy,torch,matlab_reference,artifacts,1,rms_ratio,1.0025699462105606,partial,[scores/torch] RuntimeError: [enforce fail at alloc_cpu.cpp:117] data. DefaultCPUAllocator: not enough memory: you tried
reverse,2,3079de1,3079de13e3e9121e59dcfb96b870ac58b1ede794,2026-07-08T05:04:35+08:00,"Default to full-order resampling (MATLAB-faithful), make it configurable",accuracy,torch,matlab_reference,artifacts,1,gain_error,4.83381135119032e-06,partial,[scores/torch] RuntimeError: [enforce fail at alloc_cpu.cpp:117] data. DefaultCPUAllocator: not enough memory: you tried
reverse,2,3079de1,3079de13e3e9121e59dcfb96b870ac58b1ede794,2026-07-08T05:04:35+08:00,"Default to full-order resampling (MATLAB-faithful), make it configurable",score,numpy,matlab_reference,,,overall_perceptual_score,17.665376880093117,partial,[scores/torch] RuntimeError: [enforce fail at alloc_cpu.cpp:117] data. DefaultCPUAllocator: not enough memory: you tried
reverse,2,3079de1,3079de13e3e9121e59dcfb96b870ac58b1ede794,2026-07-08T05:04:35+08:00,"Default to full-order resampling (MATLAB-faithful), make it configurable",score,numpy,matlab_reference,,,target_perceptual_score,60.99146887596704,partial,[scores/torch] RuntimeError: [enforce fail at alloc_cpu.cpp:117] data. DefaultCPUAllocator: not enough memory: you tried
reverse,2,3079de1,3079de13e3e9121e59dcfb96b870ac58b1ede794,2026-07-08T05:04:35+08:00,"Default to full-order resampling (MATLAB-faithful), make it configurable",score,numpy,matlab_reference,,,interference_perceptual_score,20.484287948712314,partial,[scores/torch] RuntimeError: [enforce fail at alloc_cpu.cpp:117] data. DefaultCPUAllocator: not enough memory: you tried
reverse,2,3079de1,3079de13e3e9121e59dcfb96b870ac58b1ede794,2026-07-08T05:04:35+08:00,"Default to full-order resampling (MATLAB-faithful), make it configurable",score,numpy,matlab_reference,,,artifact_perceptual_score,76.3017187450465,partial,[scores/torch] RuntimeError: [enforce fail at alloc_cpu.cpp:117] data. DefaultCPUAllocator: not enough memory: you tried
reverse,2,3079de1,3079de13e3e9121e59dcfb96b870ac58b1ede794,2026-07-08T05:04:35+08:00,"Default to full-order resampling (MATLAB-faithful), make it configurable",score,numpy,matlab_reference,,,source_to_distortion_ratio,0.9106302673363782,partial,[scores/torch] RuntimeError: [enforce fail at alloc_cpu.cpp:117] data. DefaultCPUAllocator: not enough memory: you tried
reverse,2,3079de1,3079de13e3e9121e59dcfb96b870ac58b1ede794,2026-07-08T05:04:35+08:00,"Default to full-order resampling (MATLAB-faithful), make it configurable",score,numpy,matlab_reference,,,source_to_spatial_distortion_ratio,7.5184116564069345,partial,[scores/torch] RuntimeError: [enforce fail at alloc_cpu.cpp:117] data. DefaultCPUAllocator: not enough memory: you tried
reverse,2,3079de1,3079de13e3e9121e59dcfb96b870ac58b1ede794,2026-07-08T05:04:35+08:00,"Default to full-order resampling (MATLAB-faithful), make it configurable",score,numpy,matlab_reference,,,source_to_interference_ratio,-0.3706679842137262,partial,[scores/torch] RuntimeError: [enforce fail at alloc_cpu.cpp:117] data. DefaultCPUAllocator: not enough memory: you tried
reverse,2,3079de1,3079de13e3e9121e59dcfb96b870ac58b1ede794,2026-07-08T05:04:35+08:00,"Default to full-order resampling (MATLAB-faithful), make it configurable",score,numpy,matlab_reference,,,source_to_artifacts_ratio,19.359280882737153,partial,[scores/torch] RuntimeError: [enforce fail at alloc_cpu.cpp:117] data. DefaultCPUAllocator: not enough memory: you tried
reverse,2,3079de1,3079de13e3e9121e59dcfb96b870ac58b1ede794,2026-07-08T05:04:35+08:00,"Default to full-order resampling (MATLAB-faithful), make it configurable",timing,numpy,mono,,,median_seconds,3.9433877002447844,partial,[scores/torch] RuntimeError: [enforce fail at alloc_cpu.cpp:117] data. DefaultCPUAllocator: not enough memory: you tried
reverse,2,3079de1,3079de13e3e9121e59dcfb96b870ac58b1ede794,2026-07-08T05:04:35+08:00,"Default to full-order resampling (MATLAB-faithful), make it configurable",timing,numpy,mono,,,min_seconds,3.9023437001742423,partial,[scores/torch] RuntimeError: [enforce fail at alloc_cpu.cpp:117] data. DefaultCPUAllocator: not enough memory: you tried
reverse,2,3079de1,3079de13e3e9121e59dcfb96b870ac58b1ede794,2026-07-08T05:04:35+08:00,"Default to full-order resampling (MATLAB-faithful), make it configurable",timing,numpy,mono,,,audio_seconds,5.0,partial,[scores/torch] RuntimeError: [enforce fail at alloc_cpu.cpp:117] data. DefaultCPUAllocator: not enough memory: you tried
reverse,2,3079de1,3079de13e3e9121e59dcfb96b870ac58b1ede794,2026-07-08T05:04:35+08:00,"Default to full-order resampling (MATLAB-faithful), make it configurable",timing,numpy,mono,,,seconds_per_audio_second,0.7886775400489568,partial,[scores/torch] RuntimeError: [enforce fail at alloc_cpu.cpp:117] data. DefaultCPUAllocator: not enough memory: you tried
reverse,2,3079de1,3079de13e3e9121e59dcfb96b870ac58b1ede794,2026-07-08T05:04:35+08:00,"Default to full-order resampling (MATLAB-faithful), make it configurable",timing,numpy,mono,,,realtime_factor,1.2679453252059458,partial,[scores/torch] RuntimeError: [enforce fail at alloc_cpu.cpp:117] data. DefaultCPUAllocator: not enough memory: you tried
reverse,2,3079de1,3079de13e3e9121e59dcfb96b870ac58b1ede794,2026-07-08T05:04:35+08:00,"Default to full-order resampling (MATLAB-faithful), make it configurable",timing,numpy,mono,,,spread_pct,2.425621801613751,partial,[scores/torch] RuntimeError: [enforce fail at alloc_cpu.cpp:117] data. DefaultCPUAllocator: not enough memory: you tried
reverse,2,3079de1,3079de13e3e9121e59dcfb96b870ac58b1ede794,2026-07-08T05:04:35+08:00,"Default to full-order resampling (MATLAB-faithful), make it configurable",timing,numpy,stereo,,,median_seconds,7.164416399784386,partial,[scores/torch] RuntimeError: [enforce fail at alloc_cpu.cpp:117] data. DefaultCPUAllocator: not enough memory: you tried
reverse,2,3079de1,3079de13e3e9121e59dcfb96b870ac58b1ede794,2026-07-08T05:04:35+08:00,"Default to full-order resampling (MATLAB-faithful), make it configurable",timing,numpy,stereo,,,min_seconds,7.105021999683231,partial,[scores/torch] RuntimeError: [enforce fail at alloc_cpu.cpp:117] data. DefaultCPUAllocator: not enough memory: you tried
reverse,2,3079de1,3079de13e3e9121e59dcfb96b870ac58b1ede794,2026-07-08T05:04:35+08:00,"Default to full-order resampling (MATLAB-faithful), make it configurable",timing,numpy,stereo,,,audio_seconds,5.0,partial,[scores/torch] RuntimeError: [enforce fail at alloc_cpu.cpp:117] data. DefaultCPUAllocator: not enough memory: you tried
reverse,2,3079de1,3079de13e3e9121e59dcfb96b870ac58b1ede794,2026-07-08T05:04:35+08:00,"Default to full-order resampling (MATLAB-faithful), make it configurable",timing,numpy,stereo,,,seconds_per_audio_second,1.4328832799568771,partial,[scores/torch] RuntimeError: [enforce fail at alloc_cpu.cpp:117] data. DefaultCPUAllocator: not enough memory: you tried
reverse,2,3079de1,3079de13e3e9121e59dcfb96b870ac58b1ede794,2026-07-08T05:04:35+08:00,"Default to full-order resampling (MATLAB-faithful), make it configurable",timing,numpy,stereo,,,realtime_factor,0.6978935507085372,partial,[scores/torch] RuntimeError: [enforce fail at alloc_cpu.cpp:117] data. DefaultCPUAllocator: not enough memory: you tried
reverse,2,3079de1,3079de13e3e9121e59dcfb96b870ac58b1ede794,2026-07-08T05:04:35+08:00,"Default to full-order resampling (MATLAB-faithful), make it configurable",timing,numpy,stereo,,,spread_pct,5.530768246767185,partial,[scores/torch] RuntimeError: [enforce fail at alloc_cpu.cpp:117] data. DefaultCPUAllocator: not enough memory: you tried
reverse,2,3079de1,3079de13e3e9121e59dcfb96b870ac58b1ede794,2026-07-08T05:04:35+08:00,"Default to full-order resampling (MATLAB-faithful), make it configurable",timing,torch,mono,,,median_seconds,9.71945620002225,partial,[scores/torch] RuntimeError: [enforce fail at alloc_cpu.cpp:117] data. DefaultCPUAllocator: not enough memory: you tried
reverse,2,3079de1,3079de13e3e9121e59dcfb96b870ac58b1ede794,2026-07-08T05:04:35+08:00,"Default to full-order resampling (MATLAB-faithful), make it configurable",timing,torch,mono,,,min_seconds,9.560838199686259,partial,[scores/torch] RuntimeError: [enforce fail at alloc_cpu.cpp:117] data. DefaultCPUAllocator: not enough memory: you tried
reverse,2,3079de1,3079de13e3e9121e59dcfb96b870ac58b1ede794,2026-07-08T05:04:35+08:00,"Default to full-order resampling (MATLAB-faithful), make it configurable",timing,torch,mono,,,audio_seconds,5.0,partial,[scores/torch] RuntimeError: [enforce fail at alloc_cpu.cpp:117] data. DefaultCPUAllocator: not enough memory: you tried
reverse,2,3079de1,3079de13e3e9121e59dcfb96b870ac58b1ede794,2026-07-08T05:04:35+08:00,"Default to full-order resampling (MATLAB-faithful), make it configurable",timing,torch,mono,,,seconds_per_audio_second,1.9438912400044501,partial,[scores/torch] RuntimeError: [enforce fail at alloc_cpu.cpp:117] data. DefaultCPUAllocator: not enough memory: you tried
reverse,2,3079de1,3079de13e3e9121e59dcfb96b870ac58b1ede794,2026-07-08T05:04:35+08:00,"Default to full-order resampling (MATLAB-faithful), make it configurable",timing,torch,mono,,,realtime_factor,0.5144320728549149,partial,[scores/torch] RuntimeError: [enforce fail at alloc_cpu.cpp:117] data. DefaultCPUAllocator: not enough memory: you tried
reverse,2,3079de1,3079de13e3e9121e59dcfb96b870ac58b1ede794,2026-07-08T05:04:35+08:00,"Default to full-order resampling (MATLAB-faithful), make it configurable",timing,torch,mono,,,spread_pct,2.393009854879742,partial,[scores/torch] RuntimeError: [enforce fail at alloc_cpu.cpp:117] data. DefaultCPUAllocator: not enough memory: you tried
reverse,2,3079de1,3079de13e3e9121e59dcfb96b870ac58b1ede794,2026-07-08T05:04:35+08:00,"Default to full-order resampling (MATLAB-faithful), make it configurable",timing,torch,stereo,,,median_seconds,15.391119500156492,partial,[scores/torch] RuntimeError: [enforce fail at alloc_cpu.cpp:117] data. DefaultCPUAllocator: not enough memory: you tried
reverse,2,3079de1,3079de13e3e9121e59dcfb96b870ac58b1ede794,2026-07-08T05:04:35+08:00,"Default to full-order resampling (MATLAB-faithful), make it configurable",timing,torch,stereo,,,min_seconds,15.192207199987024,partial,[scores/torch] RuntimeError: [enforce fail at alloc_cpu.cpp:117] data. DefaultCPUAllocator: not enough memory: you tried
reverse,2,3079de1,3079de13e3e9121e59dcfb96b870ac58b1ede794,2026-07-08T05:04:35+08:00,"Default to full-order resampling (MATLAB-faithful), make it configurable",timing,torch,stereo,,,audio_seconds,5.0,partial,[scores/torch] RuntimeError: [enforce fail at alloc_cpu.cpp:117] data. DefaultCPUAllocator: not enough memory: you tried
reverse,2,3079de1,3079de13e3e9121e59dcfb96b870ac58b1ede794,2026-07-08T05:04:35+08:00,"Default to full-order resampling (MATLAB-faithful), make it configurable",timing,torch,stereo,,,seconds_per_audio_second,3.0782239000312983,partial,[scores/torch] RuntimeError: [enforce fail at alloc_cpu.cpp:117] data. DefaultCPUAllocator: not enough memory: you tried
reverse,2,3079de1,3079de13e3e9121e59dcfb96b870ac58b1ede794,2026-07-08T05:04:35+08:00,"Default to full-order resampling (MATLAB-faithful), make it configurable",timing,torch,stereo,,,realtime_factor,0.3248626586226662,partial,[scores/torch] RuntimeError: [enforce fail at alloc_cpu.cpp:117] data. DefaultCPUAllocator: not enough memory: you tried
reverse,2,3079de1,3079de13e3e9121e59dcfb96b870ac58b1ede794,2026-07-08T05:04:35+08:00,"Default to full-order resampling (MATLAB-faithful), make it configurable",timing,torch,stereo,,,spread_pct,1.3795875550345265,partial,[scores/torch] RuntimeError: [enforce fail at alloc_cpu.cpp:117] data. DefaultCPUAllocator: not enough memory: you tried
reverse,3,d866075,d8660758db53f4b4a7c7b71ecd70f76133dfe9fe,2026-07-30T11:45:29+08:00,perf(numpy): ~1.2x single-threaded decomposition via SIMD polyphase + direct LAPACK,meta,,,,,measured,1,ok,
reverse,3,d866075,d8660758db53f4b4a7c7b71ecd70f76133dfe9fe,2026-07-30T11:45:29+08:00,perf(numpy): ~1.2x single-threaded decomposition via SIMD polyphase + direct LAPACK,accuracy,numpy,matlab_reference,true_target,0,correlation,0.999999956097814,ok,
reverse,3,d866075,d8660758db53f4b4a7c7b71ecd70f76133dfe9fe,2026-07-30T11:45:29+08:00,perf(numpy): ~1.2x single-threaded decomposition via SIMD polyphase + direct LAPACK,accuracy,numpy,matlab_reference,true_target,0,rms_ratio,1.0025706231995062,ok,
reverse,3,d866075,d8660758db53f4b4a7c7b71ecd70f76133dfe9fe,2026-07-30T11:45:29+08:00,perf(numpy): ~1.2x single-threaded decomposition via SIMD polyphase + direct LAPACK,accuracy,numpy,matlab_reference,true_target,0,gain_error,5.5090681954084175e-06,ok,
reverse,3,d866075,d8660758db53f4b4a7c7b71ecd70f76133dfe9fe,2026-07-30T11:45:29+08:00,perf(numpy): ~1.2x single-threaded decomposition via SIMD polyphase + direct LAPACK,accuracy,numpy,matlab_reference,true_target,1,correlation,0.9999999564111273,ok,
reverse,3,d866075,d8660758db53f4b4a7c7b71ecd70f76133dfe9fe,2026-07-30T11:45:29+08:00,perf(numpy): ~1.2x single-threaded decomposition via SIMD polyphase + direct LAPACK,accuracy,numpy,matlab_reference,true_target,1,rms_ratio,1.0025690082425327,ok,
reverse,3,d866075,d8660758db53f4b4a7c7b71ecd70f76133dfe9fe,2026-07-30T11:45:29+08:00,perf(numpy): ~1.2x single-threaded decomposition via SIMD polyphase + direct LAPACK,accuracy,numpy,matlab_reference,true_target,1,gain_error,3.8982431491696445e-06,ok,
reverse,3,d866075,d8660758db53f4b4a7c7b71ecd70f76133dfe9fe,2026-07-30T11:45:29+08:00,perf(numpy): ~1.2x single-threaded decomposition via SIMD polyphase + direct LAPACK,accuracy,numpy,matlab_reference,target_distortion,0,correlation,0.9999997508189183,ok,
reverse,3,d866075,d8660758db53f4b4a7c7b71ecd70f76133dfe9fe,2026-07-30T11:45:29+08:00,perf(numpy): ~1.2x single-threaded decomposition via SIMD polyphase + direct LAPACK,accuracy,numpy,matlab_reference,target_distortion,0,rms_ratio,1.0025652937671887,ok,
reverse,3,d866075,d8660758db53f4b4a7c7b71ecd70f76133dfe9fe,2026-07-30T11:45:29+08:00,perf(numpy): ~1.2x single-threaded decomposition via SIMD polyphase + direct LAPACK,accuracy,numpy,matlab_reference,target_distortion,0,gain_error,1.9327142819491883e-07,ok,
reverse,3,d866075,d8660758db53f4b4a7c7b71ecd70f76133dfe9fe,2026-07-30T11:45:29+08:00,perf(numpy): ~1.2x single-threaded decomposition via SIMD polyphase + direct LAPACK,accuracy,numpy,matlab_reference,target_distortion,1,correlation,0.9999997557984993,ok,
reverse,3,d866075,d8660758db53f4b4a7c7b71ecd70f76133dfe9fe,2026-07-30T11:45:29+08:00,perf(numpy): ~1.2x single-threaded decomposition via SIMD polyphase + direct LAPACK,accuracy,numpy,matlab_reference,target_distortion,1,rms_ratio,1.0025655321421652,ok,
reverse,3,d866075,d8660758db53f4b4a7c7b71ecd70f76133dfe9fe,2026-07-30T11:45:29+08:00,perf(numpy): ~1.2x single-threaded decomposition via SIMD polyphase + direct LAPACK,accuracy,numpy,matlab_reference,target_distortion,1,gain_error,4.310365133708416e-07,ok,
reverse,3,d866075,d8660758db53f4b4a7c7b71ecd70f76133dfe9fe,2026-07-30T11:45:29+08:00,perf(numpy): ~1.2x single-threaded decomposition via SIMD polyphase + direct LAPACK,accuracy,numpy,matlab_reference,interference,0,correlation,0.9999999300181494,ok,
reverse,3,d866075,d8660758db53f4b4a7c7b71ecd70f76133dfe9fe,2026-07-30T11:45:29+08:00,perf(numpy): ~1.2x single-threaded decomposition via SIMD polyphase + direct LAPACK,accuracy,numpy,matlab_reference,interference,0,rms_ratio,1.0025711943736455,ok,
reverse,3,d866075,d8660758db53f4b4a7c7b71ecd70f76133dfe9fe,2026-07-30T11:45:29+08:00,perf(numpy): ~1.2x single-threaded decomposition via SIMD polyphase + direct LAPACK,accuracy,numpy,matlab_reference,interference,0,gain_error,6.0787809643692015e-06,ok,
reverse,3,d866075,d8660758db53f4b4a7c7b71ecd70f76133dfe9fe,2026-07-30T11:45:29+08:00,perf(numpy): ~1.2x single-threaded decomposition via SIMD polyphase + direct LAPACK,accuracy,numpy,matlab_reference,interference,1,correlation,0.9999999259976587,ok,
reverse,3,d866075,d8660758db53f4b4a7c7b71ecd70f76133dfe9fe,2026-07-30T11:45:29+08:00,perf(numpy): ~1.2x single-threaded decomposition via SIMD polyphase + direct LAPACK,accuracy,numpy,matlab_reference,interference,1,rms_ratio,1.0025716420223452,ok,
reverse,3,d866075,d8660758db53f4b4a7c7b71ecd70f76133dfe9fe,2026-07-30T11:45:29+08:00,perf(numpy): ~1.2x single-threaded decomposition via SIMD polyphase + direct LAPACK,accuracy,numpy,matlab_reference,interference,1,gain_error,6.5252843384211445e-06,ok,
reverse,3,d866075,d8660758db53f4b4a7c7b71ecd70f76133dfe9fe,2026-07-30T11:45:29+08:00,perf(numpy): ~1.2x single-threaded decomposition via SIMD polyphase + direct LAPACK,accuracy,numpy,matlab_reference,artifacts,0,correlation,0.9999966862367461,ok,
reverse,3,d866075,d8660758db53f4b4a7c7b71ecd70f76133dfe9fe,2026-07-30T11:45:29+08:00,perf(numpy): ~1.2x single-threaded decomposition via SIMD polyphase + direct LAPACK,accuracy,numpy,matlab_reference,artifacts,0,rms_ratio,1.0025609267669842,ok,
reverse,3,d866075,d8660758db53f4b4a7c7b71ecd70f76133dfe9fe,2026-07-30T11:45:29+08:00,perf(numpy): ~1.2x single-threaded decomposition via SIMD polyphase + direct LAPACK,accuracy,numpy,matlab_reference,artifacts,0,gain_error,-4.162555644393606e-06,ok,
reverse,3,d866075,d8660758db53f4b4a7c7b71ecd70f76133dfe9fe,2026-07-30T11:45:29+08:00,perf(numpy): ~1.2x single-threaded decomposition via SIMD polyphase + direct LAPACK,accuracy,numpy,matlab_reference,artifacts,1,correlation,0.9999967242504266,ok,
reverse,3,d866075,d8660758db53f4b4a7c7b71ecd70f76133dfe9fe,2026-07-30T11:45:29+08:00,perf(numpy): ~1.2x single-threaded decomposition via SIMD polyphase + direct LAPACK,accuracy,numpy,matlab_reference,artifacts,1,rms_ratio,1.002569784832122,ok,
reverse,3,d866075,d8660758db53f4b4a7c7b71ecd70f76133dfe9fe,2026-07-30T11:45:29+08:00,perf(numpy): ~1.2x single-threaded decomposition via SIMD polyphase + direct LAPACK,accuracy,numpy,matlab_reference,artifacts,1,gain_error,4.672845805187009e-06,ok,
reverse,3,d866075,d8660758db53f4b4a7c7b71ecd70f76133dfe9fe,2026-07-30T11:45:29+08:00,perf(numpy): ~1.2x single-threaded decomposition via SIMD polyphase + direct LAPACK,accuracy,torch,matlab_reference,true_target,0,correlation,0.999999956092141,ok,
reverse,3,d866075,d8660758db53f4b4a7c7b71ecd70f76133dfe9fe,2026-07-30T11:45:29+08:00,perf(numpy): ~1.2x single-threaded decomposition via SIMD polyphase + direct LAPACK,accuracy,torch,matlab_reference,true_target,0,rms_ratio,1.0025707286454257,ok,
reverse,3,d866075,d8660758db53f4b4a7c7b71ecd70f76133dfe9fe,2026-07-30T11:45:29+08:00,perf(numpy): ~1.2x single-threaded decomposition via SIMD polyphase + direct LAPACK,accuracy,torch,matlab_reference,true_target,0,gain_error,5.614244327656337e-06,ok,
reverse,3,d866075,d8660758db53f4b4a7c7b71ecd70f76133dfe9fe,2026-07-30T11:45:29+08:00,perf(numpy): ~1.2x single-threaded decomposition via SIMD polyphase + direct LAPACK,accuracy,torch,matlab_reference,true_target,1,correlation,0.9999999564044311,ok,
reverse,3,d866075,d8660758db53f4b4a7c7b71ecd70f76133dfe9fe,2026-07-30T11:45:29+08:00,perf(numpy): ~1.2x single-threaded decomposition via SIMD polyphase + direct LAPACK,accuracy,torch,matlab_reference,true_target,1,rms_ratio,1.0025691026873382,ok,
reverse,3,d866075,d8660758db53f4b4a7c7b71ecd70f76133dfe9fe,2026-07-30T11:45:29+08:00,perf(numpy): ~1.2x single-threaded decomposition via SIMD polyphase + direct LAPACK,accuracy,torch,matlab_reference,true_target,1,gain_error,3.992446314216025e-06,ok,
reverse,3,d866075,d8660758db53f4b4a7c7b71ecd70f76133dfe9fe,2026-07-30T11:45:29+08:00,perf(numpy): ~1.2x single-threaded decomposition via SIMD polyphase + direct LAPACK,accuracy,torch,matlab_reference,target_distortion,0,correlation,0.9999997507444935,ok,
reverse,3,d866075,d8660758db53f4b4a7c7b71ecd70f76133dfe9fe,2026-07-30T11:45:29+08:00,perf(numpy): ~1.2x single-threaded decomposition via SIMD polyphase + direct LAPACK,accuracy,torch,matlab_reference,target_distortion,0,rms_ratio,1.002565976804637,ok,
reverse,3,d866075,d8660758db53f4b4a7c7b71ecd70f76133dfe9fe,2026-07-30T11:45:29+08:00,perf(numpy): ~1.2x single-threaded decomposition via SIMD polyphase + direct LAPACK,accuracy,torch,matlab_reference,target_distortion,0,gain_error,8.745612998239949e-07,ok,
reverse,3,d866075,d8660758db53f4b4a7c7b71ecd70f76133dfe9fe,2026-07-30T11:45:29+08:00,perf(numpy): ~1.2x single-threaded decomposition via SIMD polyphase + direct LAPACK,accuracy,torch,matlab_reference,target_distortion,1,correlation,0.9999997557603453,ok,
reverse,3,d866075,d8660758db53f4b4a7c7b71ecd70f76133dfe9fe,2026-07-30T11:45:29+08:00,perf(numpy): ~1.2x single-threaded decomposition via SIMD polyphase + direct LAPACK,accuracy,torch,matlab_reference,target_distortion,1,rms_ratio,1.0025659893410255,ok,
reverse,3,d866075,d8660758db53f4b4a7c7b71ecd70f76133dfe9fe,2026-07-30T11:45:29+08:00,perf(numpy): ~1.2x single-threaded decomposition via SIMD polyphase + direct LAPACK,accuracy,torch,matlab_reference,target_distortion,1,gain_error,8.870656134085664e-07,ok,
reverse,3,d866075,d8660758db53f4b4a7c7b71ecd70f76133dfe9fe,2026-07-30T11:45:29+08:00,perf(numpy): ~1.2x single-threaded decomposition via SIMD polyphase + direct LAPACK,accuracy,torch,matlab_reference,interference,0,correlation,0.9999999299880384,ok,
reverse,3,d866075,d8660758db53f4b4a7c7b71ecd70f76133dfe9fe,2026-07-30T11:45:29+08:00,perf(numpy): ~1.2x single-threaded decomposition via SIMD polyphase + direct LAPACK,accuracy,torch,matlab_reference,interference,0,rms_ratio,1.0025715794527985,ok,
reverse,3,d866075,d8660758db53f4b4a7c7b71ecd70f76133dfe9fe,2026-07-30T11:45:29+08:00,perf(numpy): ~1.2x single-threaded decomposition via SIMD polyphase + direct LAPACK,accuracy,torch,matlab_reference,interference,0,gain_error,6.4628748781547785e-06,ok,
reverse,3,d866075,d8660758db53f4b4a7c7b71ecd70f76133dfe9fe,2026-07-30T11:45:29+08:00,perf(numpy): ~1.2x single-threaded decomposition via SIMD polyphase + direct LAPACK,accuracy,torch,matlab_reference,interference,1,correlation,0.9999999259776344,ok,
reverse,3,d866075,d8660758db53f4b4a7c7b71ecd70f76133dfe9fe,2026-07-30T11:45:29+08:00,perf(numpy): ~1.2x single-threaded decomposition via SIMD polyphase + direct LAPACK,accuracy,torch,matlab_reference,interference,1,rms_ratio,1.00257196190494,ok,
reverse,3,d866075,d8660758db53f4b4a7c7b71ecd70f76133dfe9fe,2026-07-30T11:45:29+08:00,perf(numpy): ~1.2x single-threaded decomposition via SIMD polyphase + direct LAPACK,accuracy,torch,matlab_reference,interference,1,gain_error,6.844348501733322e-06,ok,
reverse,3,d866075,d8660758db53f4b4a7c7b71ecd70f76133dfe9fe,2026-07-30T11:45:29+08:00,perf(numpy): ~1.2x single-threaded decomposition via SIMD polyphase + direct LAPACK,accuracy,torch,matlab_reference,artifacts,0,correlation,0.9999966857318855,ok,
reverse,3,d866075,d8660758db53f4b4a7c7b71ecd70f76133dfe9fe,2026-07-30T11:45:29+08:00,perf(numpy): ~1.2x single-threaded decomposition via SIMD polyphase + direct LAPACK,accuracy,torch,matlab_reference,artifacts,0,rms_ratio,1.0025610930776054,ok,
reverse,3,d866075,d8660758db53f4b4a7c7b71ecd70f76133dfe9fe,2026-07-30T11:45:29+08:00,perf(numpy): ~1.2x single-threaded decomposition via SIMD polyphase + direct LAPACK,accuracy,torch,matlab_reference,artifacts,0,gain_error,-3.996670534966995e-06,ok,
reverse,3,d866075,d8660758db53f4b4a7c7b71ecd70f76133dfe9fe,2026-07-30T11:45:29+08:00,perf(numpy): ~1.2x single-threaded decomposition via SIMD polyphase + direct LAPACK,accuracy,torch,matlab_reference,artifacts,1,correlation,0.9999967238573111,ok,
reverse,3,d866075,d8660758db53f4b4a7c7b71ecd70f76133dfe9fe,2026-07-30T11:45:29+08:00,perf(numpy): ~1.2x single-threaded decomposition via SIMD polyphase + direct LAPACK,accuracy,torch,matlab_reference,artifacts,1,rms_ratio,1.0025699462116837,ok,
reverse,3,d866075,d8660758db53f4b4a7c7b71ecd70f76133dfe9fe,2026-07-30T11:45:29+08:00,perf(numpy): ~1.2x single-threaded decomposition via SIMD polyphase + direct LAPACK,accuracy,torch,matlab_reference,artifacts,1,gain_error,4.833812471405352e-06,ok,
reverse,3,d866075,d8660758db53f4b4a7c7b71ecd70f76133dfe9fe,2026-07-30T11:45:29+08:00,perf(numpy): ~1.2x single-threaded decomposition via SIMD polyphase + direct LAPACK,score,numpy,matlab_reference,,,overall_perceptual_score,17.665376880093117,ok,
reverse,3,d866075,d8660758db53f4b4a7c7b71ecd70f76133dfe9fe,2026-07-30T11:45:29+08:00,perf(numpy): ~1.2x single-threaded decomposition via SIMD polyphase + direct LAPACK,score,numpy,matlab_reference,,,target_perceptual_score,60.99146887592377,ok,
reverse,3,d866075,d8660758db53f4b4a7c7b71ecd70f76133dfe9fe,2026-07-30T11:45:29+08:00,perf(numpy): ~1.2x single-threaded decomposition via SIMD polyphase + direct LAPACK,score,numpy,matlab_reference,,,interference_perceptual_score,20.484287948749348,ok,
reverse,3,d866075,d8660758db53f4b4a7c7b71ecd70f76133dfe9fe,2026-07-30T11:45:29+08:00,perf(numpy): ~1.2x single-threaded decomposition via SIMD polyphase + direct LAPACK,score,numpy,matlab_reference,,,artifact_perceptual_score,76.30171874493138,ok,
reverse,3,d866075,d8660758db53f4b4a7c7b71ecd70f76133dfe9fe,2026-07-30T11:45:29+08:00,perf(numpy): ~1.2x single-threaded decomposition via SIMD polyphase + direct LAPACK,score,numpy,matlab_reference,,,source_to_distortion_ratio,0.9106302673363782,ok,
reverse,3,d866075,d8660758db53f4b4a7c7b71ecd70f76133dfe9fe,2026-07-30T11:45:29+08:00,perf(numpy): ~1.2x single-threaded decomposition via SIMD polyphase + direct LAPACK,score,numpy,matlab_reference,,,source_to_spatial_distortion_ratio,7.51841165640978,ok,
reverse,3,d866075,d8660758db53f4b4a7c7b71ecd70f76133dfe9fe,2026-07-30T11:45:29+08:00,perf(numpy): ~1.2x single-threaded decomposition via SIMD polyphase + direct LAPACK,score,numpy,matlab_reference,,,source_to_interference_ratio,-0.3706679842034427,ok,
reverse,3,d866075,d8660758db53f4b4a7c7b71ecd70f76133dfe9fe,2026-07-30T11:45:29+08:00,perf(numpy): ~1.2x single-threaded decomposition via SIMD polyphase + direct LAPACK,score,numpy,matlab_reference,,,source_to_artifacts_ratio,19.359280882749953,ok,
reverse,3,d866075,d8660758db53f4b4a7c7b71ecd70f76133dfe9fe,2026-07-30T11:45:29+08:00,perf(numpy): ~1.2x single-threaded decomposition via SIMD polyphase + direct LAPACK,score,torch,matlab_reference,,,overall_perceptual_score,17.665492571916488,ok,
reverse,3,d866075,d8660758db53f4b4a7c7b71ecd70f76133dfe9fe,2026-07-30T11:45:29+08:00,perf(numpy): ~1.2x single-threaded decomposition via SIMD polyphase + direct LAPACK,score,torch,matlab_reference,,,target_perceptual_score,60.99149950169078,ok,
reverse,3,d866075,d8660758db53f4b4a7c7b71ecd70f76133dfe9fe,2026-07-30T11:45:29+08:00,perf(numpy): ~1.2x single-threaded decomposition via SIMD polyphase + direct LAPACK,score,torch,matlab_reference,,,interference_perceptual_score,20.48465191056083,ok,
reverse,3,d866075,d8660758db53f4b4a7c7b71ecd70f76133dfe9fe,2026-07-30T11:45:29+08:00,perf(numpy): ~1.2x single-threaded decomposition via SIMD polyphase + direct LAPACK,score,torch,matlab_reference,,,artifact_perceptual_score,76.30171406916641,ok,
reverse,3,d866075,d8660758db53f4b4a7c7b71ecd70f76133dfe9fe,2026-07-30T11:45:29+08:00,perf(numpy): ~1.2x single-threaded decomposition via SIMD polyphase + direct LAPACK,score,torch,matlab_reference,,,source_to_distortion_ratio,0.9106286385648361,ok,
reverse,3,d866075,d8660758db53f4b4a7c7b71ecd70f76133dfe9fe,2026-07-30T11:45:29+08:00,perf(numpy): ~1.2x single-threaded decomposition via SIMD polyphase + direct LAPACK,score,torch,matlab_reference,,,source_to_spatial_distortion_ratio,7.518407592481355,ok,
reverse,3,d866075,d8660758db53f4b4a7c7b71ecd70f76133dfe9fe,2026-07-30T11:45:29+08:00,perf(numpy): ~1.2x single-threaded decomposition via SIMD polyphase + direct LAPACK,score,torch,matlab_reference,,,source_to_interference_ratio,-0.370672002708567,ok,
reverse,3,d866075,d8660758db53f4b4a7c7b71ecd70f76133dfe9fe,2026-07-30T11:45:29+08:00,perf(numpy): ~1.2x single-threaded decomposition via SIMD polyphase + direct LAPACK,score,torch,matlab_reference,,,source_to_artifacts_ratio,19.3592814745367,ok,
reverse,3,d866075,d8660758db53f4b4a7c7b71ecd70f76133dfe9fe,2026-07-30T11:45:29+08:00,perf(numpy): ~1.2x single-threaded decomposition via SIMD polyphase + direct LAPACK,timing,numpy,mono,,,median_seconds,3.061890299897641,ok,
reverse,3,d866075,d8660758db53f4b4a7c7b71ecd70f76133dfe9fe,2026-07-30T11:45:29+08:00,perf(numpy): ~1.2x single-threaded decomposition via SIMD polyphase + direct LAPACK,timing,numpy,mono,,,min_seconds,2.9816394997760653,ok,
reverse,3,d866075,d8660758db53f4b4a7c7b71ecd70f76133dfe9fe,2026-07-30T11:45:29+08:00,perf(numpy): ~1.2x single-threaded decomposition via SIMD polyphase + direct LAPACK,timing,numpy,mono,,,audio_seconds,5.0,ok,
reverse,3,d866075,d8660758db53f4b4a7c7b71ecd70f76133dfe9fe,2026-07-30T11:45:29+08:00,perf(numpy): ~1.2x single-threaded decomposition via SIMD polyphase + direct LAPACK,timing,numpy,mono,,,seconds_per_audio_second,0.6123780599795282,ok,
reverse,3,d866075,d8660758db53f4b4a7c7b71ecd70f76133dfe9fe,2026-07-30T11:45:29+08:00,perf(numpy): ~1.2x single-threaded decomposition via SIMD polyphase + direct LAPACK,timing,numpy,mono,,,realtime_factor,1.632978163903243,ok,
reverse,3,d866075,d8660758db53f4b4a7c7b71ecd70f76133dfe9fe,2026-07-30T11:45:29+08:00,perf(numpy): ~1.2x single-threaded decomposition via SIMD polyphase + direct LAPACK,timing,numpy,mono,,,spread_pct,11.196189208199932,ok,
reverse,3,d866075,d8660758db53f4b4a7c7b71ecd70f76133dfe9fe,2026-07-30T11:45:29+08:00,perf(numpy): ~1.2x single-threaded decomposition via SIMD polyphase + direct LAPACK,timing,numpy,stereo,,,median_seconds,5.708665499929339,ok,
reverse,3,d866075,d8660758db53f4b4a7c7b71ecd70f76133dfe9fe,2026-07-30T11:45:29+08:00,perf(numpy): ~1.2x single-threaded decomposition via SIMD polyphase + direct LAPACK,timing,numpy,stereo,,,min_seconds,5.6769212000072,ok,
reverse,3,d866075,d8660758db53f4b4a7c7b71ecd70f76133dfe9fe,2026-07-30T11:45:29+08:00,perf(numpy): ~1.2x single-threaded decomposition via SIMD polyphase + direct LAPACK,timing,numpy,stereo,,,audio_seconds,5.0,ok,
reverse,3,d866075,d8660758db53f4b4a7c7b71ecd70f76133dfe9fe,2026-07-30T11:45:29+08:00,perf(numpy): ~1.2x single-threaded decomposition via SIMD polyphase + direct LAPACK,timing,numpy,stereo,,,seconds_per_audio_second,1.1417330999858677,ok,
reverse,3,d866075,d8660758db53f4b4a7c7b71ecd70f76133dfe9fe,2026-07-30T11:45:29+08:00,perf(numpy): ~1.2x single-threaded decomposition via SIMD polyphase + direct LAPACK,timing,numpy,stereo,,,realtime_factor,0.8758614425844166,ok,
reverse,3,d866075,d8660758db53f4b4a7c7b71ecd70f76133dfe9fe,2026-07-30T11:45:29+08:00,perf(numpy): ~1.2x single-threaded decomposition via SIMD polyphase + direct LAPACK,timing,numpy,stereo,,,spread_pct,3.8950796097482905,ok,
reverse,3,d866075,d8660758db53f4b4a7c7b71ecd70f76133dfe9fe,2026-07-30T11:45:29+08:00,perf(numpy): ~1.2x single-threaded decomposition via SIMD polyphase + direct LAPACK,timing,torch,mono,,,median_seconds,5.191074799746275,ok,
reverse,3,d866075,d8660758db53f4b4a7c7b71ecd70f76133dfe9fe,2026-07-30T11:45:29+08:00,perf(numpy): ~1.2x single-threaded decomposition via SIMD polyphase + direct LAPACK,timing,torch,mono,,,min_seconds,5.131766700185835,ok,
reverse,3,d866075,d8660758db53f4b4a7c7b71ecd70f76133dfe9fe,2026-07-30T11:45:29+08:00,perf(numpy): ~1.2x single-threaded decomposition via SIMD polyphase + direct LAPACK,timing,torch,mono,,,audio_seconds,5.0,ok,
reverse,3,d866075,d8660758db53f4b4a7c7b71ecd70f76133dfe9fe,2026-07-30T11:45:29+08:00,perf(numpy): ~1.2x single-threaded decomposition via SIMD polyphase + direct LAPACK,timing,torch,mono,,,seconds_per_audio_second,1.038214959949255,ok,
reverse,3,d866075,d8660758db53f4b4a7c7b71ecd70f76133dfe9fe,2026-07-30T11:45:29+08:00,perf(numpy): ~1.2x single-threaded decomposition via SIMD polyphase + direct LAPACK,timing,torch,mono,,,realtime_factor,0.9631916689477072,ok,
reverse,3,d866075,d8660758db53f4b4a7c7b71ecd70f76133dfe9fe,2026-07-30T11:45:29+08:00,perf(numpy): ~1.2x single-threaded decomposition via SIMD polyphase + direct LAPACK,timing,torch,mono,,,spread_pct,6.424771795592159,ok,
reverse,3,d866075,d8660758db53f4b4a7c7b71ecd70f76133dfe9fe,2026-07-30T11:45:29+08:00,perf(numpy): ~1.2x single-threaded decomposition via SIMD polyphase + direct LAPACK,timing,torch,stereo,,,median_seconds,13.473938199691474,ok,
reverse,3,d866075,d8660758db53f4b4a7c7b71ecd70f76133dfe9fe,2026-07-30T11:45:29+08:00,perf(numpy): ~1.2x single-threaded decomposition via SIMD polyphase + direct LAPACK,timing,torch,stereo,,,min_seconds,12.55283429985866,ok,
reverse,3,d866075,d8660758db53f4b4a7c7b71ecd70f76133dfe9fe,2026-07-30T11:45:29+08:00,perf(numpy): ~1.2x single-threaded decomposition via SIMD polyphase + direct LAPACK,timing,torch,stereo,,,audio_seconds,5.0,ok,
reverse,3,d866075,d8660758db53f4b4a7c7b71ecd70f76133dfe9fe,2026-07-30T11:45:29+08:00,perf(numpy): ~1.2x single-threaded decomposition via SIMD polyphase + direct LAPACK,timing,torch,stereo,,,seconds_per_audio_second,2.694787639938295,ok,
reverse,3,d866075,d8660758db53f4b4a7c7b71ecd70f76133dfe9fe,2026-07-30T11:45:29+08:00,perf(numpy): ~1.2x single-threaded decomposition via SIMD polyphase + direct LAPACK,timing,torch,stereo,,,realtime_factor,0.371086754733259,ok,
reverse,3,d866075,d8660758db53f4b4a7c7b71ecd70f76133dfe9fe,2026-07-30T11:45:29+08:00,perf(numpy): ~1.2x single-threaded decomposition via SIMD polyphase + direct LAPACK,timing,torch,stereo,,,spread_pct,10.285386308749288,ok,
reverse,4,76e53f3,76e53f3e2676544993eac49b5694da526015a1f8,2026-07-30T16:50:31+08:00,perf(torch): ~5.7x faster pipeline via cascade collapse + FFT sizing,meta,,,,,measured,1,ok,
reverse,4,76e53f3,76e53f3e2676544993eac49b5694da526015a1f8,2026-07-30T16:50:31+08:00,perf(torch): ~5.7x faster pipeline via cascade collapse + FFT sizing,accuracy,numpy,matlab_reference,true_target,0,correlation,0.999999956097814,ok,
reverse,4,76e53f3,76e53f3e2676544993eac49b5694da526015a1f8,2026-07-30T16:50:31+08:00,perf(torch): ~5.7x faster pipeline via cascade collapse + FFT sizing,accuracy,numpy,matlab_reference,true_target,0,rms_ratio,1.0025706231995062,ok,
reverse,4,76e53f3,76e53f3e2676544993eac49b5694da526015a1f8,2026-07-30T16:50:31+08:00,perf(torch): ~5.7x faster pipeline via cascade collapse + FFT sizing,accuracy,numpy,matlab_reference,true_target,0,gain_error,5.5090681954084175e-06,ok,
reverse,4,76e53f3,76e53f3e2676544993eac49b5694da526015a1f8,2026-07-30T16:50:31+08:00,perf(torch): ~5.7x faster pipeline via cascade collapse + FFT sizing,accuracy,numpy,matlab_reference,true_target,1,correlation,0.9999999564111273,ok,
reverse,4,76e53f3,76e53f3e2676544993eac49b5694da526015a1f8,2026-07-30T16:50:31+08:00,perf(torch): ~5.7x faster pipeline via cascade collapse + FFT sizing,accuracy,numpy,matlab_reference,true_target,1,rms_ratio,1.0025690082425327,ok,
reverse,4,76e53f3,76e53f3e2676544993eac49b5694da526015a1f8,2026-07-30T16:50:31+08:00,perf(torch): ~5.7x faster pipeline via cascade collapse + FFT sizing,accuracy,numpy,matlab_reference,true_target,1,gain_error,3.8982431491696445e-06,ok,
reverse,4,76e53f3,76e53f3e2676544993eac49b5694da526015a1f8,2026-07-30T16:50:31+08:00,perf(torch): ~5.7x faster pipeline via cascade collapse + FFT sizing,accuracy,numpy,matlab_reference,target_distortion,0,correlation,0.9999997508189183,ok,
reverse,4,76e53f3,76e53f3e2676544993eac49b5694da526015a1f8,2026-07-30T16:50:31+08:00,perf(torch): ~5.7x faster pipeline via cascade collapse + FFT sizing,accuracy,numpy,matlab_reference,target_distortion,0,rms_ratio,1.0025652937671887,ok,
reverse,4,76e53f3,76e53f3e2676544993eac49b5694da526015a1f8,2026-07-30T16:50:31+08:00,perf(torch): ~5.7x faster pipeline via cascade collapse + FFT sizing,accuracy,numpy,matlab_reference,target_distortion,0,gain_error,1.9327142819491883e-07,ok,
reverse,4,76e53f3,76e53f3e2676544993eac49b5694da526015a1f8,2026-07-30T16:50:31+08:00,perf(torch): ~5.7x faster pipeline via cascade collapse + FFT sizing,accuracy,numpy,matlab_reference,target_distortion,1,correlation,0.9999997557984993,ok,
reverse,4,76e53f3,76e53f3e2676544993eac49b5694da526015a1f8,2026-07-30T16:50:31+08:00,perf(torch): ~5.7x faster pipeline via cascade collapse + FFT sizing,accuracy,numpy,matlab_reference,target_distortion,1,rms_ratio,1.0025655321421652,ok,
reverse,4,76e53f3,76e53f3e2676544993eac49b5694da526015a1f8,2026-07-30T16:50:31+08:00,perf(torch): ~5.7x faster pipeline via cascade collapse + FFT sizing,accuracy,numpy,matlab_reference,target_distortion,1,gain_error,4.310365133708416e-07,ok,
reverse,4,76e53f3,76e53f3e2676544993eac49b5694da526015a1f8,2026-07-30T16:50:31+08:00,perf(torch): ~5.7x faster pipeline via cascade collapse + FFT sizing,accuracy,numpy,matlab_reference,interference,0,correlation,0.9999999300181494,ok,
reverse,4,76e53f3,76e53f3e2676544993eac49b5694da526015a1f8,2026-07-30T16:50:31+08:00,perf(torch): ~5.7x faster pipeline via cascade collapse + FFT sizing,accuracy,numpy,matlab_reference,interference,0,rms_ratio,1.0025711943736455,ok,
reverse,4,76e53f3,76e53f3e2676544993eac49b5694da526015a1f8,2026-07-30T16:50:31+08:00,perf(torch): ~5.7x faster pipeline via cascade collapse + FFT sizing,accuracy,numpy,matlab_reference,interference,0,gain_error,6.0787809643692015e-06,ok,
reverse,4,76e53f3,76e53f3e2676544993eac49b5694da526015a1f8,2026-07-30T16:50:31+08:00,perf(torch): ~5.7x faster pipeline via cascade collapse + FFT sizing,accuracy,numpy,matlab_reference,interference,1,correlation,0.9999999259976587,ok,
reverse,4,76e53f3,76e53f3e2676544993eac49b5694da526015a1f8,2026-07-30T16:50:31+08:00,perf(torch): ~5.7x faster pipeline via cascade collapse + FFT sizing,accuracy,numpy,matlab_reference,interference,1,rms_ratio,1.0025716420223452,ok,
reverse,4,76e53f3,76e53f3e2676544993eac49b5694da526015a1f8,2026-07-30T16:50:31+08:00,perf(torch): ~5.7x faster pipeline via cascade collapse + FFT sizing,accuracy,numpy,matlab_reference,interference,1,gain_error,6.5252843384211445e-06,ok,
reverse,4,76e53f3,76e53f3e2676544993eac49b5694da526015a1f8,2026-07-30T16:50:31+08:00,perf(torch): ~5.7x faster pipeline via cascade collapse + FFT sizing,accuracy,numpy,matlab_reference,artifacts,0,correlation,0.9999966862367461,ok,
reverse,4,76e53f3,76e53f3e2676544993eac49b5694da526015a1f8,2026-07-30T16:50:31+08:00,perf(torch): ~5.7x faster pipeline via cascade collapse + FFT sizing,accuracy,numpy,matlab_reference,artifacts,0,rms_ratio,1.0025609267669842,ok,
reverse,4,76e53f3,76e53f3e2676544993eac49b5694da526015a1f8,2026-07-30T16:50:31+08:00,perf(torch): ~5.7x faster pipeline via cascade collapse + FFT sizing,accuracy,numpy,matlab_reference,artifacts,0,gain_error,-4.162555644393606e-06,ok,
reverse,4,76e53f3,76e53f3e2676544993eac49b5694da526015a1f8,2026-07-30T16:50:31+08:00,perf(torch): ~5.7x faster pipeline via cascade collapse + FFT sizing,accuracy,numpy,matlab_reference,artifacts,1,correlation,0.9999967242504266,ok,
reverse,4,76e53f3,76e53f3e2676544993eac49b5694da526015a1f8,2026-07-30T16:50:31+08:00,perf(torch): ~5.7x faster pipeline via cascade collapse + FFT sizing,accuracy,numpy,matlab_reference,artifacts,1,rms_ratio,1.002569784832122,ok,
reverse,4,76e53f3,76e53f3e2676544993eac49b5694da526015a1f8,2026-07-30T16:50:31+08:00,perf(torch): ~5.7x faster pipeline via cascade collapse + FFT sizing,accuracy,numpy,matlab_reference,artifacts,1,gain_error,4.672845805187009e-06,ok,
reverse,4,76e53f3,76e53f3e2676544993eac49b5694da526015a1f8,2026-07-30T16:50:31+08:00,perf(torch): ~5.7x faster pipeline via cascade collapse + FFT sizing,accuracy,torch,matlab_reference,true_target,0,correlation,0.999999956092141,ok,
reverse,4,76e53f3,76e53f3e2676544993eac49b5694da526015a1f8,2026-07-30T16:50:31+08:00,perf(torch): ~5.7x faster pipeline via cascade collapse + FFT sizing,accuracy,torch,matlab_reference,true_target,0,rms_ratio,1.002570728645426,ok,
reverse,4,76e53f3,76e53f3e2676544993eac49b5694da526015a1f8,2026-07-30T16:50:31+08:00,perf(torch): ~5.7x faster pipeline via cascade collapse + FFT sizing,accuracy,torch,matlab_reference,true_target,0,gain_error,5.6142443278783816e-06,ok,
reverse,4,76e53f3,76e53f3e2676544993eac49b5694da526015a1f8,2026-07-30T16:50:31+08:00,perf(torch): ~5.7x faster pipeline via cascade collapse + FFT sizing,accuracy,torch,matlab_reference,true_target,1,correlation,0.9999999564044313,ok,
reverse,4,76e53f3,76e53f3e2676544993eac49b5694da526015a1f8,2026-07-30T16:50:31+08:00,perf(torch): ~5.7x faster pipeline via cascade collapse + FFT sizing,accuracy,torch,matlab_reference,true_target,1,rms_ratio,1.0025691026873387,ok,
reverse,4,76e53f3,76e53f3e2676544993eac49b5694da526015a1f8,2026-07-30T16:50:31+08:00,perf(torch): ~5.7x faster pipeline via cascade collapse + FFT sizing,accuracy,torch,matlab_reference,true_target,1,gain_error,3.992446314660114e-06,ok,
reverse,4,76e53f3,76e53f3e2676544993eac49b5694da526015a1f8,2026-07-30T16:50:31+08:00,perf(torch): ~5.7x faster pipeline via cascade collapse + FFT sizing,accuracy,torch,matlab_reference,target_distortion,0,correlation,0.9999997507444949,ok,
reverse,4,76e53f3,76e53f3e2676544993eac49b5694da526015a1f8,2026-07-30T16:50:31+08:00,perf(torch): ~5.7x faster pipeline via cascade collapse + FFT sizing,accuracy,torch,matlab_reference,target_distortion,0,rms_ratio,1.0025659768759452,ok,
reverse,4,76e53f3,76e53f3e2676544993eac49b5694da526015a1f8,2026-07-30T16:50:31+08:00,perf(torch): ~5.7x faster pipeline via cascade collapse + FFT sizing,accuracy,torch,matlab_reference,target_distortion,0,gain_error,8.746324255959337e-07,ok,
reverse,4,76e53f3,76e53f3e2676544993eac49b5694da526015a1f8,2026-07-30T16:50:31+08:00,perf(torch): ~5.7x faster pipeline via cascade collapse + FFT sizing,accuracy,torch,matlab_reference,target_distortion,1,correlation,0.9999997557603421,ok,
reverse,4,76e53f3,76e53f3e2676544993eac49b5694da526015a1f8,2026-07-30T16:50:31+08:00,perf(torch): ~5.7x faster pipeline via cascade collapse + FFT sizing,accuracy,torch,matlab_reference,target_distortion,1,rms_ratio,1.0025659894607133,ok,
reverse,4,76e53f3,76e53f3e2676544993eac49b5694da526015a1f8,2026-07-30T16:50:31+08:00,perf(torch): ~5.7x faster pipeline via cascade collapse + FFT sizing,accuracy,torch,matlab_reference,target_distortion,1,gain_error,8.871849950242705e-07,ok,
reverse,4,76e53f3,76e53f3e2676544993eac49b5694da526015a1f8,2026-07-30T16:50:31+08:00,perf(torch): ~5.7x faster pipeline via cascade collapse + FFT sizing,accuracy,torch,matlab_reference,interference,0,correlation,0.9999999299880415,ok,
reverse,4,76e53f3,76e53f3e2676544993eac49b5694da526015a1f8,2026-07-30T16:50:31+08:00,perf(torch): ~5.7x faster pipeline via cascade collapse + FFT sizing,accuracy,torch,matlab_reference,interference,0,rms_ratio,1.0025715794313843,ok,
reverse,4,76e53f3,76e53f3e2676544993eac49b5694da526015a1f8,2026-07-30T16:50:31+08:00,perf(torch): ~5.7x faster pipeline via cascade collapse + FFT sizing,accuracy,torch,matlab_reference,interference,0,gain_error,6.462853518796052e-06,ok,
reverse,4,76e53f3,76e53f3e2676544993eac49b5694da526015a1f8,2026-07-30T16:50:31+08:00,perf(torch): ~5.7x faster pipeline via cascade collapse + FFT sizing,accuracy,torch,matlab_reference,interference,1,correlation,0.9999999259776337,ok,
reverse,4,76e53f3,76e53f3e2676544993eac49b5694da526015a1f8,2026-07-30T16:50:31+08:00,perf(torch): ~5.7x faster pipeline via cascade collapse + FFT sizing,accuracy,torch,matlab_reference,interference,1,rms_ratio,1.0025719619102051,ok,
reverse,4,76e53f3,76e53f3e2676544993eac49b5694da526015a1f8,2026-07-30T16:50:31+08:00,perf(torch): ~5.7x faster pipeline via cascade collapse + FFT sizing,accuracy,torch,matlab_reference,interference,1,gain_error,6.844353753310273e-06,ok,
reverse,4,76e53f3,76e53f3e2676544993eac49b5694da526015a1f8,2026-07-30T16:50:31+08:00,perf(torch): ~5.7x faster pipeline via cascade collapse + FFT sizing,accuracy,torch,matlab_reference,artifacts,0,correlation,0.9999966857319511,ok,
reverse,4,76e53f3,76e53f3e2676544993eac49b5694da526015a1f8,2026-07-30T16:50:31+08:00,perf(torch): ~5.7x faster pipeline via cascade collapse + FFT sizing,accuracy,torch,matlab_reference,artifacts,0,rms_ratio,1.0025610930454043,ok,
reverse,4,76e53f3,76e53f3e2676544993eac49b5694da526015a1f8,2026-07-30T16:50:31+08:00,perf(torch): ~5.7x faster pipeline via cascade collapse + FFT sizing,accuracy,torch,matlab_reference,artifacts,0,gain_error,-3.9967026537190975e-06,ok,
reverse,4,76e53f3,76e53f3e2676544993eac49b5694da526015a1f8,2026-07-30T16:50:31+08:00,perf(torch): ~5.7x faster pipeline via cascade collapse + FFT sizing,accuracy,torch,matlab_reference,artifacts,1,correlation,0.9999967238572119,ok,
reverse,4,76e53f3,76e53f3e2676544993eac49b5694da526015a1f8,2026-07-30T16:50:31+08:00,perf(torch): ~5.7x faster pipeline via cascade collapse + FFT sizing,accuracy,torch,matlab_reference,artifacts,1,rms_ratio,1.0025699462589854,ok,
reverse,4,76e53f3,76e53f3e2676544993eac49b5694da526015a1f8,2026-07-30T16:50:31+08:00,perf(torch): ~5.7x faster pipeline via cascade collapse + FFT sizing,accuracy,torch,matlab_reference,artifacts,1,gain_error,4.83385965210914e-06,ok,
reverse,4,76e53f3,76e53f3e2676544993eac49b5694da526015a1f8,2026-07-30T16:50:31+08:00,perf(torch): ~5.7x faster pipeline via cascade collapse + FFT sizing,score,numpy,matlab_reference,,,overall_perceptual_score,17.665376880093117,ok,
reverse,4,76e53f3,76e53f3e2676544993eac49b5694da526015a1f8,2026-07-30T16:50:31+08:00,perf(torch): ~5.7x faster pipeline via cascade collapse + FFT sizing,score,numpy,matlab_reference,,,target_perceptual_score,60.99146887592377,ok,
reverse,4,76e53f3,76e53f3e2676544993eac49b5694da526015a1f8,2026-07-30T16:50:31+08:00,perf(torch): ~5.7x faster pipeline via cascade collapse + FFT sizing,score,numpy,matlab_reference,,,interference_perceptual_score,20.484287948749348,ok,
reverse,4,76e53f3,76e53f3e2676544993eac49b5694da526015a1f8,2026-07-30T16:50:31+08:00,perf(torch): ~5.7x faster pipeline via cascade collapse + FFT sizing,score,numpy,matlab_reference,,,artifact_perceptual_score,76.30171874493138,ok,
reverse,4,76e53f3,76e53f3e2676544993eac49b5694da526015a1f8,2026-07-30T16:50:31+08:00,perf(torch): ~5.7x faster pipeline via cascade collapse + FFT sizing,score,numpy,matlab_reference,,,source_to_distortion_ratio,0.9106302673363782,ok,
reverse,4,76e53f3,76e53f3e2676544993eac49b5694da526015a1f8,2026-07-30T16:50:31+08:00,perf(torch): ~5.7x faster pipeline via cascade collapse + FFT sizing,score,numpy,matlab_reference,,,source_to_spatial_distortion_ratio,7.51841165640978,ok,
reverse,4,76e53f3,76e53f3e2676544993eac49b5694da526015a1f8,2026-07-30T16:50:31+08:00,perf(torch): ~5.7x faster pipeline via cascade collapse + FFT sizing,score,numpy,matlab_reference,,,source_to_interference_ratio,-0.3706679842034427,ok,
reverse,4,76e53f3,76e53f3e2676544993eac49b5694da526015a1f8,2026-07-30T16:50:31+08:00,perf(torch): ~5.7x faster pipeline via cascade collapse + FFT sizing,score,numpy,matlab_reference,,,source_to_artifacts_ratio,19.359280882749953,ok,
reverse,4,76e53f3,76e53f3e2676544993eac49b5694da526015a1f8,2026-07-30T16:50:31+08:00,perf(torch): ~5.7x faster pipeline via cascade collapse + FFT sizing,score,torch,matlab_reference,,,overall_perceptual_score,17.665492572763107,ok,
reverse,4,76e53f3,76e53f3e2676544993eac49b5694da526015a1f8,2026-07-30T16:50:31+08:00,perf(torch): ~5.7x faster pipeline via cascade collapse + FFT sizing,score,torch,matlab_reference,,,target_perceptual_score,60.991499504666095,ok,
reverse,4,76e53f3,76e53f3e2676544993eac49b5694da526015a1f8,2026-07-30T16:50:31+08:00,perf(torch): ~5.7x faster pipeline via cascade collapse + FFT sizing,score,torch,matlab_reference,,,interference_perceptual_score,20.484651911938556,ok,
reverse,4,76e53f3,76e53f3e2676544993eac49b5694da526015a1f8,2026-07-30T16:50:31+08:00,perf(torch): ~5.7x faster pipeline via cascade collapse + FFT sizing,score,torch,matlab_reference,,,artifact_perceptual_score,76.30171406839345,ok,
reverse,4,76e53f3,76e53f3e2676544993eac49b5694da526015a1f8,2026-07-30T16:50:31+08:00,perf(torch): ~5.7x faster pipeline via cascade collapse + FFT sizing,score,torch,matlab_reference,,,source_to_distortion_ratio,0.9106286385648354,ok,
reverse,4,76e53f3,76e53f3e2676544993eac49b5694da526015a1f8,2026-07-30T16:50:31+08:00,perf(torch): ~5.7x faster pipeline via cascade collapse + FFT sizing,score,torch,matlab_reference,,,source_to_spatial_distortion_ratio,7.5184075916519335,ok,
reverse,4,76e53f3,76e53f3e2676544993eac49b5694da526015a1f8,2026-07-30T16:50:31+08:00,perf(torch): ~5.7x faster pipeline via cascade collapse + FFT sizing,score,torch,matlab_reference,,,source_to_interference_ratio,-0.3706720031999874,ok,
reverse,4,76e53f3,76e53f3e2676544993eac49b5694da526015a1f8,2026-07-30T16:50:31+08:00,perf(torch): ~5.7x faster pipeline via cascade collapse + FFT sizing,score,torch,matlab_reference,,,source_to_artifacts_ratio,19.359281474135553,ok,
reverse,4,76e53f3,76e53f3e2676544993eac49b5694da526015a1f8,2026-07-30T16:50:31+08:00,perf(torch): ~5.7x faster pipeline via cascade collapse + FFT sizing,timing,numpy,mono,,,median_seconds,3.105846700258553,ok,
reverse,4,76e53f3,76e53f3e2676544993eac49b5694da526015a1f8,2026-07-30T16:50:31+08:00,perf(torch): ~5.7x faster pipeline via cascade collapse + FFT sizing,timing,numpy,mono,,,min_seconds,3.0124944001436234,ok,
reverse,4,76e53f3,76e53f3e2676544993eac49b5694da526015a1f8,2026-07-30T16:50:31+08:00,perf(torch): ~5.7x faster pipeline via cascade collapse + FFT sizing,timing,numpy,mono,,,audio_seconds,5.0,ok,
reverse,4,76e53f3,76e53f3e2676544993eac49b5694da526015a1f8,2026-07-30T16:50:31+08:00,perf(torch): ~5.7x faster pipeline via cascade collapse + FFT sizing,timing,numpy,mono,,,seconds_per_audio_second,0.6211693400517107,ok,
reverse,4,76e53f3,76e53f3e2676544993eac49b5694da526015a1f8,2026-07-30T16:50:31+08:00,perf(torch): ~5.7x faster pipeline via cascade collapse + FFT sizing,timing,numpy,mono,,,realtime_factor,1.6098669646456678,ok,
reverse,4,76e53f3,76e53f3e2676544993eac49b5694da526015a1f8,2026-07-30T16:50:31+08:00,perf(torch): ~5.7x faster pipeline via cascade collapse + FFT sizing,timing,numpy,mono,,,spread_pct,4.487785927042187,ok,
reverse,4,76e53f3,76e53f3e2676544993eac49b5694da526015a1f8,2026-07-30T16:50:31+08:00,perf(torch): ~5.7x faster pipeline via cascade collapse + FFT sizing,timing,numpy,stereo,,,median_seconds,5.801928100176156,ok,
reverse,4,76e53f3,76e53f3e2676544993eac49b5694da526015a1f8,2026-07-30T16:50:31+08:00,perf(torch): ~5.7x faster pipeline via cascade collapse + FFT sizing,timing,numpy,stereo,,,min_seconds,5.5758071998134255,ok,
reverse,4,76e53f3,76e53f3e2676544993eac49b5694da526015a1f8,2026-07-30T16:50:31+08:00,perf(torch): ~5.7x faster pipeline via cascade collapse + FFT sizing,timing,numpy,stereo,,,audio_seconds,5.0,ok,
reverse,4,76e53f3,76e53f3e2676544993eac49b5694da526015a1f8,2026-07-30T16:50:31+08:00,perf(torch): ~5.7x faster pipeline via cascade collapse + FFT sizing,timing,numpy,stereo,,,seconds_per_audio_second,1.1603856200352312,ok,
reverse,4,76e53f3,76e53f3e2676544993eac49b5694da526015a1f8,2026-07-30T16:50:31+08:00,perf(torch): ~5.7x faster pipeline via cascade collapse + FFT sizing,timing,numpy,stereo,,,realtime_factor,0.8617824822489945,ok,
reverse,4,76e53f3,76e53f3e2676544993eac49b5694da526015a1f8,2026-07-30T16:50:31+08:00,perf(torch): ~5.7x faster pipeline via cascade collapse + FFT sizing,timing,numpy,stereo,,,spread_pct,8.513701840530736,ok,
reverse,4,76e53f3,76e53f3e2676544993eac49b5694da526015a1f8,2026-07-30T16:50:31+08:00,perf(torch): ~5.7x faster pipeline via cascade collapse + FFT sizing,timing,torch,mono,,,median_seconds,2.893206300213933,ok,
reverse,4,76e53f3,76e53f3e2676544993eac49b5694da526015a1f8,2026-07-30T16:50:31+08:00,perf(torch): ~5.7x faster pipeline via cascade collapse + FFT sizing,timing,torch,mono,,,min_seconds,2.885753500275314,ok,
reverse,4,76e53f3,76e53f3e2676544993eac49b5694da526015a1f8,2026-07-30T16:50:31+08:00,perf(torch): ~5.7x faster pipeline via cascade collapse + FFT sizing,timing,torch,mono,,,audio_seconds,5.0,ok,
reverse,4,76e53f3,76e53f3e2676544993eac49b5694da526015a1f8,2026-07-30T16:50:31+08:00,perf(torch): ~5.7x faster pipeline via cascade collapse + FFT sizing,timing,torch,mono,,,seconds_per_audio_second,0.5786412600427866,ok,
reverse,4,76e53f3,76e53f3e2676544993eac49b5694da526015a1f8,2026-07-30T16:50:31+08:00,perf(torch): ~5.7x faster pipeline via cascade collapse + FFT sizing,timing,torch,mono,,,realtime_factor,1.7281864758936423,ok,
reverse,4,76e53f3,76e53f3e2676544993eac49b5694da526015a1f8,2026-07-30T16:50:31+08:00,perf(torch): ~5.7x faster pipeline via cascade collapse + FFT sizing,timing,torch,mono,,,spread_pct,2.3780721298314074,ok,
reverse,4,76e53f3,76e53f3e2676544993eac49b5694da526015a1f8,2026-07-30T16:50:31+08:00,perf(torch): ~5.7x faster pipeline via cascade collapse + FFT sizing,timing,torch,stereo,,,median_seconds,7.487989999819547,ok,
reverse,4,76e53f3,76e53f3e2676544993eac49b5694da526015a1f8,2026-07-30T16:50:31+08:00,perf(torch): ~5.7x faster pipeline via cascade collapse + FFT sizing,timing,torch,stereo,,,min_seconds,7.107726200018078,ok,
reverse,4,76e53f3,76e53f3e2676544993eac49b5694da526015a1f8,2026-07-30T16:50:31+08:00,perf(torch): ~5.7x faster pipeline via cascade collapse + FFT sizing,timing,torch,stereo,,,audio_seconds,5.0,ok,
reverse,4,76e53f3,76e53f3e2676544993eac49b5694da526015a1f8,2026-07-30T16:50:31+08:00,perf(torch): ~5.7x faster pipeline via cascade collapse + FFT sizing,timing,torch,stereo,,,seconds_per_audio_second,1.4975979999639093,ok,
reverse,4,76e53f3,76e53f3e2676544993eac49b5694da526015a1f8,2026-07-30T16:50:31+08:00,perf(torch): ~5.7x faster pipeline via cascade collapse + FFT sizing,timing,torch,stereo,,,realtime_factor,0.6677359344925,ok,
reverse,4,76e53f3,76e53f3e2676544993eac49b5694da526015a1f8,2026-07-30T16:50:31+08:00,perf(torch): ~5.7x faster pipeline via cascade collapse + FFT sizing,timing,torch,stereo,,,spread_pct,8.473685998290833,ok,
reverse,5,26c94a4,26c94a46bebd33c5d84115711bb1796d54932933,2026-08-04T17:54:40+08:00,"fix: stop dispatch importing torch, guard the OpenMP clash in tests",meta,,,,,measured,1,ok,
reverse,5,26c94a4,26c94a46bebd33c5d84115711bb1796d54932933,2026-08-04T17:54:40+08:00,"fix: stop dispatch importing torch, guard the OpenMP clash in tests",accuracy,numpy,matlab_reference,true_target,0,correlation,0.999999956097814,ok,
reverse,5,26c94a4,26c94a46bebd33c5d84115711bb1796d54932933,2026-08-04T17:54:40+08:00,"fix: stop dispatch importing torch, guard the OpenMP clash in tests",accuracy,numpy,matlab_reference,true_target,0,rms_ratio,1.0025706231995062,ok,
reverse,5,26c94a4,26c94a46bebd33c5d84115711bb1796d54932933,2026-08-04T17:54:40+08:00,"fix: stop dispatch importing torch, guard the OpenMP clash in tests",accuracy,numpy,matlab_reference,true_target,0,gain_error,5.5090681954084175e-06,ok,
reverse,5,26c94a4,26c94a46bebd33c5d84115711bb1796d54932933,2026-08-04T17:54:40+08:00,"fix: stop dispatch importing torch, guard the OpenMP clash in tests",accuracy,numpy,matlab_reference,true_target,1,correlation,0.9999999564111273,ok,
reverse,5,26c94a4,26c94a46bebd33c5d84115711bb1796d54932933,2026-08-04T17:54:40+08:00,"fix: stop dispatch importing torch, guard the OpenMP clash in tests",accuracy,numpy,matlab_reference,true_target,1,rms_ratio,1.0025690082425327,ok,
reverse,5,26c94a4,26c94a46bebd33c5d84115711bb1796d54932933,2026-08-04T17:54:40+08:00,"fix: stop dispatch importing torch, guard the OpenMP clash in tests",accuracy,numpy,matlab_reference,true_target,1,gain_error,3.8982431491696445e-06,ok,
reverse,5,26c94a4,26c94a46bebd33c5d84115711bb1796d54932933,2026-08-04T17:54:40+08:00,"fix: stop dispatch importing torch, guard the OpenMP clash in tests",accuracy,numpy,matlab_reference,target_distortion,0,correlation,0.9999997508189183,ok,
reverse,5,26c94a4,26c94a46bebd33c5d84115711bb1796d54932933,2026-08-04T17:54:40+08:00,"fix: stop dispatch importing torch, guard the OpenMP clash in tests",accuracy,numpy,matlab_reference,target_distortion,0,rms_ratio,1.0025652937671887,ok,
reverse,5,26c94a4,26c94a46bebd33c5d84115711bb1796d54932933,2026-08-04T17:54:40+08:00,"fix: stop dispatch importing torch, guard the OpenMP clash in tests",accuracy,numpy,matlab_reference,target_distortion,0,gain_error,1.9327142819491883e-07,ok,
reverse,5,26c94a4,26c94a46bebd33c5d84115711bb1796d54932933,2026-08-04T17:54:40+08:00,"fix: stop dispatch importing torch, guard the OpenMP clash in tests",accuracy,numpy,matlab_reference,target_distortion,1,correlation,0.9999997557984993,ok,
reverse,5,26c94a4,26c94a46bebd33c5d84115711bb1796d54932933,2026-08-04T17:54:40+08:00,"fix: stop dispatch importing torch, guard the OpenMP clash in tests",accuracy,numpy,matlab_reference,target_distortion,1,rms_ratio,1.0025655321421652,ok,
reverse,5,26c94a4,26c94a46bebd33c5d84115711bb1796d54932933,2026-08-04T17:54:40+08:00,"fix: stop dispatch importing torch, guard the OpenMP clash in tests",accuracy,numpy,matlab_reference,target_distortion,1,gain_error,4.310365133708416e-07,ok,
reverse,5,26c94a4,26c94a46bebd33c5d84115711bb1796d54932933,2026-08-04T17:54:40+08:00,"fix: stop dispatch importing torch, guard the OpenMP clash in tests",accuracy,numpy,matlab_reference,interference,0,correlation,0.9999999300181494,ok,
reverse,5,26c94a4,26c94a46bebd33c5d84115711bb1796d54932933,2026-08-04T17:54:40+08:00,"fix: stop dispatch importing torch, guard the OpenMP clash in tests",accuracy,numpy,matlab_reference,interference,0,rms_ratio,1.0025711943736455,ok,
reverse,5,26c94a4,26c94a46bebd33c5d84115711bb1796d54932933,2026-08-04T17:54:40+08:00,"fix: stop dispatch importing torch, guard the OpenMP clash in tests",accuracy,numpy,matlab_reference,interference,0,gain_error,6.0787809643692015e-06,ok,
reverse,5,26c94a4,26c94a46bebd33c5d84115711bb1796d54932933,2026-08-04T17:54:40+08:00,"fix: stop dispatch importing torch, guard the OpenMP clash in tests",accuracy,numpy,matlab_reference,interference,1,correlation,0.9999999259976587,ok,
reverse,5,26c94a4,26c94a46bebd33c5d84115711bb1796d54932933,2026-08-04T17:54:40+08:00,"fix: stop dispatch importing torch, guard the OpenMP clash in tests",accuracy,numpy,matlab_reference,interference,1,rms_ratio,1.0025716420223452,ok,
reverse,5,26c94a4,26c94a46bebd33c5d84115711bb1796d54932933,2026-08-04T17:54:40+08:00,"fix: stop dispatch importing torch, guard the OpenMP clash in tests",accuracy,numpy,matlab_reference,interference,1,gain_error,6.5252843384211445e-06,ok,
reverse,5,26c94a4,26c94a46bebd33c5d84115711bb1796d54932933,2026-08-04T17:54:40+08:00,"fix: stop dispatch importing torch, guard the OpenMP clash in tests",accuracy,numpy,matlab_reference,artifacts,0,correlation,0.9999966862367461,ok,
reverse,5,26c94a4,26c94a46bebd33c5d84115711bb1796d54932933,2026-08-04T17:54:40+08:00,"fix: stop dispatch importing torch, guard the OpenMP clash in tests",accuracy,numpy,matlab_reference,artifacts,0,rms_ratio,1.0025609267669842,ok,
reverse,5,26c94a4,26c94a46bebd33c5d84115711bb1796d54932933,2026-08-04T17:54:40+08:00,"fix: stop dispatch importing torch, guard the OpenMP clash in tests",accuracy,numpy,matlab_reference,artifacts,0,gain_error,-4.162555644393606e-06,ok,
reverse,5,26c94a4,26c94a46bebd33c5d84115711bb1796d54932933,2026-08-04T17:54:40+08:00,"fix: stop dispatch importing torch, guard the OpenMP clash in tests",accuracy,numpy,matlab_reference,artifacts,1,correlation,0.9999967242504266,ok,
reverse,5,26c94a4,26c94a46bebd33c5d84115711bb1796d54932933,2026-08-04T17:54:40+08:00,"fix: stop dispatch importing torch, guard the OpenMP clash in tests",accuracy,numpy,matlab_reference,artifacts,1,rms_ratio,1.002569784832122,ok,
reverse,5,26c94a4,26c94a46bebd33c5d84115711bb1796d54932933,2026-08-04T17:54:40+08:00,"fix: stop dispatch importing torch, guard the OpenMP clash in tests",accuracy,numpy,matlab_reference,artifacts,1,gain_error,4.672845805187009e-06,ok,
reverse,5,26c94a4,26c94a46bebd33c5d84115711bb1796d54932933,2026-08-04T17:54:40+08:00,"fix: stop dispatch importing torch, guard the OpenMP clash in tests",accuracy,torch,matlab_reference,true_target,0,correlation,0.999999956092141,ok,
reverse,5,26c94a4,26c94a46bebd33c5d84115711bb1796d54932933,2026-08-04T17:54:40+08:00,"fix: stop dispatch importing torch, guard the OpenMP clash in tests",accuracy,torch,matlab_reference,true_target,0,rms_ratio,1.002570728645426,ok,
reverse,5,26c94a4,26c94a46bebd33c5d84115711bb1796d54932933,2026-08-04T17:54:40+08:00,"fix: stop dispatch importing torch, guard the OpenMP clash in tests",accuracy,torch,matlab_reference,true_target,0,gain_error,5.6142443278783816e-06,ok,
reverse,5,26c94a4,26c94a46bebd33c5d84115711bb1796d54932933,2026-08-04T17:54:40+08:00,"fix: stop dispatch importing torch, guard the OpenMP clash in tests",accuracy,torch,matlab_reference,true_target,1,correlation,0.9999999564044313,ok,
reverse,5,26c94a4,26c94a46bebd33c5d84115711bb1796d54932933,2026-08-04T17:54:40+08:00,"fix: stop dispatch importing torch, guard the OpenMP clash in tests",accuracy,torch,matlab_reference,true_target,1,rms_ratio,1.0025691026873387,ok,
reverse,5,26c94a4,26c94a46bebd33c5d84115711bb1796d54932933,2026-08-04T17:54:40+08:00,"fix: stop dispatch importing torch, guard the OpenMP clash in tests",accuracy,torch,matlab_reference,true_target,1,gain_error,3.992446314660114e-06,ok,
reverse,5,26c94a4,26c94a46bebd33c5d84115711bb1796d54932933,2026-08-04T17:54:40+08:00,"fix: stop dispatch importing torch, guard the OpenMP clash in tests",accuracy,torch,matlab_reference,target_distortion,0,correlation,0.9999997507444949,ok,
reverse,5,26c94a4,26c94a46bebd33c5d84115711bb1796d54932933,2026-08-04T17:54:40+08:00,"fix: stop dispatch importing torch, guard the OpenMP clash in tests",accuracy,torch,matlab_reference,target_distortion,0,rms_ratio,1.0025659768759452,ok,
reverse,5,26c94a4,26c94a46bebd33c5d84115711bb1796d54932933,2026-08-04T17:54:40+08:00,"fix: stop dispatch importing torch, guard the OpenMP clash in tests",accuracy,torch,matlab_reference,target_distortion,0,gain_error,8.746324255959337e-07,ok,
reverse,5,26c94a4,26c94a46bebd33c5d84115711bb1796d54932933,2026-08-04T17:54:40+08:00,"fix: stop dispatch importing torch, guard the OpenMP clash in tests",accuracy,torch,matlab_reference,target_distortion,1,correlation,0.9999997557603421,ok,
reverse,5,26c94a4,26c94a46bebd33c5d84115711bb1796d54932933,2026-08-04T17:54:40+08:00,"fix: stop dispatch importing torch, guard the OpenMP clash in tests",accuracy,torch,matlab_reference,target_distortion,1,rms_ratio,1.0025659894607133,ok,
reverse,5,26c94a4,26c94a46bebd33c5d84115711bb1796d54932933,2026-08-04T17:54:40+08:00,"fix: stop dispatch importing torch, guard the OpenMP clash in tests",accuracy,torch,matlab_reference,target_distortion,1,gain_error,8.871849950242705e-07,ok,
reverse,5,26c94a4,26c94a46bebd33c5d84115711bb1796d54932933,2026-08-04T17:54:40+08:00,"fix: stop dispatch importing torch, guard the OpenMP clash in tests",accuracy,torch,matlab_reference,interference,0,correlation,0.9999999299880415,ok,
reverse,5,26c94a4,26c94a46bebd33c5d84115711bb1796d54932933,2026-08-04T17:54:40+08:00,"fix: stop dispatch importing torch, guard the OpenMP clash in tests",accuracy,torch,matlab_reference,interference,0,rms_ratio,1.0025715794313843,ok,
reverse,5,26c94a4,26c94a46bebd33c5d84115711bb1796d54932933,2026-08-04T17:54:40+08:00,"fix: stop dispatch importing torch, guard the OpenMP clash in tests",accuracy,torch,matlab_reference,interference,0,gain_error,6.462853518796052e-06,ok,
reverse,5,26c94a4,26c94a46bebd33c5d84115711bb1796d54932933,2026-08-04T17:54:40+08:00,"fix: stop dispatch importing torch, guard the OpenMP clash in tests",accuracy,torch,matlab_reference,interference,1,correlation,0.9999999259776337,ok,
reverse,5,26c94a4,26c94a46bebd33c5d84115711bb1796d54932933,2026-08-04T17:54:40+08:00,"fix: stop dispatch importing torch, guard the OpenMP clash in tests",accuracy,torch,matlab_reference,interference,1,rms_ratio,1.0025719619102051,ok,
reverse,5,26c94a4,26c94a46bebd33c5d84115711bb1796d54932933,2026-08-04T17:54:40+08:00,"fix: stop dispatch importing torch, guard the OpenMP clash in tests",accuracy,torch,matlab_reference,interference,1,gain_error,6.844353753310273e-06,ok,
reverse,5,26c94a4,26c94a46bebd33c5d84115711bb1796d54932933,2026-08-04T17:54:40+08:00,"fix: stop dispatch importing torch, guard the OpenMP clash in tests",accuracy,torch,matlab_reference,artifacts,0,correlation,0.9999966857319511,ok,
reverse,5,26c94a4,26c94a46bebd33c5d84115711bb1796d54932933,2026-08-04T17:54:40+08:00,"fix: stop dispatch importing torch, guard the OpenMP clash in tests",accuracy,torch,matlab_reference,artifacts,0,rms_ratio,1.0025610930454043,ok,
reverse,5,26c94a4,26c94a46bebd33c5d84115711bb1796d54932933,2026-08-04T17:54:40+08:00,"fix: stop dispatch importing torch, guard the OpenMP clash in tests",accuracy,torch,matlab_reference,artifacts,0,gain_error,-3.9967026537190975e-06,ok,
reverse,5,26c94a4,26c94a46bebd33c5d84115711bb1796d54932933,2026-08-04T17:54:40+08:00,"fix: stop dispatch importing torch, guard the OpenMP clash in tests",accuracy,torch,matlab_reference,artifacts,1,correlation,0.9999967238572119,ok,
reverse,5,26c94a4,26c94a46bebd33c5d84115711bb1796d54932933,2026-08-04T17:54:40+08:00,"fix: stop dispatch importing torch, guard the OpenMP clash in tests",accuracy,torch,matlab_reference,artifacts,1,rms_ratio,1.0025699462589854,ok,
reverse,5,26c94a4,26c94a46bebd33c5d84115711bb1796d54932933,2026-08-04T17:54:40+08:00,"fix: stop dispatch importing torch, guard the OpenMP clash in tests",accuracy,torch,matlab_reference,artifacts,1,gain_error,4.83385965210914e-06,ok,
reverse,5,26c94a4,26c94a46bebd33c5d84115711bb1796d54932933,2026-08-04T17:54:40+08:00,"fix: stop dispatch importing torch, guard the OpenMP clash in tests",score,numpy,matlab_reference,,,overall_perceptual_score,17.665376880093117,ok,
reverse,5,26c94a4,26c94a46bebd33c5d84115711bb1796d54932933,2026-08-04T17:54:40+08:00,"fix: stop dispatch importing torch, guard the OpenMP clash in tests",score,numpy,matlab_reference,,,target_perceptual_score,60.99146887592377,ok,
reverse,5,26c94a4,26c94a46bebd33c5d84115711bb1796d54932933,2026-08-04T17:54:40+08:00,"fix: stop dispatch importing torch, guard the OpenMP clash in tests",score,numpy,matlab_reference,,,interference_perceptual_score,20.484287948749348,ok,
reverse,5,26c94a4,26c94a46bebd33c5d84115711bb1796d54932933,2026-08-04T17:54:40+08:00,"fix: stop dispatch importing torch, guard the OpenMP clash in tests",score,numpy,matlab_reference,,,artifact_perceptual_score,76.30171874493138,ok,
reverse,5,26c94a4,26c94a46bebd33c5d84115711bb1796d54932933,2026-08-04T17:54:40+08:00,"fix: stop dispatch importing torch, guard the OpenMP clash in tests",score,numpy,matlab_reference,,,source_to_distortion_ratio,0.9106302673363782,ok,
reverse,5,26c94a4,26c94a46bebd33c5d84115711bb1796d54932933,2026-08-04T17:54:40+08:00,"fix: stop dispatch importing torch, guard the OpenMP clash in tests",score,numpy,matlab_reference,,,source_to_spatial_distortion_ratio,7.51841165640978,ok,
reverse,5,26c94a4,26c94a46bebd33c5d84115711bb1796d54932933,2026-08-04T17:54:40+08:00,"fix: stop dispatch importing torch, guard the OpenMP clash in tests",score,numpy,matlab_reference,,,source_to_interference_ratio,-0.3706679842034427,ok,
reverse,5,26c94a4,26c94a46bebd33c5d84115711bb1796d54932933,2026-08-04T17:54:40+08:00,"fix: stop dispatch importing torch, guard the OpenMP clash in tests",score,numpy,matlab_reference,,,source_to_artifacts_ratio,19.359280882749953,ok,
reverse,5,26c94a4,26c94a46bebd33c5d84115711bb1796d54932933,2026-08-04T17:54:40+08:00,"fix: stop dispatch importing torch, guard the OpenMP clash in tests",score,torch,matlab_reference,,,overall_perceptual_score,17.665492572763107,ok,
reverse,5,26c94a4,26c94a46bebd33c5d84115711bb1796d54932933,2026-08-04T17:54:40+08:00,"fix: stop dispatch importing torch, guard the OpenMP clash in tests",score,torch,matlab_reference,,,target_perceptual_score,60.991499504666095,ok,
reverse,5,26c94a4,26c94a46bebd33c5d84115711bb1796d54932933,2026-08-04T17:54:40+08:00,"fix: stop dispatch importing torch, guard the OpenMP clash in tests",score,torch,matlab_reference,,,interference_perceptual_score,20.484651911938556,ok,
reverse,5,26c94a4,26c94a46bebd33c5d84115711bb1796d54932933,2026-08-04T17:54:40+08:00,"fix: stop dispatch importing torch, guard the OpenMP clash in tests",score,torch,matlab_reference,,,artifact_perceptual_score,76.30171406839345,ok,
reverse,5,26c94a4,26c94a46bebd33c5d84115711bb1796d54932933,2026-08-04T17:54:40+08:00,"fix: stop dispatch importing torch, guard the OpenMP clash in tests",score,torch,matlab_reference,,,source_to_distortion_ratio,0.9106286385648354,ok,
reverse,5,26c94a4,26c94a46bebd33c5d84115711bb1796d54932933,2026-08-04T17:54:40+08:00,"fix: stop dispatch importing torch, guard the OpenMP clash in tests",score,torch,matlab_reference,,,source_to_spatial_distortion_ratio,7.5184075916519335,ok,
reverse,5,26c94a4,26c94a46bebd33c5d84115711bb1796d54932933,2026-08-04T17:54:40+08:00,"fix: stop dispatch importing torch, guard the OpenMP clash in tests",score,torch,matlab_reference,,,source_to_interference_ratio,-0.3706720031999874,ok,
reverse,5,26c94a4,26c94a46bebd33c5d84115711bb1796d54932933,2026-08-04T17:54:40+08:00,"fix: stop dispatch importing torch, guard the OpenMP clash in tests",score,torch,matlab_reference,,,source_to_artifacts_ratio,19.359281474135553,ok,
reverse,5,26c94a4,26c94a46bebd33c5d84115711bb1796d54932933,2026-08-04T17:54:40+08:00,"fix: stop dispatch importing torch, guard the OpenMP clash in tests",timing,numpy,mono,,,median_seconds,3.1380199999548495,ok,
reverse,5,26c94a4,26c94a46bebd33c5d84115711bb1796d54932933,2026-08-04T17:54:40+08:00,"fix: stop dispatch importing torch, guard the OpenMP clash in tests",timing,numpy,mono,,,min_seconds,3.020190100185573,ok,
reverse,5,26c94a4,26c94a46bebd33c5d84115711bb1796d54932933,2026-08-04T17:54:40+08:00,"fix: stop dispatch importing torch, guard the OpenMP clash in tests",timing,numpy,mono,,,audio_seconds,5.0,ok,
reverse,5,26c94a4,26c94a46bebd33c5d84115711bb1796d54932933,2026-08-04T17:54:40+08:00,"fix: stop dispatch importing torch, guard the OpenMP clash in tests",timing,numpy,mono,,,seconds_per_audio_second,0.6276039999909699,ok,
reverse,5,26c94a4,26c94a46bebd33c5d84115711bb1796d54932933,2026-08-04T17:54:40+08:00,"fix: stop dispatch importing torch, guard the OpenMP clash in tests",timing,numpy,mono,,,realtime_factor,1.593361419006871,ok,
reverse,5,26c94a4,26c94a46bebd33c5d84115711bb1796d54932933,2026-08-04T17:54:40+08:00,"fix: stop dispatch importing torch, guard the OpenMP clash in tests",timing,numpy,mono,,,spread_pct,8.187103843994969,ok,
reverse,5,26c94a4,26c94a46bebd33c5d84115711bb1796d54932933,2026-08-04T17:54:40+08:00,"fix: stop dispatch importing torch, guard the OpenMP clash in tests",timing,numpy,stereo,,,median_seconds,5.665903499815613,ok,
reverse,5,26c94a4,26c94a46bebd33c5d84115711bb1796d54932933,2026-08-04T17:54:40+08:00,"fix: stop dispatch importing torch, guard the OpenMP clash in tests",timing,numpy,stereo,,,min_seconds,5.605814500246197,ok,
reverse,5,26c94a4,26c94a46bebd33c5d84115711bb1796d54932933,2026-08-04T17:54:40+08:00,"fix: stop dispatch importing torch, guard the OpenMP clash in tests",timing,numpy,stereo,,,audio_seconds,5.0,ok,
reverse,5,26c94a4,26c94a46bebd33c5d84115711bb1796d54932933,2026-08-04T17:54:40+08:00,"fix: stop dispatch importing torch, guard the OpenMP clash in tests",timing,numpy,stereo,,,seconds_per_audio_second,1.1331806999631227,ok,
reverse,5,26c94a4,26c94a46bebd33c5d84115711bb1796d54932933,2026-08-04T17:54:40+08:00,"fix: stop dispatch importing torch, guard the OpenMP clash in tests",timing,numpy,stereo,,,realtime_factor,0.8824717893911741,ok,
reverse,5,26c94a4,26c94a46bebd33c5d84115711bb1796d54932933,2026-08-04T17:54:40+08:00,"fix: stop dispatch importing torch, guard the OpenMP clash in tests",timing,numpy,stereo,,,spread_pct,2.262172603663417,ok,
reverse,5,26c94a4,26c94a46bebd33c5d84115711bb1796d54932933,2026-08-04T17:54:40+08:00,"fix: stop dispatch importing torch, guard the OpenMP clash in tests",timing,torch,mono,,,median_seconds,2.914437400177121,ok,
reverse,5,26c94a4,26c94a46bebd33c5d84115711bb1796d54932933,2026-08-04T17:54:40+08:00,"fix: stop dispatch importing torch, guard the OpenMP clash in tests",timing,torch,mono,,,min_seconds,2.808656200300902,ok,
reverse,5,26c94a4,26c94a46bebd33c5d84115711bb1796d54932933,2026-08-04T17:54:40+08:00,"fix: stop dispatch importing torch, guard the OpenMP clash in tests",timing,torch,mono,,,audio_seconds,5.0,ok,
reverse,5,26c94a4,26c94a46bebd33c5d84115711bb1796d54932933,2026-08-04T17:54:40+08:00,"fix: stop dispatch importing torch, guard the OpenMP clash in tests",timing,torch,mono,,,seconds_per_audio_second,0.5828874800354242,ok,
reverse,5,26c94a4,26c94a46bebd33c5d84115711bb1796d54932933,2026-08-04T17:54:40+08:00,"fix: stop dispatch importing torch, guard the OpenMP clash in tests",timing,torch,mono,,,realtime_factor,1.7155969792647223,ok,
reverse,5,26c94a4,26c94a46bebd33c5d84115711bb1796d54932933,2026-08-04T17:54:40+08:00,"fix: stop dispatch importing torch, guard the OpenMP clash in tests",timing,torch,mono,,,spread_pct,5.605808915839986,ok,
reverse,5,26c94a4,26c94a46bebd33c5d84115711bb1796d54932933,2026-08-04T17:54:40+08:00,"fix: stop dispatch importing torch, guard the OpenMP clash in tests",timing,torch,stereo,,,median_seconds,7.384602299891412,ok,
reverse,5,26c94a4,26c94a46bebd33c5d84115711bb1796d54932933,2026-08-04T17:54:40+08:00,"fix: stop dispatch importing torch, guard the OpenMP clash in tests",timing,torch,stereo,,,min_seconds,7.213815100025386,ok,
reverse,5,26c94a4,26c94a46bebd33c5d84115711bb1796d54932933,2026-08-04T17:54:40+08:00,"fix: stop dispatch importing torch, guard the OpenMP clash in tests",timing,torch,stereo,,,audio_seconds,5.0,ok,
reverse,5,26c94a4,26c94a46bebd33c5d84115711bb1796d54932933,2026-08-04T17:54:40+08:00,"fix: stop dispatch importing torch, guard the OpenMP clash in tests",timing,torch,stereo,,,seconds_per_audio_second,1.4769204599782824,ok,
reverse,5,26c94a4,26c94a46bebd33c5d84115711bb1796d54932933,2026-08-04T17:54:40+08:00,"fix: stop dispatch importing torch, guard the OpenMP clash in tests",timing,torch,stereo,,,realtime_factor,0.6770845330524465,ok,
reverse,5,26c94a4,26c94a46bebd33c5d84115711bb1796d54932933,2026-08-04T17:54:40+08:00,"fix: stop dispatch importing torch, guard the OpenMP clash in tests",timing,torch,stereo,,,spread_pct,6.144627968329361,ok,
reverse,6,4ab223a,4ab223a9451a8a6980189fcaaa25044c3c3d1dc0,2026-08-05T12:20:30+08:00,fix: MATLAB-parity ERB form and shade window; lock the resampler gain offset,meta,,,,,measured,1,ok,
reverse,6,4ab223a,4ab223a9451a8a6980189fcaaa25044c3c3d1dc0,2026-08-05T12:20:30+08:00,fix: MATLAB-parity ERB form and shade window; lock the resampler gain offset,accuracy,numpy,matlab_reference,true_target,0,correlation,0.9999999561961297,ok,
reverse,6,4ab223a,4ab223a9451a8a6980189fcaaa25044c3c3d1dc0,2026-08-05T12:20:30+08:00,fix: MATLAB-parity ERB form and shade window; lock the resampler gain offset,accuracy,numpy,matlab_reference,true_target,0,rms_ratio,1.0025656261838365,ok,
reverse,6,4ab223a,4ab223a9451a8a6980189fcaaa25044c3c3d1dc0,2026-08-05T12:20:30+08:00,fix: MATLAB-parity ERB form and shade window; lock the resampler gain offset,accuracy,numpy,matlab_reference,true_target,0,gain_error,5.248375756217172e-07,ok,
reverse,6,4ab223a,4ab223a9451a8a6980189fcaaa25044c3c3d1dc0,2026-08-05T12:20:30+08:00,fix: MATLAB-parity ERB form and shade window; lock the resampler gain offset,accuracy,numpy,matlab_reference,true_target,1,correlation,0.9999999564923208,ok,
reverse,6,4ab223a,4ab223a9451a8a6980189fcaaa25044c3c3d1dc0,2026-08-05T12:20:30+08:00,fix: MATLAB-parity ERB form and shade window; lock the resampler gain offset,accuracy,numpy,matlab_reference,true_target,1,rms_ratio,1.0025642097271241,ok,
reverse,6,4ab223a,4ab223a9451a8a6980189fcaaa25044c3c3d1dc0,2026-08-05T12:20:30+08:00,fix: MATLAB-parity ERB form and shade window; lock the resampler gain offset,accuracy,numpy,matlab_reference,true_target,1,gain_error,-8.879950796902847e-07,ok,
reverse,6,4ab223a,4ab223a9451a8a6980189fcaaa25044c3c3d1dc0,2026-08-05T12:20:30+08:00,fix: MATLAB-parity ERB form and shade window; lock the resampler gain offset,accuracy,numpy,matlab_reference,target_distortion,0,correlation,0.9999997518159536,ok,
reverse,6,4ab223a,4ab223a9451a8a6980189fcaaa25044c3c3d1dc0,2026-08-05T12:20:30+08:00,fix: MATLAB-parity ERB form and shade window; lock the resampler gain offset,accuracy,numpy,matlab_reference,target_distortion,0,rms_ratio,1.0025638121205547,ok,
reverse,6,4ab223a,4ab223a9451a8a6980189fcaaa25044c3c3d1dc0,2026-08-05T12:20:30+08:00,fix: MATLAB-parity ERB form and shade window; lock the resampler gain offset,accuracy,numpy,matlab_reference,target_distortion,0,gain_error,-1.2845843579967209e-06,ok,
reverse,6,4ab223a,4ab223a9451a8a6980189fcaaa25044c3c3d1dc0,2026-08-05T12:20:30+08:00,fix: MATLAB-parity ERB form and shade window; lock the resampler gain offset,accuracy,numpy,matlab_reference,target_distortion,1,correlation,0.9999997569262896,ok,
reverse,6,4ab223a,4ab223a9451a8a6980189fcaaa25044c3c3d1dc0,2026-08-05T12:20:30+08:00,fix: MATLAB-parity ERB form and shade window; lock the resampler gain offset,accuracy,numpy,matlab_reference,target_distortion,1,rms_ratio,1.0025641088580592,ok,
reverse,6,4ab223a,4ab223a9451a8a6980189fcaaa25044c3c3d1dc0,2026-08-05T12:20:30+08:00,fix: MATLAB-parity ERB form and shade window; lock the resampler gain offset,accuracy,numpy,matlab_reference,target_distortion,1,gain_error,-9.886060673425234e-07,ok,
reverse,6,4ab223a,4ab223a9451a8a6980189fcaaa25044c3c3d1dc0,2026-08-05T12:20:30+08:00,fix: MATLAB-parity ERB form and shade window; lock the resampler gain offset,accuracy,numpy,matlab_reference,interference,0,correlation,0.9999999303721785,ok,
reverse,6,4ab223a,4ab223a9451a8a6980189fcaaa25044c3c3d1dc0,2026-08-05T12:20:30+08:00,fix: MATLAB-parity ERB form and shade window; lock the resampler gain offset,accuracy,numpy,matlab_reference,interference,0,rms_ratio,1.0025655710266075,ok,
reverse,6,4ab223a,4ab223a9451a8a6980189fcaaa25044c3c3d1dc0,2026-08-05T12:20:30+08:00,fix: MATLAB-parity ERB form and shade window; lock the resampler gain offset,accuracy,numpy,matlab_reference,interference,0,gain_error,4.698214683962476e-07,ok,
reverse,6,4ab223a,4ab223a9451a8a6980189fcaaa25044c3c3d1dc0,2026-08-05T12:20:30+08:00,fix: MATLAB-parity ERB form and shade window; lock the resampler gain offset,accuracy,numpy,matlab_reference,interference,1,correlation,0.9999999264069921,ok,
reverse,6,4ab223a,4ab223a9451a8a6980189fcaaa25044c3c3d1dc0,2026-08-05T12:20:30+08:00,fix: MATLAB-parity ERB form and shade window; lock the resampler gain offset,accuracy,numpy,matlab_reference,interference,1,rms_ratio,1.002565425814013,ok,
reverse,6,4ab223a,4ab223a9451a8a6980189fcaaa25044c3c3d1dc0,2026-08-05T12:20:30+08:00,fix: MATLAB-parity ERB form and shade window; lock the resampler gain offset,accuracy,numpy,matlab_reference,interference,1,gain_error,3.249804059191064e-07,ok,
reverse,6,4ab223a,4ab223a9451a8a6980189fcaaa25044c3c3d1dc0,2026-08-05T12:20:30+08:00,fix: MATLAB-parity ERB form and shade window; lock the resampler gain offset,accuracy,numpy,matlab_reference,artifacts,0,correlation,0.9999966892925429,ok,
reverse,6,4ab223a,4ab223a9451a8a6980189fcaaa25044c3c3d1dc0,2026-08-05T12:20:30+08:00,fix: MATLAB-parity ERB form and shade window; lock the resampler gain offset,accuracy,numpy,matlab_reference,artifacts,0,rms_ratio,1.0025533527322847,ok,
reverse,6,4ab223a,4ab223a9451a8a6980189fcaaa25044c3c3d1dc0,2026-08-05T12:20:30+08:00,fix: MATLAB-parity ERB form and shade window; lock the resampler gain offset,accuracy,numpy,matlab_reference,artifacts,0,gain_error,-1.1717211894968216e-05,ok,
reverse,6,4ab223a,4ab223a9451a8a6980189fcaaa25044c3c3d1dc0,2026-08-05T12:20:30+08:00,fix: MATLAB-parity ERB form and shade window; lock the resampler gain offset,accuracy,numpy,matlab_reference,artifacts,1,correlation,0.9999967267532084,ok,
reverse,6,4ab223a,4ab223a9451a8a6980189fcaaa25044c3c3d1dc0,2026-08-05T12:20:30+08:00,fix: MATLAB-parity ERB form and shade window; lock the resampler gain offset,accuracy,numpy,matlab_reference,artifacts,1,rms_ratio,1.002562156768173,ok,
reverse,6,4ab223a,4ab223a9451a8a6980189fcaaa25044c3c3d1dc0,2026-08-05T12:20:30+08:00,fix: MATLAB-parity ERB form and shade window; lock the resampler gain offset,accuracy,numpy,matlab_reference,artifacts,1,gain_error,-2.9357014591502306e-06,ok,
reverse,6,4ab223a,4ab223a9451a8a6980189fcaaa25044c3c3d1dc0,2026-08-05T12:20:30+08:00,fix: MATLAB-parity ERB form and shade window; lock the resampler gain offset,accuracy,torch,matlab_reference,true_target,0,correlation,0.9999999561885166,ok,
reverse,6,4ab223a,4ab223a9451a8a6980189fcaaa25044c3c3d1dc0,2026-08-05T12:20:30+08:00,fix: MATLAB-parity ERB form and shade window; lock the resampler gain offset,accuracy,torch,matlab_reference,true_target,0,rms_ratio,1.0025657316271908,ok,
reverse,6,4ab223a,4ab223a9451a8a6980189fcaaa25044c3c3d1dc0,2026-08-05T12:20:30+08:00,fix: MATLAB-parity ERB form and shade window; lock the resampler gain offset,accuracy,torch,matlab_reference,true_target,0,gain_error,6.300111492496541e-07,ok,
reverse,6,4ab223a,4ab223a9451a8a6980189fcaaa25044c3c3d1dc0,2026-08-05T12:20:30+08:00,fix: MATLAB-parity ERB form and shade window; lock the resampler gain offset,accuracy,torch,matlab_reference,true_target,1,correlation,0.9999999564837455,ok,
reverse,6,4ab223a,4ab223a9451a8a6980189fcaaa25044c3c3d1dc0,2026-08-05T12:20:30+08:00,fix: MATLAB-parity ERB form and shade window; lock the resampler gain offset,accuracy,torch,matlab_reference,true_target,1,rms_ratio,1.002564304169246,ok,
reverse,6,4ab223a,4ab223a9451a8a6980189fcaaa25044c3c3d1dc0,2026-08-05T12:20:30+08:00,fix: MATLAB-parity ERB form and shade window; lock the resampler gain offset,accuracy,torch,matlab_reference,true_target,1,gain_error,-7.93794591502639e-07,ok,
reverse,6,4ab223a,4ab223a9451a8a6980189fcaaa25044c3c3d1dc0,2026-08-05T12:20:30+08:00,fix: MATLAB-parity ERB form and shade window; lock the resampler gain offset,accuracy,torch,matlab_reference,target_distortion,0,correlation,0.999999751720283,ok,
reverse,6,4ab223a,4ab223a9451a8a6980189fcaaa25044c3c3d1dc0,2026-08-05T12:20:30+08:00,fix: MATLAB-parity ERB form and shade window; lock the resampler gain offset,accuracy,torch,matlab_reference,target_distortion,0,rms_ratio,1.0025644952899782,ok,
reverse,6,4ab223a,4ab223a9451a8a6980189fcaaa25044c3c3d1dc0,2026-08-05T12:20:30+08:00,fix: MATLAB-parity ERB form and shade window; lock the resampler gain offset,accuracy,torch,matlab_reference,target_distortion,0,gain_error,-6.031628487779273e-07,ok,
reverse,6,4ab223a,4ab223a9451a8a6980189fcaaa25044c3c3d1dc0,2026-08-05T12:20:30+08:00,fix: MATLAB-parity ERB form and shade window; lock the resampler gain offset,accuracy,torch,matlab_reference,target_distortion,1,correlation,0.9999997568730778,ok,
reverse,6,4ab223a,4ab223a9451a8a6980189fcaaa25044c3c3d1dc0,2026-08-05T12:20:30+08:00,fix: MATLAB-parity ERB form and shade window; lock the resampler gain offset,accuracy,torch,matlab_reference,target_distortion,1,rms_ratio,1.0025645659618696,ok,
reverse,6,4ab223a,4ab223a9451a8a6980189fcaaa25044c3c3d1dc0,2026-08-05T12:20:30+08:00,fix: MATLAB-parity ERB form and shade window; lock the resampler gain offset,accuracy,torch,matlab_reference,target_distortion,1,gain_error,-5.326717740228304e-07,ok,
reverse,6,4ab223a,4ab223a9451a8a6980189fcaaa25044c3c3d1dc0,2026-08-05T12:20:30+08:00,fix: MATLAB-parity ERB form and shade window; lock the resampler gain offset,accuracy,torch,matlab_reference,interference,0,correlation,0.9999999303372875,ok,
reverse,6,4ab223a,4ab223a9451a8a6980189fcaaa25044c3c3d1dc0,2026-08-05T12:20:30+08:00,fix: MATLAB-parity ERB form and shade window; lock the resampler gain offset,accuracy,torch,matlab_reference,interference,0,rms_ratio,1.0025659561314209,ok,
reverse,6,4ab223a,4ab223a9451a8a6980189fcaaa25044c3c3d1dc0,2026-08-05T12:20:30+08:00,fix: MATLAB-parity ERB form and shade window; lock the resampler gain offset,accuracy,torch,matlab_reference,interference,0,gain_error,8.539409768193451e-07,ok,
reverse,6,4ab223a,4ab223a9451a8a6980189fcaaa25044c3c3d1dc0,2026-08-05T12:20:30+08:00,fix: MATLAB-parity ERB form and shade window; lock the resampler gain offset,accuracy,torch,matlab_reference,interference,1,correlation,0.9999999263836234,ok,
reverse,6,4ab223a,4ab223a9451a8a6980189fcaaa25044c3c3d1dc0,2026-08-05T12:20:30+08:00,fix: MATLAB-parity ERB form and shade window; lock the resampler gain offset,accuracy,torch,matlab_reference,interference,1,rms_ratio,1.0025657457290271,ok,
reverse,6,4ab223a,4ab223a9451a8a6980189fcaaa25044c3c3d1dc0,2026-08-05T12:20:30+08:00,fix: MATLAB-parity ERB form and shade window; lock the resampler gain offset,accuracy,torch,matlab_reference,interference,1,gain_error,6.440769053650541e-07,ok,
reverse,6,4ab223a,4ab223a9451a8a6980189fcaaa25044c3c3d1dc0,2026-08-05T12:20:30+08:00,fix: MATLAB-parity ERB form and shade window; lock the resampler gain offset,accuracy,torch,matlab_reference,artifacts,0,correlation,0.9999966888306028,ok,
reverse,6,4ab223a,4ab223a9451a8a6980189fcaaa25044c3c3d1dc0,2026-08-05T12:20:30+08:00,fix: MATLAB-parity ERB form and shade window; lock the resampler gain offset,accuracy,torch,matlab_reference,artifacts,0,rms_ratio,1.0025535192947945,ok,
reverse,6,4ab223a,4ab223a9451a8a6980189fcaaa25044c3c3d1dc0,2026-08-05T12:20:30+08:00,fix: MATLAB-parity ERB form and shade window; lock the resampler gain offset,accuracy,torch,matlab_reference,artifacts,0,gain_error,-1.1551075541627043e-05,ok,
reverse,6,4ab223a,4ab223a9451a8a6980189fcaaa25044c3c3d1dc0,2026-08-05T12:20:30+08:00,fix: MATLAB-parity ERB form and shade window; lock the resampler gain offset,accuracy,torch,matlab_reference,artifacts,1,correlation,0.9999967264080857,ok,
reverse,6,4ab223a,4ab223a9451a8a6980189fcaaa25044c3c3d1dc0,2026-08-05T12:20:30+08:00,fix: MATLAB-parity ERB form and shade window; lock the resampler gain offset,accuracy,torch,matlab_reference,artifacts,1,rms_ratio,1.0025623183794214,ok,
reverse,6,4ab223a,4ab223a9451a8a6980189fcaaa25044c3c3d1dc0,2026-08-05T12:20:30+08:00,fix: MATLAB-parity ERB form and shade window; lock the resampler gain offset,accuracy,torch,matlab_reference,artifacts,1,gain_error,-2.7745036991211336e-06,ok,
reverse,6,4ab223a,4ab223a9451a8a6980189fcaaa25044c3c3d1dc0,2026-08-05T12:20:30+08:00,fix: MATLAB-parity ERB form and shade window; lock the resampler gain offset,score,numpy,matlab_reference,,,overall_perceptual_score,17.66562065805139,ok,
reverse,6,4ab223a,4ab223a9451a8a6980189fcaaa25044c3c3d1dc0,2026-08-05T12:20:30+08:00,fix: MATLAB-parity ERB form and shade window; lock the resampler gain offset,score,numpy,matlab_reference,,,target_perceptual_score,60.99054480411449,ok,
reverse,6,4ab223a,4ab223a9451a8a6980189fcaaa25044c3c3d1dc0,2026-08-05T12:20:30+08:00,fix: MATLAB-parity ERB form and shade window; lock the resampler gain offset,score,numpy,matlab_reference,,,interference_perceptual_score,20.484111933216646,ok,
reverse,6,4ab223a,4ab223a9451a8a6980189fcaaa25044c3c3d1dc0,2026-08-05T12:20:30+08:00,fix: MATLAB-parity ERB form and shade window; lock the resampler gain offset,score,numpy,matlab_reference,,,artifact_perceptual_score,76.30119318633754,ok,
reverse,6,4ab223a,4ab223a9451a8a6980189fcaaa25044c3c3d1dc0,2026-08-05T12:20:30+08:00,fix: MATLAB-parity ERB form and shade window; lock the resampler gain offset,score,numpy,matlab_reference,,,source_to_distortion_ratio,0.9106313299035762,ok,
reverse,6,4ab223a,4ab223a9451a8a6980189fcaaa25044c3c3d1dc0,2026-08-05T12:20:30+08:00,fix: MATLAB-parity ERB form and shade window; lock the resampler gain offset,score,numpy,matlab_reference,,,source_to_spatial_distortion_ratio,7.518381807701671,ok,
reverse,6,4ab223a,4ab223a9451a8a6980189fcaaa25044c3c3d1dc0,2026-08-05T12:20:30+08:00,fix: MATLAB-parity ERB form and shade window; lock the resampler gain offset,score,numpy,matlab_reference,,,source_to_interference_ratio,-0.3706651105782787,ok,
reverse,6,4ab223a,4ab223a9451a8a6980189fcaaa25044c3c3d1dc0,2026-08-05T12:20:30+08:00,fix: MATLAB-parity ERB form and shade window; lock the resampler gain offset,score,numpy,matlab_reference,,,source_to_artifacts_ratio,19.35929547650323,ok,
reverse,6,4ab223a,4ab223a9451a8a6980189fcaaa25044c3c3d1dc0,2026-08-05T12:20:30+08:00,fix: MATLAB-parity ERB form and shade window; lock the resampler gain offset,score,torch,matlab_reference,,,overall_perceptual_score,17.665736255883115,ok,
reverse,6,4ab223a,4ab223a9451a8a6980189fcaaa25044c3c3d1dc0,2026-08-05T12:20:30+08:00,fix: MATLAB-parity ERB form and shade window; lock the resampler gain offset,score,torch,matlab_reference,,,target_perceptual_score,60.990576815218624,ok,
reverse,6,4ab223a,4ab223a9451a8a6980189fcaaa25044c3c3d1dc0,2026-08-05T12:20:30+08:00,fix: MATLAB-parity ERB form and shade window; lock the resampler gain offset,score,torch,matlab_reference,,,interference_perceptual_score,20.484476216858663,ok,
reverse,6,4ab223a,4ab223a9451a8a6980189fcaaa25044c3c3d1dc0,2026-08-05T12:20:30+08:00,fix: MATLAB-parity ERB form and shade window; lock the resampler gain offset,score,torch,matlab_reference,,,artifact_perceptual_score,76.3011889966341,ok,
reverse,6,4ab223a,4ab223a9451a8a6980189fcaaa25044c3c3d1dc0,2026-08-05T12:20:30+08:00,fix: MATLAB-parity ERB form and shade window; lock the resampler gain offset,score,torch,matlab_reference,,,source_to_distortion_ratio,0.9106297010223495,ok,
reverse,6,4ab223a,4ab223a9451a8a6980189fcaaa25044c3c3d1dc0,2026-08-05T12:20:30+08:00,fix: MATLAB-parity ERB form and shade window; lock the resampler gain offset,score,torch,matlab_reference,,,source_to_spatial_distortion_ratio,7.518377743597347,ok,
reverse,6,4ab223a,4ab223a9451a8a6980189fcaaa25044c3c3d1dc0,2026-08-05T12:20:30+08:00,fix: MATLAB-parity ERB form and shade window; lock the resampler gain offset,score,torch,matlab_reference,,,source_to_interference_ratio,-0.3706691304458897,ok,
reverse,6,4ab223a,4ab223a9451a8a6980189fcaaa25044c3c3d1dc0,2026-08-05T12:20:30+08:00,fix: MATLAB-parity ERB form and shade window; lock the resampler gain offset,score,torch,matlab_reference,,,source_to_artifacts_ratio,19.35929606632414,ok,
reverse,6,4ab223a,4ab223a9451a8a6980189fcaaa25044c3c3d1dc0,2026-08-05T12:20:30+08:00,fix: MATLAB-parity ERB form and shade window; lock the resampler gain offset,timing,numpy,mono,,,median_seconds,3.1807368001900613,ok,
reverse,6,4ab223a,4ab223a9451a8a6980189fcaaa25044c3c3d1dc0,2026-08-05T12:20:30+08:00,fix: MATLAB-parity ERB form and shade window; lock the resampler gain offset,timing,numpy,mono,,,min_seconds,3.042671199887991,ok,
reverse,6,4ab223a,4ab223a9451a8a6980189fcaaa25044c3c3d1dc0,2026-08-05T12:20:30+08:00,fix: MATLAB-parity ERB form and shade window; lock the resampler gain offset,timing,numpy,mono,,,audio_seconds,5.0,ok,
reverse,6,4ab223a,4ab223a9451a8a6980189fcaaa25044c3c3d1dc0,2026-08-05T12:20:30+08:00,fix: MATLAB-parity ERB form and shade window; lock the resampler gain offset,timing,numpy,mono,,,seconds_per_audio_second,0.6361473600380123,ok,
reverse,6,4ab223a,4ab223a9451a8a6980189fcaaa25044c3c3d1dc0,2026-08-05T12:20:30+08:00,fix: MATLAB-parity ERB form and shade window; lock the resampler gain offset,timing,numpy,mono,,,realtime_factor,1.5719628231110574,ok,
reverse,6,4ab223a,4ab223a9451a8a6980189fcaaa25044c3c3d1dc0,2026-08-05T12:20:30+08:00,fix: MATLAB-parity ERB form and shade window; lock the resampler gain offset,timing,numpy,mono,,,spread_pct,8.001873485409586,ok,
reverse,6,4ab223a,4ab223a9451a8a6980189fcaaa25044c3c3d1dc0,2026-08-05T12:20:30+08:00,fix: MATLAB-parity ERB form and shade window; lock the resampler gain offset,timing,numpy,stereo,,,median_seconds,5.798057500272989,ok,
reverse,6,4ab223a,4ab223a9451a8a6980189fcaaa25044c3c3d1dc0,2026-08-05T12:20:30+08:00,fix: MATLAB-parity ERB form and shade window; lock the resampler gain offset,timing,numpy,stereo,,,min_seconds,5.696537900250405,ok,
reverse,6,4ab223a,4ab223a9451a8a6980189fcaaa25044c3c3d1dc0,2026-08-05T12:20:30+08:00,fix: MATLAB-parity ERB form and shade window; lock the resampler gain offset,timing,numpy,stereo,,,audio_seconds,5.0,ok,
reverse,6,4ab223a,4ab223a9451a8a6980189fcaaa25044c3c3d1dc0,2026-08-05T12:20:30+08:00,fix: MATLAB-parity ERB form and shade window; lock the resampler gain offset,timing,numpy,stereo,,,seconds_per_audio_second,1.159611500054598,ok,
reverse,6,4ab223a,4ab223a9451a8a6980189fcaaa25044c3c3d1dc0,2026-08-05T12:20:30+08:00,fix: MATLAB-parity ERB form and shade window; lock the resampler gain offset,timing,numpy,stereo,,,realtime_factor,0.862357780992097,ok,
reverse,6,4ab223a,4ab223a9451a8a6980189fcaaa25044c3c3d1dc0,2026-08-05T12:20:30+08:00,fix: MATLAB-parity ERB form and shade window; lock the resampler gain offset,timing,numpy,stereo,,,spread_pct,8.341849169015052,ok,
reverse,6,4ab223a,4ab223a9451a8a6980189fcaaa25044c3c3d1dc0,2026-08-05T12:20:30+08:00,fix: MATLAB-parity ERB form and shade window; lock the resampler gain offset,timing,torch,mono,,,median_seconds,2.9513338999822736,ok,
reverse,6,4ab223a,4ab223a9451a8a6980189fcaaa25044c3c3d1dc0,2026-08-05T12:20:30+08:00,fix: MATLAB-parity ERB form and shade window; lock the resampler gain offset,timing,torch,mono,,,min_seconds,2.866328500211239,ok,
reverse,6,4ab223a,4ab223a9451a8a6980189fcaaa25044c3c3d1dc0,2026-08-05T12:20:30+08:00,fix: MATLAB-parity ERB form and shade window; lock the resampler gain offset,timing,torch,mono,,,audio_seconds,5.0,ok,
reverse,6,4ab223a,4ab223a9451a8a6980189fcaaa25044c3c3d1dc0,2026-08-05T12:20:30+08:00,fix: MATLAB-parity ERB form and shade window; lock the resampler gain offset,timing,torch,mono,,,seconds_per_audio_second,0.5902667799964547,ok,
reverse,6,4ab223a,4ab223a9451a8a6980189fcaaa25044c3c3d1dc0,2026-08-05T12:20:30+08:00,fix: MATLAB-parity ERB form and shade window; lock the resampler gain offset,timing,torch,mono,,,realtime_factor,1.6941492116598638,ok,
reverse,6,4ab223a,4ab223a9451a8a6980189fcaaa25044c3c3d1dc0,2026-08-05T12:20:30+08:00,fix: MATLAB-parity ERB form and shade window; lock the resampler gain offset,timing,torch,mono,,,spread_pct,3.782427570597409,ok,
reverse,6,4ab223a,4ab223a9451a8a6980189fcaaa25044c3c3d1dc0,2026-08-05T12:20:30+08:00,fix: MATLAB-parity ERB form and shade window; lock the resampler gain offset,timing,torch,stereo,,,median_seconds,7.128222799859941,ok,
reverse,6,4ab223a,4ab223a9451a8a6980189fcaaa25044c3c3d1dc0,2026-08-05T12:20:30+08:00,fix: MATLAB-parity ERB form and shade window; lock the resampler gain offset,timing,torch,stereo,,,min_seconds,7.011859800200909,ok,
reverse,6,4ab223a,4ab223a9451a8a6980189fcaaa25044c3c3d1dc0,2026-08-05T12:20:30+08:00,fix: MATLAB-parity ERB form and shade window; lock the resampler gain offset,timing,torch,stereo,,,audio_seconds,5.0,ok,
reverse,6,4ab223a,4ab223a9451a8a6980189fcaaa25044c3c3d1dc0,2026-08-05T12:20:30+08:00,fix: MATLAB-parity ERB form and shade window; lock the resampler gain offset,timing,torch,stereo,,,seconds_per_audio_second,1.4256445599719882,ok,
reverse,6,4ab223a,4ab223a9451a8a6980189fcaaa25044c3c3d1dc0,2026-08-05T12:20:30+08:00,fix: MATLAB-parity ERB form and shade window; lock the resampler gain offset,timing,torch,stereo,,,realtime_factor,0.70143710997617,ok,
reverse,6,4ab223a,4ab223a9451a8a6980189fcaaa25044c3c3d1dc0,2026-08-05T12:20:30+08:00,fix: MATLAB-parity ERB form and shade window; lock the resampler gain offset,timing,torch,stereo,,,spread_pct,4.823389364211434,ok,
reverse,7,07ba346,07ba3465fe47b6f93fa48b380b207b603be121e4,2026-08-05T23:38:34+08:00,feat(config): reject segmentation_factor != 1 instead of ignoring it,meta,,,,,measured,1,ok,
reverse,7,07ba346,07ba3465fe47b6f93fa48b380b207b603be121e4,2026-08-05T23:38:34+08:00,feat(config): reject segmentation_factor != 1 instead of ignoring it,accuracy,numpy,matlab_reference,true_target,0,correlation,0.9999999561961297,ok,
reverse,7,07ba346,07ba3465fe47b6f93fa48b380b207b603be121e4,2026-08-05T23:38:34+08:00,feat(config): reject segmentation_factor != 1 instead of ignoring it,accuracy,numpy,matlab_reference,true_target,0,rms_ratio,1.0025656261838365,ok,
reverse,7,07ba346,07ba3465fe47b6f93fa48b380b207b603be121e4,2026-08-05T23:38:34+08:00,feat(config): reject segmentation_factor != 1 instead of ignoring it,accuracy,numpy,matlab_reference,true_target,0,gain_error,5.248375756217172e-07,ok,
reverse,7,07ba346,07ba3465fe47b6f93fa48b380b207b603be121e4,2026-08-05T23:38:34+08:00,feat(config): reject segmentation_factor != 1 instead of ignoring it,accuracy,numpy,matlab_reference,true_target,1,correlation,0.9999999564923208,ok,
reverse,7,07ba346,07ba3465fe47b6f93fa48b380b207b603be121e4,2026-08-05T23:38:34+08:00,feat(config): reject segmentation_factor != 1 instead of ignoring it,accuracy,numpy,matlab_reference,true_target,1,rms_ratio,1.0025642097271241,ok,
reverse,7,07ba346,07ba3465fe47b6f93fa48b380b207b603be121e4,2026-08-05T23:38:34+08:00,feat(config): reject segmentation_factor != 1 instead of ignoring it,accuracy,numpy,matlab_reference,true_target,1,gain_error,-8.879950796902847e-07,ok,
reverse,7,07ba346,07ba3465fe47b6f93fa48b380b207b603be121e4,2026-08-05T23:38:34+08:00,feat(config): reject segmentation_factor != 1 instead of ignoring it,accuracy,numpy,matlab_reference,target_distortion,0,correlation,0.9999997518159536,ok,
reverse,7,07ba346,07ba3465fe47b6f93fa48b380b207b603be121e4,2026-08-05T23:38:34+08:00,feat(config): reject segmentation_factor != 1 instead of ignoring it,accuracy,numpy,matlab_reference,target_distortion,0,rms_ratio,1.0025638121205547,ok,
reverse,7,07ba346,07ba3465fe47b6f93fa48b380b207b603be121e4,2026-08-05T23:38:34+08:00,feat(config): reject segmentation_factor != 1 instead of ignoring it,accuracy,numpy,matlab_reference,target_distortion,0,gain_error,-1.2845843579967209e-06,ok,
reverse,7,07ba346,07ba3465fe47b6f93fa48b380b207b603be121e4,2026-08-05T23:38:34+08:00,feat(config): reject segmentation_factor != 1 instead of ignoring it,accuracy,numpy,matlab_reference,target_distortion,1,correlation,0.9999997569262896,ok,
reverse,7,07ba346,07ba3465fe47b6f93fa48b380b207b603be121e4,2026-08-05T23:38:34+08:00,feat(config): reject segmentation_factor != 1 instead of ignoring it,accuracy,numpy,matlab_reference,target_distortion,1,rms_ratio,1.0025641088580592,ok,
reverse,7,07ba346,07ba3465fe47b6f93fa48b380b207b603be121e4,2026-08-05T23:38:34+08:00,feat(config): reject segmentation_factor != 1 instead of ignoring it,accuracy,numpy,matlab_reference,target_distortion,1,gain_error,-9.886060673425234e-07,ok,
reverse,7,07ba346,07ba3465fe47b6f93fa48b380b207b603be121e4,2026-08-05T23:38:34+08:00,feat(config): reject segmentation_factor != 1 instead of ignoring it,accuracy,numpy,matlab_reference,interference,0,correlation,0.9999999303721785,ok,
reverse,7,07ba346,07ba3465fe47b6f93fa48b380b207b603be121e4,2026-08-05T23:38:34+08:00,feat(config): reject segmentation_factor != 1 instead of ignoring it,accuracy,numpy,matlab_reference,interference,0,rms_ratio,1.0025655710266075,ok,
reverse,7,07ba346,07ba3465fe47b6f93fa48b380b207b603be121e4,2026-08-05T23:38:34+08:00,feat(config): reject segmentation_factor != 1 instead of ignoring it,accuracy,numpy,matlab_reference,interference,0,gain_error,4.698214683962476e-07,ok,
reverse,7,07ba346,07ba3465fe47b6f93fa48b380b207b603be121e4,2026-08-05T23:38:34+08:00,feat(config): reject segmentation_factor != 1 instead of ignoring it,accuracy,numpy,matlab_reference,interference,1,correlation,0.9999999264069921,ok,
reverse,7,07ba346,07ba3465fe47b6f93fa48b380b207b603be121e4,2026-08-05T23:38:34+08:00,feat(config): reject segmentation_factor != 1 instead of ignoring it,accuracy,numpy,matlab_reference,interference,1,rms_ratio,1.002565425814013,ok,
reverse,7,07ba346,07ba3465fe47b6f93fa48b380b207b603be121e4,2026-08-05T23:38:34+08:00,feat(config): reject segmentation_factor != 1 instead of ignoring it,accuracy,numpy,matlab_reference,interference,1,gain_error,3.249804059191064e-07,ok,
reverse,7,07ba346,07ba3465fe47b6f93fa48b380b207b603be121e4,2026-08-05T23:38:34+08:00,feat(config): reject segmentation_factor != 1 instead of ignoring it,accuracy,numpy,matlab_reference,artifacts,0,correlation,0.9999966892925429,ok,
reverse,7,07ba346,07ba3465fe47b6f93fa48b380b207b603be121e4,2026-08-05T23:38:34+08:00,feat(config): reject segmentation_factor != 1 instead of ignoring it,accuracy,numpy,matlab_reference,artifacts,0,rms_ratio,1.0025533527322847,ok,
reverse,7,07ba346,07ba3465fe47b6f93fa48b380b207b603be121e4,2026-08-05T23:38:34+08:00,feat(config): reject segmentation_factor != 1 instead of ignoring it,accuracy,numpy,matlab_reference,artifacts,0,gain_error,-1.1717211894968216e-05,ok,
reverse,7,07ba346,07ba3465fe47b6f93fa48b380b207b603be121e4,2026-08-05T23:38:34+08:00,feat(config): reject segmentation_factor != 1 instead of ignoring it,accuracy,numpy,matlab_reference,artifacts,1,correlation,0.9999967267532084,ok,
reverse,7,07ba346,07ba3465fe47b6f93fa48b380b207b603be121e4,2026-08-05T23:38:34+08:00,feat(config): reject segmentation_factor != 1 instead of ignoring it,accuracy,numpy,matlab_reference,artifacts,1,rms_ratio,1.002562156768173,ok,
reverse,7,07ba346,07ba3465fe47b6f93fa48b380b207b603be121e4,2026-08-05T23:38:34+08:00,feat(config): reject segmentation_factor != 1 instead of ignoring it,accuracy,numpy,matlab_reference,artifacts,1,gain_error,-2.9357014591502306e-06,ok,
reverse,7,07ba346,07ba3465fe47b6f93fa48b380b207b603be121e4,2026-08-05T23:38:34+08:00,feat(config): reject segmentation_factor != 1 instead of ignoring it,accuracy,torch,matlab_reference,true_target,0,correlation,0.9999999561885166,ok,
reverse,7,07ba346,07ba3465fe47b6f93fa48b380b207b603be121e4,2026-08-05T23:38:34+08:00,feat(config): reject segmentation_factor != 1 instead of ignoring it,accuracy,torch,matlab_reference,true_target,0,rms_ratio,1.0025657316271908,ok,
reverse,7,07ba346,07ba3465fe47b6f93fa48b380b207b603be121e4,2026-08-05T23:38:34+08:00,feat(config): reject segmentation_factor != 1 instead of ignoring it,accuracy,torch,matlab_reference,true_target,0,gain_error,6.300111492496541e-07,ok,
reverse,7,07ba346,07ba3465fe47b6f93fa48b380b207b603be121e4,2026-08-05T23:38:34+08:00,feat(config): reject segmentation_factor != 1 instead of ignoring it,accuracy,torch,matlab_reference,true_target,1,correlation,0.9999999564837455,ok,
reverse,7,07ba346,07ba3465fe47b6f93fa48b380b207b603be121e4,2026-08-05T23:38:34+08:00,feat(config): reject segmentation_factor != 1 instead of ignoring it,accuracy,torch,matlab_reference,true_target,1,rms_ratio,1.002564304169246,ok,
reverse,7,07ba346,07ba3465fe47b6f93fa48b380b207b603be121e4,2026-08-05T23:38:34+08:00,feat(config): reject segmentation_factor != 1 instead of ignoring it,accuracy,torch,matlab_reference,true_target,1,gain_error,-7.93794591502639e-07,ok,
reverse,7,07ba346,07ba3465fe47b6f93fa48b380b207b603be121e4,2026-08-05T23:38:34+08:00,feat(config): reject segmentation_factor != 1 instead of ignoring it,accuracy,torch,matlab_reference,target_distortion,0,correlation,0.999999751720283,ok,
reverse,7,07ba346,07ba3465fe47b6f93fa48b380b207b603be121e4,2026-08-05T23:38:34+08:00,feat(config): reject segmentation_factor != 1 instead of ignoring it,accuracy,torch,matlab_reference,target_distortion,0,rms_ratio,1.0025644952899782,ok,
reverse,7,07ba346,07ba3465fe47b6f93fa48b380b207b603be121e4,2026-08-05T23:38:34+08:00,feat(config): reject segmentation_factor != 1 instead of ignoring it,accuracy,torch,matlab_reference,target_distortion,0,gain_error,-6.031628487779273e-07,ok,
reverse,7,07ba346,07ba3465fe47b6f93fa48b380b207b603be121e4,2026-08-05T23:38:34+08:00,feat(config): reject segmentation_factor != 1 instead of ignoring it,accuracy,torch,matlab_reference,target_distortion,1,correlation,0.9999997568730778,ok,
reverse,7,07ba346,07ba3465fe47b6f93fa48b380b207b603be121e4,2026-08-05T23:38:34+08:00,feat(config): reject segmentation_factor != 1 instead of ignoring it,accuracy,torch,matlab_reference,target_distortion,1,rms_ratio,1.0025645659618696,ok,
reverse,7,07ba346,07ba3465fe47b6f93fa48b380b207b603be121e4,2026-08-05T23:38:34+08:00,feat(config): reject segmentation_factor != 1 instead of ignoring it,accuracy,torch,matlab_reference,target_distortion,1,gain_error,-5.326717740228304e-07,ok,
reverse,7,07ba346,07ba3465fe47b6f93fa48b380b207b603be121e4,2026-08-05T23:38:34+08:00,feat(config): reject segmentation_factor != 1 instead of ignoring it,accuracy,torch,matlab_reference,interference,0,correlation,0.9999999303372875,ok,
reverse,7,07ba346,07ba3465fe47b6f93fa48b380b207b603be121e4,2026-08-05T23:38:34+08:00,feat(config): reject segmentation_factor != 1 instead of ignoring it,accuracy,torch,matlab_reference,interference,0,rms_ratio,1.0025659561314209,ok,
reverse,7,07ba346,07ba3465fe47b6f93fa48b380b207b603be121e4,2026-08-05T23:38:34+08:00,feat(config): reject segmentation_factor != 1 instead of ignoring it,accuracy,torch,matlab_reference,interference,0,gain_error,8.539409768193451e-07,ok,
reverse,7,07ba346,07ba3465fe47b6f93fa48b380b207b603be121e4,2026-08-05T23:38:34+08:00,feat(config): reject segmentation_factor != 1 instead of ignoring it,accuracy,torch,matlab_reference,interference,1,correlation,0.9999999263836234,ok,
reverse,7,07ba346,07ba3465fe47b6f93fa48b380b207b603be121e4,2026-08-05T23:38:34+08:00,feat(config): reject segmentation_factor != 1 instead of ignoring it,accuracy,torch,matlab_reference,interference,1,rms_ratio,1.0025657457290271,ok,
reverse,7,07ba346,07ba3465fe47b6f93fa48b380b207b603be121e4,2026-08-05T23:38:34+08:00,feat(config): reject segmentation_factor != 1 instead of ignoring it,accuracy,torch,matlab_reference,interference,1,gain_error,6.440769053650541e-07,ok,
reverse,7,07ba346,07ba3465fe47b6f93fa48b380b207b603be121e4,2026-08-05T23:38:34+08:00,feat(config): reject segmentation_factor != 1 instead of ignoring it,accuracy,torch,matlab_reference,artifacts,0,correlation,0.9999966888306028,ok,
reverse,7,07ba346,07ba3465fe47b6f93fa48b380b207b603be121e4,2026-08-05T23:38:34+08:00,feat(config): reject segmentation_factor != 1 instead of ignoring it,accuracy,torch,matlab_reference,artifacts,0,rms_ratio,1.0025535192947945,ok,
reverse,7,07ba346,07ba3465fe47b6f93fa48b380b207b603be121e4,2026-08-05T23:38:34+08:00,feat(config): reject segmentation_factor != 1 instead of ignoring it,accuracy,torch,matlab_reference,artifacts,0,gain_error,-1.1551075541627043e-05,ok,
reverse,7,07ba346,07ba3465fe47b6f93fa48b380b207b603be121e4,2026-08-05T23:38:34+08:00,feat(config): reject segmentation_factor != 1 instead of ignoring it,accuracy,torch,matlab_reference,artifacts,1,correlation,0.9999967264080857,ok,
reverse,7,07ba346,07ba3465fe47b6f93fa48b380b207b603be121e4,2026-08-05T23:38:34+08:00,feat(config): reject segmentation_factor != 1 instead of ignoring it,accuracy,torch,matlab_reference,artifacts,1,rms_ratio,1.0025623183794214,ok,
reverse,7,07ba346,07ba3465fe47b6f93fa48b380b207b603be121e4,2026-08-05T23:38:34+08:00,feat(config): reject segmentation_factor != 1 instead of ignoring it,accuracy,torch,matlab_reference,artifacts,1,gain_error,-2.7745036991211336e-06,ok,
reverse,7,07ba346,07ba3465fe47b6f93fa48b380b207b603be121e4,2026-08-05T23:38:34+08:00,feat(config): reject segmentation_factor != 1 instead of ignoring it,score,numpy,matlab_reference,,,overall_perceptual_score,17.66562065805139,ok,
reverse,7,07ba346,07ba3465fe47b6f93fa48b380b207b603be121e4,2026-08-05T23:38:34+08:00,feat(config): reject segmentation_factor != 1 instead of ignoring it,score,numpy,matlab_reference,,,target_perceptual_score,60.99054480411449,ok,
reverse,7,07ba346,07ba3465fe47b6f93fa48b380b207b603be121e4,2026-08-05T23:38:34+08:00,feat(config): reject segmentation_factor != 1 instead of ignoring it,score,numpy,matlab_reference,,,interference_perceptual_score,20.484111933216646,ok,
reverse,7,07ba346,07ba3465fe47b6f93fa48b380b207b603be121e4,2026-08-05T23:38:34+08:00,feat(config): reject segmentation_factor != 1 instead of ignoring it,score,numpy,matlab_reference,,,artifact_perceptual_score,76.30119318633754,ok,
reverse,7,07ba346,07ba3465fe47b6f93fa48b380b207b603be121e4,2026-08-05T23:38:34+08:00,feat(config): reject segmentation_factor != 1 instead of ignoring it,score,numpy,matlab_reference,,,source_to_distortion_ratio,0.9106313299035762,ok,
reverse,7,07ba346,07ba3465fe47b6f93fa48b380b207b603be121e4,2026-08-05T23:38:34+08:00,feat(config): reject segmentation_factor != 1 instead of ignoring it,score,numpy,matlab_reference,,,source_to_spatial_distortion_ratio,7.518381807701671,ok,
reverse,7,07ba346,07ba3465fe47b6f93fa48b380b207b603be121e4,2026-08-05T23:38:34+08:00,feat(config): reject segmentation_factor != 1 instead of ignoring it,score,numpy,matlab_reference,,,source_to_interference_ratio,-0.3706651105782787,ok,
reverse,7,07ba346,07ba3465fe47b6f93fa48b380b207b603be121e4,2026-08-05T23:38:34+08:00,feat(config): reject segmentation_factor != 1 instead of ignoring it,score,numpy,matlab_reference,,,source_to_artifacts_ratio,19.35929547650323,ok,
reverse,7,07ba346,07ba3465fe47b6f93fa48b380b207b603be121e4,2026-08-05T23:38:34+08:00,feat(config): reject segmentation_factor != 1 instead of ignoring it,score,torch,matlab_reference,,,overall_perceptual_score,17.665736255883115,ok,
reverse,7,07ba346,07ba3465fe47b6f93fa48b380b207b603be121e4,2026-08-05T23:38:34+08:00,feat(config): reject segmentation_factor != 1 instead of ignoring it,score,torch,matlab_reference,,,target_perceptual_score,60.990576815218624,ok,
reverse,7,07ba346,07ba3465fe47b6f93fa48b380b207b603be121e4,2026-08-05T23:38:34+08:00,feat(config): reject segmentation_factor != 1 instead of ignoring it,score,torch,matlab_reference,,,interference_perceptual_score,20.484476216858663,ok,
reverse,7,07ba346,07ba3465fe47b6f93fa48b380b207b603be121e4,2026-08-05T23:38:34+08:00,feat(config): reject segmentation_factor != 1 instead of ignoring it,score,torch,matlab_reference,,,artifact_perceptual_score,76.3011889966341,ok,
reverse,7,07ba346,07ba3465fe47b6f93fa48b380b207b603be121e4,2026-08-05T23:38:34+08:00,feat(config): reject segmentation_factor != 1 instead of ignoring it,score,torch,matlab_reference,,,source_to_distortion_ratio,0.9106297010223495,ok,
reverse,7,07ba346,07ba3465fe47b6f93fa48b380b207b603be121e4,2026-08-05T23:38:34+08:00,feat(config): reject segmentation_factor != 1 instead of ignoring it,score,torch,matlab_reference,,,source_to_spatial_distortion_ratio,7.518377743597347,ok,
reverse,7,07ba346,07ba3465fe47b6f93fa48b380b207b603be121e4,2026-08-05T23:38:34+08:00,feat(config): reject segmentation_factor != 1 instead of ignoring it,score,torch,matlab_reference,,,source_to_interference_ratio,-0.3706691304458897,ok,
reverse,7,07ba346,07ba3465fe47b6f93fa48b380b207b603be121e4,2026-08-05T23:38:34+08:00,feat(config): reject segmentation_factor != 1 instead of ignoring it,score,torch,matlab_reference,,,source_to_artifacts_ratio,19.35929606632414,ok,
reverse,7,07ba346,07ba3465fe47b6f93fa48b380b207b603be121e4,2026-08-05T23:38:34+08:00,feat(config): reject segmentation_factor != 1 instead of ignoring it,timing,numpy,mono,,,median_seconds,3.1670580003410578,ok,
reverse,7,07ba346,07ba3465fe47b6f93fa48b380b207b603be121e4,2026-08-05T23:38:34+08:00,feat(config): reject segmentation_factor != 1 instead of ignoring it,timing,numpy,mono,,,min_seconds,3.0776941999793053,ok,
reverse,7,07ba346,07ba3465fe47b6f93fa48b380b207b603be121e4,2026-08-05T23:38:34+08:00,feat(config): reject segmentation_factor != 1 instead of ignoring it,timing,numpy,mono,,,audio_seconds,5.0,ok,
reverse,7,07ba346,07ba3465fe47b6f93fa48b380b207b603be121e4,2026-08-05T23:38:34+08:00,feat(config): reject segmentation_factor != 1 instead of ignoring it,timing,numpy,mono,,,seconds_per_audio_second,0.6334116000682115,ok,
reverse,7,07ba346,07ba3465fe47b6f93fa48b380b207b603be121e4,2026-08-05T23:38:34+08:00,feat(config): reject segmentation_factor != 1 instead of ignoring it,timing,numpy,mono,,,realtime_factor,1.5787522677076182,ok,
reverse,7,07ba346,07ba3465fe47b6f93fa48b380b207b603be121e4,2026-08-05T23:38:34+08:00,feat(config): reject segmentation_factor != 1 instead of ignoring it,timing,numpy,mono,,,spread_pct,7.133262311408019,ok,
reverse,7,07ba346,07ba3465fe47b6f93fa48b380b207b603be121e4,2026-08-05T23:38:34+08:00,feat(config): reject segmentation_factor != 1 instead of ignoring it,timing,numpy,stereo,,,median_seconds,5.7593302000314,ok,
reverse,7,07ba346,07ba3465fe47b6f93fa48b380b207b603be121e4,2026-08-05T23:38:34+08:00,feat(config): reject segmentation_factor != 1 instead of ignoring it,timing,numpy,stereo,,,min_seconds,5.65754869999364,ok,
reverse,7,07ba346,07ba3465fe47b6f93fa48b380b207b603be121e4,2026-08-05T23:38:34+08:00,feat(config): reject segmentation_factor != 1 instead of ignoring it,timing,numpy,stereo,,,audio_seconds,5.0,ok,
reverse,7,07ba346,07ba3465fe47b6f93fa48b380b207b603be121e4,2026-08-05T23:38:34+08:00,feat(config): reject segmentation_factor != 1 instead of ignoring it,timing,numpy,stereo,,,seconds_per_audio_second,1.15186604000628,ok,
reverse,7,07ba346,07ba3465fe47b6f93fa48b380b207b603be121e4,2026-08-05T23:38:34+08:00,feat(config): reject segmentation_factor != 1 instead of ignoring it,timing,numpy,stereo,,,realtime_factor,0.8681565088893045,ok,
reverse,7,07ba346,07ba3465fe47b6f93fa48b380b207b603be121e4,2026-08-05T23:38:34+08:00,feat(config): reject segmentation_factor != 1 instead of ignoring it,timing,numpy,stereo,,,spread_pct,3.981104044593927,ok,
reverse,7,07ba346,07ba3465fe47b6f93fa48b380b207b603be121e4,2026-08-05T23:38:34+08:00,feat(config): reject segmentation_factor != 1 instead of ignoring it,timing,torch,mono,,,median_seconds,2.948535299859941,ok,
reverse,7,07ba346,07ba3465fe47b6f93fa48b380b207b603be121e4,2026-08-05T23:38:34+08:00,feat(config): reject segmentation_factor != 1 instead of ignoring it,timing,torch,mono,,,min_seconds,2.9265570002608,ok,
reverse,7,07ba346,07ba3465fe47b6f93fa48b380b207b603be121e4,2026-08-05T23:38:34+08:00,feat(config): reject segmentation_factor != 1 instead of ignoring it,timing,torch,mono,,,audio_seconds,5.0,ok,
reverse,7,07ba346,07ba3465fe47b6f93fa48b380b207b603be121e4,2026-08-05T23:38:34+08:00,feat(config): reject segmentation_factor != 1 instead of ignoring it,timing,torch,mono,,,seconds_per_audio_second,0.5897070599719882,ok,
reverse,7,07ba346,07ba3465fe47b6f93fa48b380b207b603be121e4,2026-08-05T23:38:34+08:00,feat(config): reject segmentation_factor != 1 instead of ignoring it,timing,torch,mono,,,realtime_factor,1.6957572121444522,ok,
reverse,7,07ba346,07ba3465fe47b6f93fa48b380b207b603be121e4,2026-08-05T23:38:34+08:00,feat(config): reject segmentation_factor != 1 instead of ignoring it,timing,torch,mono,,,spread_pct,1.7035342128025381,ok,
reverse,7,07ba346,07ba3465fe47b6f93fa48b380b207b603be121e4,2026-08-05T23:38:34+08:00,feat(config): reject segmentation_factor != 1 instead of ignoring it,timing,torch,stereo,,,median_seconds,7.263761000242084,ok,
reverse,7,07ba346,07ba3465fe47b6f93fa48b380b207b603be121e4,2026-08-05T23:38:34+08:00,feat(config): reject segmentation_factor != 1 instead of ignoring it,timing,torch,stereo,,,min_seconds,6.879846199881285,ok,
reverse,7,07ba346,07ba3465fe47b6f93fa48b380b207b603be121e4,2026-08-05T23:38:34+08:00,feat(config): reject segmentation_factor != 1 instead of ignoring it,timing,torch,stereo,,,audio_seconds,5.0,ok,
reverse,7,07ba346,07ba3465fe47b6f93fa48b380b207b603be121e4,2026-08-05T23:38:34+08:00,feat(config): reject segmentation_factor != 1 instead of ignoring it,timing,torch,stereo,,,seconds_per_audio_second,1.4527522000484168,ok,
reverse,7,07ba346,07ba3465fe47b6f93fa48b380b207b603be121e4,2026-08-05T23:38:34+08:00,feat(config): reject segmentation_factor != 1 instead of ignoring it,timing,torch,stereo,,,realtime_factor,0.6883486392012845,ok,
reverse,7,07ba346,07ba3465fe47b6f93fa48b380b207b603be121e4,2026-08-05T23:38:34+08:00,feat(config): reject segmentation_factor != 1 instead of ignoring it,timing,torch,stereo,,,spread_pct,8.796036748594345,ok,
reverse,8,cd061f3,cd061f37803416a2c8e9af3b41c1309ed876075b,2026-08-10T00:36:15+08:00,"perf: 2.2x torch forward pass, ~1.3x bit-identical numpy decomposition (#5) (#5)",meta,,,,,measured,1,ok,
reverse,8,cd061f3,cd061f37803416a2c8e9af3b41c1309ed876075b,2026-08-10T00:36:15+08:00,"perf: 2.2x torch forward pass, ~1.3x bit-identical numpy decomposition (#5) (#5)",accuracy,numpy,matlab_reference,true_target,0,correlation,0.9999999561961297,ok,
reverse,8,cd061f3,cd061f37803416a2c8e9af3b41c1309ed876075b,2026-08-10T00:36:15+08:00,"perf: 2.2x torch forward pass, ~1.3x bit-identical numpy decomposition (#5) (#5)",accuracy,numpy,matlab_reference,true_target,0,rms_ratio,1.0025656261838365,ok,
reverse,8,cd061f3,cd061f37803416a2c8e9af3b41c1309ed876075b,2026-08-10T00:36:15+08:00,"perf: 2.2x torch forward pass, ~1.3x bit-identical numpy decomposition (#5) (#5)",accuracy,numpy,matlab_reference,true_target,0,gain_error,5.248375756217172e-07,ok,
reverse,8,cd061f3,cd061f37803416a2c8e9af3b41c1309ed876075b,2026-08-10T00:36:15+08:00,"perf: 2.2x torch forward pass, ~1.3x bit-identical numpy decomposition (#5) (#5)",accuracy,numpy,matlab_reference,true_target,1,correlation,0.9999999564923208,ok,
reverse,8,cd061f3,cd061f37803416a2c8e9af3b41c1309ed876075b,2026-08-10T00:36:15+08:00,"perf: 2.2x torch forward pass, ~1.3x bit-identical numpy decomposition (#5) (#5)",accuracy,numpy,matlab_reference,true_target,1,rms_ratio,1.0025642097271241,ok,
reverse,8,cd061f3,cd061f37803416a2c8e9af3b41c1309ed876075b,2026-08-10T00:36:15+08:00,"perf: 2.2x torch forward pass, ~1.3x bit-identical numpy decomposition (#5) (#5)",accuracy,numpy,matlab_reference,true_target,1,gain_error,-8.879950796902847e-07,ok,
reverse,8,cd061f3,cd061f37803416a2c8e9af3b41c1309ed876075b,2026-08-10T00:36:15+08:00,"perf: 2.2x torch forward pass, ~1.3x bit-identical numpy decomposition (#5) (#5)",accuracy,numpy,matlab_reference,target_distortion,0,correlation,0.9999997518159536,ok,
reverse,8,cd061f3,cd061f37803416a2c8e9af3b41c1309ed876075b,2026-08-10T00:36:15+08:00,"perf: 2.2x torch forward pass, ~1.3x bit-identical numpy decomposition (#5) (#5)",accuracy,numpy,matlab_reference,target_distortion,0,rms_ratio,1.0025638121205547,ok,
reverse,8,cd061f3,cd061f37803416a2c8e9af3b41c1309ed876075b,2026-08-10T00:36:15+08:00,"perf: 2.2x torch forward pass, ~1.3x bit-identical numpy decomposition (#5) (#5)",accuracy,numpy,matlab_reference,target_distortion,0,gain_error,-1.2845843579967209e-06,ok,
reverse,8,cd061f3,cd061f37803416a2c8e9af3b41c1309ed876075b,2026-08-10T00:36:15+08:00,"perf: 2.2x torch forward pass, ~1.3x bit-identical numpy decomposition (#5) (#5)",accuracy,numpy,matlab_reference,target_distortion,1,correlation,0.9999997569262896,ok,
reverse,8,cd061f3,cd061f37803416a2c8e9af3b41c1309ed876075b,2026-08-10T00:36:15+08:00,"perf: 2.2x torch forward pass, ~1.3x bit-identical numpy decomposition (#5) (#5)",accuracy,numpy,matlab_reference,target_distortion,1,rms_ratio,1.0025641088580592,ok,
reverse,8,cd061f3,cd061f37803416a2c8e9af3b41c1309ed876075b,2026-08-10T00:36:15+08:00,"perf: 2.2x torch forward pass, ~1.3x bit-identical numpy decomposition (#5) (#5)",accuracy,numpy,matlab_reference,target_distortion,1,gain_error,-9.886060673425234e-07,ok,
reverse,8,cd061f3,cd061f37803416a2c8e9af3b41c1309ed876075b,2026-08-10T00:36:15+08:00,"perf: 2.2x torch forward pass, ~1.3x bit-identical numpy decomposition (#5) (#5)",accuracy,numpy,matlab_reference,interference,0,correlation,0.9999999303721785,ok,
reverse,8,cd061f3,cd061f37803416a2c8e9af3b41c1309ed876075b,2026-08-10T00:36:15+08:00,"perf: 2.2x torch forward pass, ~1.3x bit-identical numpy decomposition (#5) (#5)",accuracy,numpy,matlab_reference,interference,0,rms_ratio,1.0025655710266075,ok,
reverse,8,cd061f3,cd061f37803416a2c8e9af3b41c1309ed876075b,2026-08-10T00:36:15+08:00,"perf: 2.2x torch forward pass, ~1.3x bit-identical numpy decomposition (#5) (#5)",accuracy,numpy,matlab_reference,interference,0,gain_error,4.698214683962476e-07,ok,
reverse,8,cd061f3,cd061f37803416a2c8e9af3b41c1309ed876075b,2026-08-10T00:36:15+08:00,"perf: 2.2x torch forward pass, ~1.3x bit-identical numpy decomposition (#5) (#5)",accuracy,numpy,matlab_reference,interference,1,correlation,0.9999999264069921,ok,
reverse,8,cd061f3,cd061f37803416a2c8e9af3b41c1309ed876075b,2026-08-10T00:36:15+08:00,"perf: 2.2x torch forward pass, ~1.3x bit-identical numpy decomposition (#5) (#5)",accuracy,numpy,matlab_reference,interference,1,rms_ratio,1.002565425814013,ok,
reverse,8,cd061f3,cd061f37803416a2c8e9af3b41c1309ed876075b,2026-08-10T00:36:15+08:00,"perf: 2.2x torch forward pass, ~1.3x bit-identical numpy decomposition (#5) (#5)",accuracy,numpy,matlab_reference,interference,1,gain_error,3.249804059191064e-07,ok,
reverse,8,cd061f3,cd061f37803416a2c8e9af3b41c1309ed876075b,2026-08-10T00:36:15+08:00,"perf: 2.2x torch forward pass, ~1.3x bit-identical numpy decomposition (#5) (#5)",accuracy,numpy,matlab_reference,artifacts,0,correlation,0.9999966892925429,ok,
reverse,8,cd061f3,cd061f37803416a2c8e9af3b41c1309ed876075b,2026-08-10T00:36:15+08:00,"perf: 2.2x torch forward pass, ~1.3x bit-identical numpy decomposition (#5) (#5)",accuracy,numpy,matlab_reference,artifacts,0,rms_ratio,1.0025533527322847,ok,
reverse,8,cd061f3,cd061f37803416a2c8e9af3b41c1309ed876075b,2026-08-10T00:36:15+08:00,"perf: 2.2x torch forward pass, ~1.3x bit-identical numpy decomposition (#5) (#5)",accuracy,numpy,matlab_reference,artifacts,0,gain_error,-1.1717211894968216e-05,ok,
reverse,8,cd061f3,cd061f37803416a2c8e9af3b41c1309ed876075b,2026-08-10T00:36:15+08:00,"perf: 2.2x torch forward pass, ~1.3x bit-identical numpy decomposition (#5) (#5)",accuracy,numpy,matlab_reference,artifacts,1,correlation,0.9999967267532084,ok,
reverse,8,cd061f3,cd061f37803416a2c8e9af3b41c1309ed876075b,2026-08-10T00:36:15+08:00,"perf: 2.2x torch forward pass, ~1.3x bit-identical numpy decomposition (#5) (#5)",accuracy,numpy,matlab_reference,artifacts,1,rms_ratio,1.002562156768173,ok,
reverse,8,cd061f3,cd061f37803416a2c8e9af3b41c1309ed876075b,2026-08-10T00:36:15+08:00,"perf: 2.2x torch forward pass, ~1.3x bit-identical numpy decomposition (#5) (#5)",accuracy,numpy,matlab_reference,artifacts,1,gain_error,-2.9357014591502306e-06,ok,
reverse,8,cd061f3,cd061f37803416a2c8e9af3b41c1309ed876075b,2026-08-10T00:36:15+08:00,"perf: 2.2x torch forward pass, ~1.3x bit-identical numpy decomposition (#5) (#5)",accuracy,torch,matlab_reference,true_target,0,correlation,0.9999999561885166,ok,
reverse,8,cd061f3,cd061f37803416a2c8e9af3b41c1309ed876075b,2026-08-10T00:36:15+08:00,"perf: 2.2x torch forward pass, ~1.3x bit-identical numpy decomposition (#5) (#5)",accuracy,torch,matlab_reference,true_target,0,rms_ratio,1.0025657316271908,ok,
reverse,8,cd061f3,cd061f37803416a2c8e9af3b41c1309ed876075b,2026-08-10T00:36:15+08:00,"perf: 2.2x torch forward pass, ~1.3x bit-identical numpy decomposition (#5) (#5)",accuracy,torch,matlab_reference,true_target,0,gain_error,6.300111492496541e-07,ok,
reverse,8,cd061f3,cd061f37803416a2c8e9af3b41c1309ed876075b,2026-08-10T00:36:15+08:00,"perf: 2.2x torch forward pass, ~1.3x bit-identical numpy decomposition (#5) (#5)",accuracy,torch,matlab_reference,true_target,1,correlation,0.9999999564837455,ok,
reverse,8,cd061f3,cd061f37803416a2c8e9af3b41c1309ed876075b,2026-08-10T00:36:15+08:00,"perf: 2.2x torch forward pass, ~1.3x bit-identical numpy decomposition (#5) (#5)",accuracy,torch,matlab_reference,true_target,1,rms_ratio,1.002564304169246,ok,
reverse,8,cd061f3,cd061f37803416a2c8e9af3b41c1309ed876075b,2026-08-10T00:36:15+08:00,"perf: 2.2x torch forward pass, ~1.3x bit-identical numpy decomposition (#5) (#5)",accuracy,torch,matlab_reference,true_target,1,gain_error,-7.93794591502639e-07,ok,
reverse,8,cd061f3,cd061f37803416a2c8e9af3b41c1309ed876075b,2026-08-10T00:36:15+08:00,"perf: 2.2x torch forward pass, ~1.3x bit-identical numpy decomposition (#5) (#5)",accuracy,torch,matlab_reference,target_distortion,0,correlation,0.999999751720283,ok,
reverse,8,cd061f3,cd061f37803416a2c8e9af3b41c1309ed876075b,2026-08-10T00:36:15+08:00,"perf: 2.2x torch forward pass, ~1.3x bit-identical numpy decomposition (#5) (#5)",accuracy,torch,matlab_reference,target_distortion,0,rms_ratio,1.0025644952899782,ok,
reverse,8,cd061f3,cd061f37803416a2c8e9af3b41c1309ed876075b,2026-08-10T00:36:15+08:00,"perf: 2.2x torch forward pass, ~1.3x bit-identical numpy decomposition (#5) (#5)",accuracy,torch,matlab_reference,target_distortion,0,gain_error,-6.031628487779273e-07,ok,
reverse,8,cd061f3,cd061f37803416a2c8e9af3b41c1309ed876075b,2026-08-10T00:36:15+08:00,"perf: 2.2x torch forward pass, ~1.3x bit-identical numpy decomposition (#5) (#5)",accuracy,torch,matlab_reference,target_distortion,1,correlation,0.9999997568730778,ok,
reverse,8,cd061f3,cd061f37803416a2c8e9af3b41c1309ed876075b,2026-08-10T00:36:15+08:00,"perf: 2.2x torch forward pass, ~1.3x bit-identical numpy decomposition (#5) (#5)",accuracy,torch,matlab_reference,target_distortion,1,rms_ratio,1.0025645659618696,ok,
reverse,8,cd061f3,cd061f37803416a2c8e9af3b41c1309ed876075b,2026-08-10T00:36:15+08:00,"perf: 2.2x torch forward pass, ~1.3x bit-identical numpy decomposition (#5) (#5)",accuracy,torch,matlab_reference,target_distortion,1,gain_error,-5.326717740228304e-07,ok,
reverse,8,cd061f3,cd061f37803416a2c8e9af3b41c1309ed876075b,2026-08-10T00:36:15+08:00,"perf: 2.2x torch forward pass, ~1.3x bit-identical numpy decomposition (#5) (#5)",accuracy,torch,matlab_reference,interference,0,correlation,0.9999999303372875,ok,
reverse,8,cd061f3,cd061f37803416a2c8e9af3b41c1309ed876075b,2026-08-10T00:36:15+08:00,"perf: 2.2x torch forward pass, ~1.3x bit-identical numpy decomposition (#5) (#5)",accuracy,torch,matlab_reference,interference,0,rms_ratio,1.0025659561314209,ok,
reverse,8,cd061f3,cd061f37803416a2c8e9af3b41c1309ed876075b,2026-08-10T00:36:15+08:00,"perf: 2.2x torch forward pass, ~1.3x bit-identical numpy decomposition (#5) (#5)",accuracy,torch,matlab_reference,interference,0,gain_error,8.539409768193451e-07,ok,
reverse,8,cd061f3,cd061f37803416a2c8e9af3b41c1309ed876075b,2026-08-10T00:36:15+08:00,"perf: 2.2x torch forward pass, ~1.3x bit-identical numpy decomposition (#5) (#5)",accuracy,torch,matlab_reference,interference,1,correlation,0.9999999263836234,ok,
reverse,8,cd061f3,cd061f37803416a2c8e9af3b41c1309ed876075b,2026-08-10T00:36:15+08:00,"perf: 2.2x torch forward pass, ~1.3x bit-identical numpy decomposition (#5) (#5)",accuracy,torch,matlab_reference,interference,1,rms_ratio,1.0025657457290271,ok,
reverse,8,cd061f3,cd061f37803416a2c8e9af3b41c1309ed876075b,2026-08-10T00:36:15+08:00,"perf: 2.2x torch forward pass, ~1.3x bit-identical numpy decomposition (#5) (#5)",accuracy,torch,matlab_reference,interference,1,gain_error,6.440769053650541e-07,ok,
reverse,8,cd061f3,cd061f37803416a2c8e9af3b41c1309ed876075b,2026-08-10T00:36:15+08:00,"perf: 2.2x torch forward pass, ~1.3x bit-identical numpy decomposition (#5) (#5)",accuracy,torch,matlab_reference,artifacts,0,correlation,0.9999966888306028,ok,
reverse,8,cd061f3,cd061f37803416a2c8e9af3b41c1309ed876075b,2026-08-10T00:36:15+08:00,"perf: 2.2x torch forward pass, ~1.3x bit-identical numpy decomposition (#5) (#5)",accuracy,torch,matlab_reference,artifacts,0,rms_ratio,1.0025535192947945,ok,
reverse,8,cd061f3,cd061f37803416a2c8e9af3b41c1309ed876075b,2026-08-10T00:36:15+08:00,"perf: 2.2x torch forward pass, ~1.3x bit-identical numpy decomposition (#5) (#5)",accuracy,torch,matlab_reference,artifacts,0,gain_error,-1.1551075541627043e-05,ok,
reverse,8,cd061f3,cd061f37803416a2c8e9af3b41c1309ed876075b,2026-08-10T00:36:15+08:00,"perf: 2.2x torch forward pass, ~1.3x bit-identical numpy decomposition (#5) (#5)",accuracy,torch,matlab_reference,artifacts,1,correlation,0.9999967264080857,ok,
reverse,8,cd061f3,cd061f37803416a2c8e9af3b41c1309ed876075b,2026-08-10T00:36:15+08:00,"perf: 2.2x torch forward pass, ~1.3x bit-identical numpy decomposition (#5) (#5)",accuracy,torch,matlab_reference,artifacts,1,rms_ratio,1.0025623183794214,ok,
reverse,8,cd061f3,cd061f37803416a2c8e9af3b41c1309ed876075b,2026-08-10T00:36:15+08:00,"perf: 2.2x torch forward pass, ~1.3x bit-identical numpy decomposition (#5) (#5)",accuracy,torch,matlab_reference,artifacts,1,gain_error,-2.7745036991211336e-06,ok,
reverse,8,cd061f3,cd061f37803416a2c8e9af3b41c1309ed876075b,2026-08-10T00:36:15+08:00,"perf: 2.2x torch forward pass, ~1.3x bit-identical numpy decomposition (#5) (#5)",score,numpy,matlab_reference,,,overall_perceptual_score,17.66562065805139,ok,
reverse,8,cd061f3,cd061f37803416a2c8e9af3b41c1309ed876075b,2026-08-10T00:36:15+08:00,"perf: 2.2x torch forward pass, ~1.3x bit-identical numpy decomposition (#5) (#5)",score,numpy,matlab_reference,,,target_perceptual_score,60.99054480411449,ok,
reverse,8,cd061f3,cd061f37803416a2c8e9af3b41c1309ed876075b,2026-08-10T00:36:15+08:00,"perf: 2.2x torch forward pass, ~1.3x bit-identical numpy decomposition (#5) (#5)",score,numpy,matlab_reference,,,interference_perceptual_score,20.484111933216646,ok,
reverse,8,cd061f3,cd061f37803416a2c8e9af3b41c1309ed876075b,2026-08-10T00:36:15+08:00,"perf: 2.2x torch forward pass, ~1.3x bit-identical numpy decomposition (#5) (#5)",score,numpy,matlab_reference,,,artifact_perceptual_score,76.30119318633754,ok,
reverse,8,cd061f3,cd061f37803416a2c8e9af3b41c1309ed876075b,2026-08-10T00:36:15+08:00,"perf: 2.2x torch forward pass, ~1.3x bit-identical numpy decomposition (#5) (#5)",score,numpy,matlab_reference,,,source_to_distortion_ratio,0.9106313299035762,ok,
reverse,8,cd061f3,cd061f37803416a2c8e9af3b41c1309ed876075b,2026-08-10T00:36:15+08:00,"perf: 2.2x torch forward pass, ~1.3x bit-identical numpy decomposition (#5) (#5)",score,numpy,matlab_reference,,,source_to_spatial_distortion_ratio,7.518381807701671,ok,
reverse,8,cd061f3,cd061f37803416a2c8e9af3b41c1309ed876075b,2026-08-10T00:36:15+08:00,"perf: 2.2x torch forward pass, ~1.3x bit-identical numpy decomposition (#5) (#5)",score,numpy,matlab_reference,,,source_to_interference_ratio,-0.3706651105782787,ok,
reverse,8,cd061f3,cd061f37803416a2c8e9af3b41c1309ed876075b,2026-08-10T00:36:15+08:00,"perf: 2.2x torch forward pass, ~1.3x bit-identical numpy decomposition (#5) (#5)",score,numpy,matlab_reference,,,source_to_artifacts_ratio,19.35929547650323,ok,
reverse,8,cd061f3,cd061f37803416a2c8e9af3b41c1309ed876075b,2026-08-10T00:36:15+08:00,"perf: 2.2x torch forward pass, ~1.3x bit-identical numpy decomposition (#5) (#5)",score,torch,matlab_reference,,,overall_perceptual_score,17.665736255883115,ok,
reverse,8,cd061f3,cd061f37803416a2c8e9af3b41c1309ed876075b,2026-08-10T00:36:15+08:00,"perf: 2.2x torch forward pass, ~1.3x bit-identical numpy decomposition (#5) (#5)",score,torch,matlab_reference,,,target_perceptual_score,60.990576815218624,ok,
reverse,8,cd061f3,cd061f37803416a2c8e9af3b41c1309ed876075b,2026-08-10T00:36:15+08:00,"perf: 2.2x torch forward pass, ~1.3x bit-identical numpy decomposition (#5) (#5)",score,torch,matlab_reference,,,interference_perceptual_score,20.484476216858663,ok,
reverse,8,cd061f3,cd061f37803416a2c8e9af3b41c1309ed876075b,2026-08-10T00:36:15+08:00,"perf: 2.2x torch forward pass, ~1.3x bit-identical numpy decomposition (#5) (#5)",score,torch,matlab_reference,,,artifact_perceptual_score,76.3011889966341,ok,
reverse,8,cd061f3,cd061f37803416a2c8e9af3b41c1309ed876075b,2026-08-10T00:36:15+08:00,"perf: 2.2x torch forward pass, ~1.3x bit-identical numpy decomposition (#5) (#5)",score,torch,matlab_reference,,,source_to_distortion_ratio,0.9106297010223495,ok,
reverse,8,cd061f3,cd061f37803416a2c8e9af3b41c1309ed876075b,2026-08-10T00:36:15+08:00,"perf: 2.2x torch forward pass, ~1.3x bit-identical numpy decomposition (#5) (#5)",score,torch,matlab_reference,,,source_to_spatial_distortion_ratio,7.518377743597347,ok,
reverse,8,cd061f3,cd061f37803416a2c8e9af3b41c1309ed876075b,2026-08-10T00:36:15+08:00,"perf: 2.2x torch forward pass, ~1.3x bit-identical numpy decomposition (#5) (#5)",score,torch,matlab_reference,,,source_to_interference_ratio,-0.3706691304458897,ok,
reverse,8,cd061f3,cd061f37803416a2c8e9af3b41c1309ed876075b,2026-08-10T00:36:15+08:00,"perf: 2.2x torch forward pass, ~1.3x bit-identical numpy decomposition (#5) (#5)",score,torch,matlab_reference,,,source_to_artifacts_ratio,19.35929606632414,ok,
reverse,8,cd061f3,cd061f37803416a2c8e9af3b41c1309ed876075b,2026-08-10T00:36:15+08:00,"perf: 2.2x torch forward pass, ~1.3x bit-identical numpy decomposition (#5) (#5)",timing,numpy,mono,,,median_seconds,2.325598099734634,ok,
reverse,8,cd061f3,cd061f37803416a2c8e9af3b41c1309ed876075b,2026-08-10T00:36:15+08:00,"perf: 2.2x torch forward pass, ~1.3x bit-identical numpy decomposition (#5) (#5)",timing,numpy,mono,,,min_seconds,2.3081370000727475,ok,
reverse,8,cd061f3,cd061f37803416a2c8e9af3b41c1309ed876075b,2026-08-10T00:36:15+08:00,"perf: 2.2x torch forward pass, ~1.3x bit-identical numpy decomposition (#5) (#5)",timing,numpy,mono,,,audio_seconds,5.0,ok,
reverse,8,cd061f3,cd061f37803416a2c8e9af3b41c1309ed876075b,2026-08-10T00:36:15+08:00,"perf: 2.2x torch forward pass, ~1.3x bit-identical numpy decomposition (#5) (#5)",timing,numpy,mono,,,seconds_per_audio_second,0.46511961994692685,ok,
reverse,8,cd061f3,cd061f37803416a2c8e9af3b41c1309ed876075b,2026-08-10T00:36:15+08:00,"perf: 2.2x torch forward pass, ~1.3x bit-identical numpy decomposition (#5) (#5)",timing,numpy,mono,,,realtime_factor,2.1499845569062566,ok,
reverse,8,cd061f3,cd061f37803416a2c8e9af3b41c1309ed876075b,2026-08-10T00:36:15+08:00,"perf: 2.2x torch forward pass, ~1.3x bit-identical numpy decomposition (#5) (#5)",timing,numpy,mono,,,spread_pct,2.8503593882248914,ok,
reverse,8,cd061f3,cd061f37803416a2c8e9af3b41c1309ed876075b,2026-08-10T00:36:15+08:00,"perf: 2.2x torch forward pass, ~1.3x bit-identical numpy decomposition (#5) (#5)",timing,numpy,stereo,,,median_seconds,4.893344400450587,ok,
reverse,8,cd061f3,cd061f37803416a2c8e9af3b41c1309ed876075b,2026-08-10T00:36:15+08:00,"perf: 2.2x torch forward pass, ~1.3x bit-identical numpy decomposition (#5) (#5)",timing,numpy,stereo,,,min_seconds,4.7638781000860035,ok,
reverse,8,cd061f3,cd061f37803416a2c8e9af3b41c1309ed876075b,2026-08-10T00:36:15+08:00,"perf: 2.2x torch forward pass, ~1.3x bit-identical numpy decomposition (#5) (#5)",timing,numpy,stereo,,,audio_seconds,5.0,ok,
reverse,8,cd061f3,cd061f37803416a2c8e9af3b41c1309ed876075b,2026-08-10T00:36:15+08:00,"perf: 2.2x torch forward pass, ~1.3x bit-identical numpy decomposition (#5) (#5)",timing,numpy,stereo,,,seconds_per_audio_second,0.9786688800901174,ok,
reverse,8,cd061f3,cd061f37803416a2c8e9af3b41c1309ed876075b,2026-08-10T00:36:15+08:00,"perf: 2.2x torch forward pass, ~1.3x bit-identical numpy decomposition (#5) (#5)",timing,numpy,stereo,,,realtime_factor,1.021796054154617,ok,
reverse,8,cd061f3,cd061f37803416a2c8e9af3b41c1309ed876075b,2026-08-10T00:36:15+08:00,"perf: 2.2x torch forward pass, ~1.3x bit-identical numpy decomposition (#5) (#5)",timing,numpy,stereo,,,spread_pct,2.8936655609175985,ok,
reverse,8,cd061f3,cd061f37803416a2c8e9af3b41c1309ed876075b,2026-08-10T00:36:15+08:00,"perf: 2.2x torch forward pass, ~1.3x bit-identical numpy decomposition (#5) (#5)",timing,torch,mono,,,median_seconds,2.879960900172591,ok,
reverse,8,cd061f3,cd061f37803416a2c8e9af3b41c1309ed876075b,2026-08-10T00:36:15+08:00,"perf: 2.2x torch forward pass, ~1.3x bit-identical numpy decomposition (#5) (#5)",timing,torch,mono,,,min_seconds,2.8348052999936044,ok,
reverse,8,cd061f3,cd061f37803416a2c8e9af3b41c1309ed876075b,2026-08-10T00:36:15+08:00,"perf: 2.2x torch forward pass, ~1.3x bit-identical numpy decomposition (#5) (#5)",timing,torch,mono,,,audio_seconds,5.0,ok,
reverse,8,cd061f3,cd061f37803416a2c8e9af3b41c1309ed876075b,2026-08-10T00:36:15+08:00,"perf: 2.2x torch forward pass, ~1.3x bit-identical numpy decomposition (#5) (#5)",timing,torch,mono,,,seconds_per_audio_second,0.5759921800345182,ok,
reverse,8,cd061f3,cd061f37803416a2c8e9af3b41c1309ed876075b,2026-08-10T00:36:15+08:00,"perf: 2.2x torch forward pass, ~1.3x bit-identical numpy decomposition (#5) (#5)",timing,torch,mono,,,realtime_factor,1.7361346814466676,ok,
reverse,8,cd061f3,cd061f37803416a2c8e9af3b41c1309ed876075b,2026-08-10T00:36:15+08:00,"perf: 2.2x torch forward pass, ~1.3x bit-identical numpy decomposition (#5) (#5)",timing,torch,mono,,,spread_pct,3.2529465016448658,ok,
reverse,8,cd061f3,cd061f37803416a2c8e9af3b41c1309ed876075b,2026-08-10T00:36:15+08:00,"perf: 2.2x torch forward pass, ~1.3x bit-identical numpy decomposition (#5) (#5)",timing,torch,stereo,,,median_seconds,7.191575400065631,ok,
reverse,8,cd061f3,cd061f37803416a2c8e9af3b41c1309ed876075b,2026-08-10T00:36:15+08:00,"perf: 2.2x torch forward pass, ~1.3x bit-identical numpy decomposition (#5) (#5)",timing,torch,stereo,,,min_seconds,7.072229400277138,ok,
reverse,8,cd061f3,cd061f37803416a2c8e9af3b41c1309ed876075b,2026-08-10T00:36:15+08:00,"perf: 2.2x torch forward pass, ~1.3x bit-identical numpy decomposition (#5) (#5)",timing,torch,stereo,,,audio_seconds,5.0,ok,
reverse,8,cd061f3,cd061f37803416a2c8e9af3b41c1309ed876075b,2026-08-10T00:36:15+08:00,"perf: 2.2x torch forward pass, ~1.3x bit-identical numpy decomposition (#5) (#5)",timing,torch,stereo,,,seconds_per_audio_second,1.4383150800131261,ok,
reverse,8,cd061f3,cd061f37803416a2c8e9af3b41c1309ed876075b,2026-08-10T00:36:15+08:00,"perf: 2.2x torch forward pass, ~1.3x bit-identical numpy decomposition (#5) (#5)",timing,torch,stereo,,,realtime_factor,0.6952579541826635,ok,
reverse,8,cd061f3,cd061f37803416a2c8e9af3b41c1309ed876075b,2026-08-10T00:36:15+08:00,"perf: 2.2x torch forward pass, ~1.3x bit-identical numpy decomposition (#5) (#5)",timing,torch,stereo,,,spread_pct,5.560566230530582,ok,
reverse,9,c51f76a,c51f76aad921a723d3632dd0b09a9f547747c085,2026-08-10T12:00:32+08:00,perf: 2.2x torch / 1.47x numpy decomposition via polyphase GEMM and Câ€¦ (#6),meta,,,,,measured,1,ok,
reverse,9,c51f76a,c51f76aad921a723d3632dd0b09a9f547747c085,2026-08-10T12:00:32+08:00,perf: 2.2x torch / 1.47x numpy decomposition via polyphase GEMM and Câ€¦ (#6),accuracy,numpy,matlab_reference,true_target,0,correlation,0.9999999561961295,ok,
reverse,9,c51f76a,c51f76aad921a723d3632dd0b09a9f547747c085,2026-08-10T12:00:32+08:00,perf: 2.2x torch / 1.47x numpy decomposition via polyphase GEMM and Câ€¦ (#6),accuracy,numpy,matlab_reference,true_target,0,rms_ratio,1.0025656261838365,ok,
reverse,9,c51f76a,c51f76aad921a723d3632dd0b09a9f547747c085,2026-08-10T12:00:32+08:00,perf: 2.2x torch / 1.47x numpy decomposition via polyphase GEMM and Câ€¦ (#6),accuracy,numpy,matlab_reference,true_target,0,gain_error,5.248375756217172e-07,ok,
reverse,9,c51f76a,c51f76aad921a723d3632dd0b09a9f547747c085,2026-08-10T12:00:32+08:00,perf: 2.2x torch / 1.47x numpy decomposition via polyphase GEMM and Câ€¦ (#6),accuracy,numpy,matlab_reference,true_target,1,correlation,0.9999999564923208,ok,
reverse,9,c51f76a,c51f76aad921a723d3632dd0b09a9f547747c085,2026-08-10T12:00:32+08:00,perf: 2.2x torch / 1.47x numpy decomposition via polyphase GEMM and Câ€¦ (#6),accuracy,numpy,matlab_reference,true_target,1,rms_ratio,1.0025642097271241,ok,
reverse,9,c51f76a,c51f76aad921a723d3632dd0b09a9f547747c085,2026-08-10T12:00:32+08:00,perf: 2.2x torch / 1.47x numpy decomposition via polyphase GEMM and Câ€¦ (#6),accuracy,numpy,matlab_reference,true_target,1,gain_error,-8.879950796902847e-07,ok,
reverse,9,c51f76a,c51f76aad921a723d3632dd0b09a9f547747c085,2026-08-10T12:00:32+08:00,perf: 2.2x torch / 1.47x numpy decomposition via polyphase GEMM and Câ€¦ (#6),accuracy,numpy,matlab_reference,target_distortion,0,correlation,0.9999997518159526,ok,
reverse,9,c51f76a,c51f76aad921a723d3632dd0b09a9f547747c085,2026-08-10T12:00:32+08:00,perf: 2.2x torch / 1.47x numpy decomposition via polyphase GEMM and Câ€¦ (#6),accuracy,numpy,matlab_reference,target_distortion,0,rms_ratio,1.0025638121195892,ok,
reverse,9,c51f76a,c51f76aad921a723d3632dd0b09a9f547747c085,2026-08-10T12:00:32+08:00,perf: 2.2x torch / 1.47x numpy decomposition via polyphase GEMM and Câ€¦ (#6),accuracy,numpy,matlab_reference,target_distortion,0,gain_error,-1.2845853210041724e-06,ok,
reverse,9,c51f76a,c51f76aad921a723d3632dd0b09a9f547747c085,2026-08-10T12:00:32+08:00,perf: 2.2x torch / 1.47x numpy decomposition via polyphase GEMM and Câ€¦ (#6),accuracy,numpy,matlab_reference,target_distortion,1,correlation,0.9999997569262901,ok,
reverse,9,c51f76a,c51f76aad921a723d3632dd0b09a9f547747c085,2026-08-10T12:00:32+08:00,perf: 2.2x torch / 1.47x numpy decomposition via polyphase GEMM and Câ€¦ (#6),accuracy,numpy,matlab_reference,target_distortion,1,rms_ratio,1.0025641088572255,ok,
reverse,9,c51f76a,c51f76aad921a723d3632dd0b09a9f547747c085,2026-08-10T12:00:32+08:00,perf: 2.2x torch / 1.47x numpy decomposition via polyphase GEMM and Câ€¦ (#6),accuracy,numpy,matlab_reference,target_distortion,1,gain_error,-9.886068990105912e-07,ok,
reverse,9,c51f76a,c51f76aad921a723d3632dd0b09a9f547747c085,2026-08-10T12:00:32+08:00,perf: 2.2x torch / 1.47x numpy decomposition via polyphase GEMM and Câ€¦ (#6),accuracy,numpy,matlab_reference,interference,0,correlation,0.9999999303721786,ok,
reverse,9,c51f76a,c51f76aad921a723d3632dd0b09a9f547747c085,2026-08-10T12:00:32+08:00,perf: 2.2x torch / 1.47x numpy decomposition via polyphase GEMM and Câ€¦ (#6),accuracy,numpy,matlab_reference,interference,0,rms_ratio,1.0025655710258772,ok,
reverse,9,c51f76a,c51f76aad921a723d3632dd0b09a9f547747c085,2026-08-10T12:00:32+08:00,perf: 2.2x torch / 1.47x numpy decomposition via polyphase GEMM and Câ€¦ (#6),accuracy,numpy,matlab_reference,interference,0,gain_error,4.6982074008994346e-07,ok,
reverse,9,c51f76a,c51f76aad921a723d3632dd0b09a9f547747c085,2026-08-10T12:00:32+08:00,perf: 2.2x torch / 1.47x numpy decomposition via polyphase GEMM and Câ€¦ (#6),accuracy,numpy,matlab_reference,interference,1,correlation,0.9999999264069914,ok,
reverse,9,c51f76a,c51f76aad921a723d3632dd0b09a9f547747c085,2026-08-10T12:00:32+08:00,perf: 2.2x torch / 1.47x numpy decomposition via polyphase GEMM and Câ€¦ (#6),accuracy,numpy,matlab_reference,interference,1,rms_ratio,1.00256542581319,ok,
reverse,9,c51f76a,c51f76aad921a723d3632dd0b09a9f547747c085,2026-08-10T12:00:32+08:00,perf: 2.2x torch / 1.47x numpy decomposition via polyphase GEMM and Câ€¦ (#6),accuracy,numpy,matlab_reference,interference,1,gain_error,3.2497958479815736e-07,ok,
reverse,9,c51f76a,c51f76aad921a723d3632dd0b09a9f547747c085,2026-08-10T12:00:32+08:00,perf: 2.2x torch / 1.47x numpy decomposition via polyphase GEMM and Câ€¦ (#6),accuracy,numpy,matlab_reference,artifacts,0,correlation,0.999996689292553,ok,
reverse,9,c51f76a,c51f76aad921a723d3632dd0b09a9f547747c085,2026-08-10T12:00:32+08:00,perf: 2.2x torch / 1.47x numpy decomposition via polyphase GEMM and Câ€¦ (#6),accuracy,numpy,matlab_reference,artifacts,0,rms_ratio,1.0025533527297354,ok,
reverse,9,c51f76a,c51f76aad921a723d3632dd0b09a9f547747c085,2026-08-10T12:00:32+08:00,perf: 2.2x torch / 1.47x numpy decomposition via polyphase GEMM and Câ€¦ (#6),accuracy,numpy,matlab_reference,artifacts,0,gain_error,-1.1717214437823031e-05,ok,
reverse,9,c51f76a,c51f76aad921a723d3632dd0b09a9f547747c085,2026-08-10T12:00:32+08:00,perf: 2.2x torch / 1.47x numpy decomposition via polyphase GEMM and Câ€¦ (#6),accuracy,numpy,matlab_reference,artifacts,1,correlation,0.9999967267532045,ok,
reverse,9,c51f76a,c51f76aad921a723d3632dd0b09a9f547747c085,2026-08-10T12:00:32+08:00,perf: 2.2x torch / 1.47x numpy decomposition via polyphase GEMM and Câ€¦ (#6),accuracy,numpy,matlab_reference,artifacts,1,rms_ratio,1.0025621567655285,ok,
reverse,9,c51f76a,c51f76aad921a723d3632dd0b09a9f547747c085,2026-08-10T12:00:32+08:00,perf: 2.2x torch / 1.47x numpy decomposition via polyphase GEMM and Câ€¦ (#6),accuracy,numpy,matlab_reference,artifacts,1,gain_error,-2.935704096929115e-06,ok,
reverse,9,c51f76a,c51f76aad921a723d3632dd0b09a9f547747c085,2026-08-10T12:00:32+08:00,perf: 2.2x torch / 1.47x numpy decomposition via polyphase GEMM and Câ€¦ (#6),accuracy,torch,matlab_reference,true_target,0,correlation,0.9999999561885168,ok,
reverse,9,c51f76a,c51f76aad921a723d3632dd0b09a9f547747c085,2026-08-10T12:00:32+08:00,perf: 2.2x torch / 1.47x numpy decomposition via polyphase GEMM and Câ€¦ (#6),accuracy,torch,matlab_reference,true_target,0,rms_ratio,1.0025657316271908,ok,
reverse,9,c51f76a,c51f76aad921a723d3632dd0b09a9f547747c085,2026-08-10T12:00:32+08:00,perf: 2.2x torch / 1.47x numpy decomposition via polyphase GEMM and Câ€¦ (#6),accuracy,torch,matlab_reference,true_target,0,gain_error,6.300111492496541e-07,ok,
reverse,9,c51f76a,c51f76aad921a723d3632dd0b09a9f547747c085,2026-08-10T12:00:32+08:00,perf: 2.2x torch / 1.47x numpy decomposition via polyphase GEMM and Câ€¦ (#6),accuracy,torch,matlab_reference,true_target,1,correlation,0.9999999564837453,ok,
reverse,9,c51f76a,c51f76aad921a723d3632dd0b09a9f547747c085,2026-08-10T12:00:32+08:00,perf: 2.2x torch / 1.47x numpy decomposition via polyphase GEMM and Câ€¦ (#6),accuracy,torch,matlab_reference,true_target,1,rms_ratio,1.0025643041692462,ok,
reverse,9,c51f76a,c51f76aad921a723d3632dd0b09a9f547747c085,2026-08-10T12:00:32+08:00,perf: 2.2x torch / 1.47x numpy decomposition via polyphase GEMM and Câ€¦ (#6),accuracy,torch,matlab_reference,true_target,1,gain_error,-7.937945912805944e-07,ok,
reverse,9,c51f76a,c51f76aad921a723d3632dd0b09a9f547747c085,2026-08-10T12:00:32+08:00,perf: 2.2x torch / 1.47x numpy decomposition via polyphase GEMM and Câ€¦ (#6),accuracy,torch,matlab_reference,target_distortion,0,correlation,0.9999997517202872,ok,
reverse,9,c51f76a,c51f76aad921a723d3632dd0b09a9f547747c085,2026-08-10T12:00:32+08:00,perf: 2.2x torch / 1.47x numpy decomposition via polyphase GEMM and Câ€¦ (#6),accuracy,torch,matlab_reference,target_distortion,0,rms_ratio,1.0025644953122415,ok,
reverse,9,c51f76a,c51f76aad921a723d3632dd0b09a9f547747c085,2026-08-10T12:00:32+08:00,perf: 2.2x torch / 1.47x numpy decomposition via polyphase GEMM and Câ€¦ (#6),accuracy,torch,matlab_reference,target_distortion,0,gain_error,-6.031406424300556e-07,ok,
reverse,9,c51f76a,c51f76aad921a723d3632dd0b09a9f547747c085,2026-08-10T12:00:32+08:00,perf: 2.2x torch / 1.47x numpy decomposition via polyphase GEMM and Câ€¦ (#6),accuracy,torch,matlab_reference,target_distortion,1,correlation,0.9999997568730794,ok,
reverse,9,c51f76a,c51f76aad921a723d3632dd0b09a9f547747c085,2026-08-10T12:00:32+08:00,perf: 2.2x torch / 1.47x numpy decomposition via polyphase GEMM and Câ€¦ (#6),accuracy,torch,matlab_reference,target_distortion,1,rms_ratio,1.002564565992503,ok,
reverse,9,c51f76a,c51f76aad921a723d3632dd0b09a9f547747c085,2026-08-10T12:00:32+08:00,perf: 2.2x torch / 1.47x numpy decomposition via polyphase GEMM and Câ€¦ (#6),accuracy,torch,matlab_reference,target_distortion,1,gain_error,-5.326412189088359e-07,ok,
reverse,9,c51f76a,c51f76aad921a723d3632dd0b09a9f547747c085,2026-08-10T12:00:32+08:00,perf: 2.2x torch / 1.47x numpy decomposition via polyphase GEMM and Câ€¦ (#6),accuracy,torch,matlab_reference,interference,0,correlation,0.9999999303372872,ok,
reverse,9,c51f76a,c51f76aad921a723d3632dd0b09a9f547747c085,2026-08-10T12:00:32+08:00,perf: 2.2x torch / 1.47x numpy decomposition via polyphase GEMM and Câ€¦ (#6),accuracy,torch,matlab_reference,interference,0,rms_ratio,1.0025659561221019,ok,
reverse,9,c51f76a,c51f76aad921a723d3632dd0b09a9f547747c085,2026-08-10T12:00:32+08:00,perf: 2.2x torch / 1.47x numpy decomposition via polyphase GEMM and Câ€¦ (#6),accuracy,torch,matlab_reference,interference,0,gain_error,8.539316818101383e-07,ok,
reverse,9,c51f76a,c51f76aad921a723d3632dd0b09a9f547747c085,2026-08-10T12:00:32+08:00,perf: 2.2x torch / 1.47x numpy decomposition via polyphase GEMM and Câ€¦ (#6),accuracy,torch,matlab_reference,interference,1,correlation,0.999999926383622,ok,
reverse,9,c51f76a,c51f76aad921a723d3632dd0b09a9f547747c085,2026-08-10T12:00:32+08:00,perf: 2.2x torch / 1.47x numpy decomposition via polyphase GEMM and Câ€¦ (#6),accuracy,torch,matlab_reference,interference,1,rms_ratio,1.0025657457020523,ok,
reverse,9,c51f76a,c51f76aad921a723d3632dd0b09a9f547747c085,2026-08-10T12:00:32+08:00,perf: 2.2x torch / 1.47x numpy decomposition via polyphase GEMM and Câ€¦ (#6),accuracy,torch,matlab_reference,interference,1,gain_error,6.440499995541416e-07,ok,
reverse,9,c51f76a,c51f76aad921a723d3632dd0b09a9f547747c085,2026-08-10T12:00:32+08:00,perf: 2.2x torch / 1.47x numpy decomposition via polyphase GEMM and Câ€¦ (#6),accuracy,torch,matlab_reference,artifacts,0,correlation,0.9999966888305812,ok,
reverse,9,c51f76a,c51f76aad921a723d3632dd0b09a9f547747c085,2026-08-10T12:00:32+08:00,perf: 2.2x torch / 1.47x numpy decomposition via polyphase GEMM and Câ€¦ (#6),accuracy,torch,matlab_reference,artifacts,0,rms_ratio,1.002553519237585,ok,
reverse,9,c51f76a,c51f76aad921a723d3632dd0b09a9f547747c085,2026-08-10T12:00:32+08:00,perf: 2.2x torch / 1.47x numpy decomposition via polyphase GEMM and Câ€¦ (#6),accuracy,torch,matlab_reference,artifacts,0,gain_error,-1.155113260475904e-05,ok,
reverse,9,c51f76a,c51f76aad921a723d3632dd0b09a9f547747c085,2026-08-10T12:00:32+08:00,perf: 2.2x torch / 1.47x numpy decomposition via polyphase GEMM and Câ€¦ (#6),accuracy,torch,matlab_reference,artifacts,1,correlation,0.999996726408105,ok,
reverse,9,c51f76a,c51f76aad921a723d3632dd0b09a9f547747c085,2026-08-10T12:00:32+08:00,perf: 2.2x torch / 1.47x numpy decomposition via polyphase GEMM and Câ€¦ (#6),accuracy,torch,matlab_reference,artifacts,1,rms_ratio,1.002562318349913,ok,
reverse,9,c51f76a,c51f76aad921a723d3632dd0b09a9f547747c085,2026-08-10T12:00:32+08:00,perf: 2.2x torch / 1.47x numpy decomposition via polyphase GEMM and Câ€¦ (#6),accuracy,torch,matlab_reference,artifacts,1,gain_error,-2.774533132021695e-06,ok,
reverse,9,c51f76a,c51f76aad921a723d3632dd0b09a9f547747c085,2026-08-10T12:00:32+08:00,perf: 2.2x torch / 1.47x numpy decomposition via polyphase GEMM and Câ€¦ (#6),score,numpy,matlab_reference,,,overall_perceptual_score,17.665620658898018,ok,
reverse,9,c51f76a,c51f76aad921a723d3632dd0b09a9f547747c085,2026-08-10T12:00:32+08:00,perf: 2.2x torch / 1.47x numpy decomposition via polyphase GEMM and Câ€¦ (#6),score,numpy,matlab_reference,,,target_perceptual_score,60.99054480411449,ok,
reverse,9,c51f76a,c51f76aad921a723d3632dd0b09a9f547747c085,2026-08-10T12:00:32+08:00,perf: 2.2x torch / 1.47x numpy decomposition via polyphase GEMM and Câ€¦ (#6),score,numpy,matlab_reference,,,interference_perceptual_score,20.484111933216646,ok,
reverse,9,c51f76a,c51f76aad921a723d3632dd0b09a9f547747c085,2026-08-10T12:00:32+08:00,perf: 2.2x torch / 1.47x numpy decomposition via polyphase GEMM and Câ€¦ (#6),score,numpy,matlab_reference,,,artifact_perceptual_score,76.30119318637043,ok,
reverse,9,c51f76a,c51f76aad921a723d3632dd0b09a9f547747c085,2026-08-10T12:00:32+08:00,perf: 2.2x torch / 1.47x numpy decomposition via polyphase GEMM and Câ€¦ (#6),score,numpy,matlab_reference,,,source_to_distortion_ratio,0.9106313299035762,ok,
reverse,9,c51f76a,c51f76aad921a723d3632dd0b09a9f547747c085,2026-08-10T12:00:32+08:00,perf: 2.2x torch / 1.47x numpy decomposition via polyphase GEMM and Câ€¦ (#6),score,numpy,matlab_reference,,,source_to_spatial_distortion_ratio,7.518381807709459,ok,
reverse,9,c51f76a,c51f76aad921a723d3632dd0b09a9f547747c085,2026-08-10T12:00:32+08:00,perf: 2.2x torch / 1.47x numpy decomposition via polyphase GEMM and Câ€¦ (#6),score,numpy,matlab_reference,,,source_to_interference_ratio,-0.370665110565514,ok,
reverse,9,c51f76a,c51f76aad921a723d3632dd0b09a9f547747c085,2026-08-10T12:00:32+08:00,perf: 2.2x torch / 1.47x numpy decomposition via polyphase GEMM and Câ€¦ (#6),score,numpy,matlab_reference,,,source_to_artifacts_ratio,19.35929547652705,ok,
reverse,9,c51f76a,c51f76aad921a723d3632dd0b09a9f547747c085,2026-08-10T12:00:32+08:00,perf: 2.2x torch / 1.47x numpy decomposition via polyphase GEMM and Câ€¦ (#6),score,torch,matlab_reference,,,overall_perceptual_score,17.665736258846312,ok,
reverse,9,c51f76a,c51f76aad921a723d3632dd0b09a9f547747c085,2026-08-10T12:00:32+08:00,perf: 2.2x torch / 1.47x numpy decomposition via polyphase GEMM and Câ€¦ (#6),score,torch,matlab_reference,,,target_perceptual_score,60.99057681757725,ok,
reverse,9,c51f76a,c51f76aad921a723d3632dd0b09a9f547747c085,2026-08-10T12:00:32+08:00,perf: 2.2x torch / 1.47x numpy decomposition via polyphase GEMM and Câ€¦ (#6),score,torch,matlab_reference,,,interference_perceptual_score,20.484476217554928,ok,
reverse,9,c51f76a,c51f76aad921a723d3632dd0b09a9f547747c085,2026-08-10T12:00:32+08:00,perf: 2.2x torch / 1.47x numpy decomposition via polyphase GEMM and Câ€¦ (#6),score,torch,matlab_reference,,,artifact_perceptual_score,76.3011889964203,ok,
reverse,9,c51f76a,c51f76aad921a723d3632dd0b09a9f547747c085,2026-08-10T12:00:32+08:00,perf: 2.2x torch / 1.47x numpy decomposition via polyphase GEMM and Câ€¦ (#6),score,torch,matlab_reference,,,source_to_distortion_ratio,0.9106297010223479,ok,
reverse,9,c51f76a,c51f76aad921a723d3632dd0b09a9f547747c085,2026-08-10T12:00:32+08:00,perf: 2.2x torch / 1.47x numpy decomposition via polyphase GEMM and Câ€¦ (#6),score,torch,matlab_reference,,,source_to_spatial_distortion_ratio,7.518377743367852,ok,
reverse,9,c51f76a,c51f76aad921a723d3632dd0b09a9f547747c085,2026-08-10T12:00:32+08:00,perf: 2.2x torch / 1.47x numpy decomposition via polyphase GEMM and Câ€¦ (#6),score,torch,matlab_reference,,,source_to_interference_ratio,-0.3706691302001057,ok,
reverse,9,c51f76a,c51f76aad921a723d3632dd0b09a9f547747c085,2026-08-10T12:00:32+08:00,perf: 2.2x torch / 1.47x numpy decomposition via polyphase GEMM and Câ€¦ (#6),score,torch,matlab_reference,,,source_to_artifacts_ratio,19.359296066677153,ok,
reverse,9,c51f76a,c51f76aad921a723d3632dd0b09a9f547747c085,2026-08-10T12:00:32+08:00,perf: 2.2x torch / 1.47x numpy decomposition via polyphase GEMM and Câ€¦ (#6),timing,numpy,mono,,,median_seconds,1.5614293003454804,ok,
reverse,9,c51f76a,c51f76aad921a723d3632dd0b09a9f547747c085,2026-08-10T12:00:32+08:00,perf: 2.2x torch / 1.47x numpy decomposition via polyphase GEMM and Câ€¦ (#6),timing,numpy,mono,,,min_seconds,1.5424588997848332,ok,
reverse,9,c51f76a,c51f76aad921a723d3632dd0b09a9f547747c085,2026-08-10T12:00:32+08:00,perf: 2.2x torch / 1.47x numpy decomposition via polyphase GEMM and Câ€¦ (#6),timing,numpy,mono,,,audio_seconds,5.0,ok,
reverse,9,c51f76a,c51f76aad921a723d3632dd0b09a9f547747c085,2026-08-10T12:00:32+08:00,perf: 2.2x torch / 1.47x numpy decomposition via polyphase GEMM and Câ€¦ (#6),timing,numpy,mono,,,seconds_per_audio_second,0.3122858600690961,ok,
reverse,9,c51f76a,c51f76aad921a723d3632dd0b09a9f547747c085,2026-08-10T12:00:32+08:00,perf: 2.2x torch / 1.47x numpy decomposition via polyphase GEMM and Câ€¦ (#6),timing,numpy,mono,,,realtime_factor,3.202194296529279,ok,
reverse,9,c51f76a,c51f76aad921a723d3632dd0b09a9f547747c085,2026-08-10T12:00:32+08:00,perf: 2.2x torch / 1.47x numpy decomposition via polyphase GEMM and Câ€¦ (#6),timing,numpy,mono,,,spread_pct,3.4572136812492356,ok,
reverse,9,c51f76a,c51f76aad921a723d3632dd0b09a9f547747c085,2026-08-10T12:00:32+08:00,perf: 2.2x torch / 1.47x numpy decomposition via polyphase GEMM and Câ€¦ (#6),timing,numpy,stereo,,,median_seconds,3.3132222001440823,ok,
reverse,9,c51f76a,c51f76aad921a723d3632dd0b09a9f547747c085,2026-08-10T12:00:32+08:00,perf: 2.2x torch / 1.47x numpy decomposition via polyphase GEMM and Câ€¦ (#6),timing,numpy,stereo,,,min_seconds,3.294278800021857,ok,
reverse,9,c51f76a,c51f76aad921a723d3632dd0b09a9f547747c085,2026-08-10T12:00:32+08:00,perf: 2.2x torch / 1.47x numpy decomposition via polyphase GEMM and Câ€¦ (#6),timing,numpy,stereo,,,audio_seconds,5.0,ok,
reverse,9,c51f76a,c51f76aad921a723d3632dd0b09a9f547747c085,2026-08-10T12:00:32+08:00,perf: 2.2x torch / 1.47x numpy decomposition via polyphase GEMM and Câ€¦ (#6),timing,numpy,stereo,,,seconds_per_audio_second,0.6626444400288165,ok,
reverse,9,c51f76a,c51f76aad921a723d3632dd0b09a9f547747c085,2026-08-10T12:00:32+08:00,perf: 2.2x torch / 1.47x numpy decomposition via polyphase GEMM and Câ€¦ (#6),timing,numpy,stereo,,,realtime_factor,1.509104943152489,ok,
reverse,9,c51f76a,c51f76aad921a723d3632dd0b09a9f547747c085,2026-08-10T12:00:32+08:00,perf: 2.2x torch / 1.47x numpy decomposition via polyphase GEMM and Câ€¦ (#6),timing,numpy,stereo,,,spread_pct,2.666447051645978,ok,
reverse,9,c51f76a,c51f76aad921a723d3632dd0b09a9f547747c085,2026-08-10T12:00:32+08:00,perf: 2.2x torch / 1.47x numpy decomposition via polyphase GEMM and Câ€¦ (#6),timing,torch,mono,,,median_seconds,1.281195200048387,ok,
reverse,9,c51f76a,c51f76aad921a723d3632dd0b09a9f547747c085,2026-08-10T12:00:32+08:00,perf: 2.2x torch / 1.47x numpy decomposition via polyphase GEMM and Câ€¦ (#6),timing,torch,mono,,,min_seconds,1.2371875001117587,ok,
reverse,9,c51f76a,c51f76aad921a723d3632dd0b09a9f547747c085,2026-08-10T12:00:32+08:00,perf: 2.2x torch / 1.47x numpy decomposition via polyphase GEMM and Câ€¦ (#6),timing,torch,mono,,,audio_seconds,5.0,ok,
reverse,9,c51f76a,c51f76aad921a723d3632dd0b09a9f547747c085,2026-08-10T12:00:32+08:00,perf: 2.2x torch / 1.47x numpy decomposition via polyphase GEMM and Câ€¦ (#6),timing,torch,mono,,,seconds_per_audio_second,0.2562390400096774,ok,
reverse,9,c51f76a,c51f76aad921a723d3632dd0b09a9f547747c085,2026-08-10T12:00:32+08:00,perf: 2.2x torch / 1.47x numpy decomposition via polyphase GEMM and Câ€¦ (#6),timing,torch,mono,,,realtime_factor,3.9026059415545458,ok,
reverse,9,c51f76a,c51f76aad921a723d3632dd0b09a9f547747c085,2026-08-10T12:00:32+08:00,perf: 2.2x torch / 1.47x numpy decomposition via polyphase GEMM and Câ€¦ (#6),timing,torch,mono,,,spread_pct,8.749037633966962,ok,
reverse,9,c51f76a,c51f76aad921a723d3632dd0b09a9f547747c085,2026-08-10T12:00:32+08:00,perf: 2.2x torch / 1.47x numpy decomposition via polyphase GEMM and Câ€¦ (#6),timing,torch,stereo,,,median_seconds,2.5070590996183455,ok,
reverse,9,c51f76a,c51f76aad921a723d3632dd0b09a9f547747c085,2026-08-10T12:00:32+08:00,perf: 2.2x torch / 1.47x numpy decomposition via polyphase GEMM and Câ€¦ (#6),timing,torch,stereo,,,min_seconds,2.415787700098008,ok,
reverse,9,c51f76a,c51f76aad921a723d3632dd0b09a9f547747c085,2026-08-10T12:00:32+08:00,perf: 2.2x torch / 1.47x numpy decomposition via polyphase GEMM and Câ€¦ (#6),timing,torch,stereo,,,audio_seconds,5.0,ok,
reverse,9,c51f76a,c51f76aad921a723d3632dd0b09a9f547747c085,2026-08-10T12:00:32+08:00,perf: 2.2x torch / 1.47x numpy decomposition via polyphase GEMM and Câ€¦ (#6),timing,torch,stereo,,,seconds_per_audio_second,0.5014118199236691,ok,
reverse,9,c51f76a,c51f76aad921a723d3632dd0b09a9f547747c085,2026-08-10T12:00:32+08:00,perf: 2.2x torch / 1.47x numpy decomposition via polyphase GEMM and Câ€¦ (#6),timing,torch,stereo,,,realtime_factor,1.9943686212906429,ok,
reverse,9,c51f76a,c51f76aad921a723d3632dd0b09a9f547747c085,2026-08-10T12:00:32+08:00,perf: 2.2x torch / 1.47x numpy decomposition via polyphase GEMM and Câ€¦ (#6),timing,torch,stereo,,,spread_pct,5.868495796857233,ok,
reverse,10,5ed534a,5ed534ae810444d5201581c41e001de0f2947166,2026-08-10T12:14:11+08:00,"docs: pin the accuracy bar to the MATLAB reference audio, prune the handoff",meta,,,,,measured,1,ok,
reverse,10,5ed534a,5ed534ae810444d5201581c41e001de0f2947166,2026-08-10T12:14:11+08:00,"docs: pin the accuracy bar to the MATLAB reference audio, prune the handoff",accuracy,numpy,matlab_reference,true_target,0,correlation,0.9999999561961295,ok,
reverse,10,5ed534a,5ed534ae810444d5201581c41e001de0f2947166,2026-08-10T12:14:11+08:00,"docs: pin the accuracy bar to the MATLAB reference audio, prune the handoff",accuracy,numpy,matlab_reference,true_target,0,rms_ratio,1.0025656261838365,ok,
reverse,10,5ed534a,5ed534ae810444d5201581c41e001de0f2947166,2026-08-10T12:14:11+08:00,"docs: pin the accuracy bar to the MATLAB reference audio, prune the handoff",accuracy,numpy,matlab_reference,true_target,0,gain_error,5.248375756217172e-07,ok,
reverse,10,5ed534a,5ed534ae810444d5201581c41e001de0f2947166,2026-08-10T12:14:11+08:00,"docs: pin the accuracy bar to the MATLAB reference audio, prune the handoff",accuracy,numpy,matlab_reference,true_target,1,correlation,0.9999999564923208,ok,
reverse,10,5ed534a,5ed534ae810444d5201581c41e001de0f2947166,2026-08-10T12:14:11+08:00,"docs: pin the accuracy bar to the MATLAB reference audio, prune the handoff",accuracy,numpy,matlab_reference,true_target,1,rms_ratio,1.0025642097271241,ok,
reverse,10,5ed534a,5ed534ae810444d5201581c41e001de0f2947166,2026-08-10T12:14:11+08:00,"docs: pin the accuracy bar to the MATLAB reference audio, prune the handoff",accuracy,numpy,matlab_reference,true_target,1,gain_error,-8.879950796902847e-07,ok,
reverse,10,5ed534a,5ed534ae810444d5201581c41e001de0f2947166,2026-08-10T12:14:11+08:00,"docs: pin the accuracy bar to the MATLAB reference audio, prune the handoff",accuracy,numpy,matlab_reference,target_distortion,0,correlation,0.9999997518159526,ok,
reverse,10,5ed534a,5ed534ae810444d5201581c41e001de0f2947166,2026-08-10T12:14:11+08:00,"docs: pin the accuracy bar to the MATLAB reference audio, prune the handoff",accuracy,numpy,matlab_reference,target_distortion,0,rms_ratio,1.0025638121195892,ok,
reverse,10,5ed534a,5ed534ae810444d5201581c41e001de0f2947166,2026-08-10T12:14:11+08:00,"docs: pin the accuracy bar to the MATLAB reference audio, prune the handoff",accuracy,numpy,matlab_reference,target_distortion,0,gain_error,-1.2845853210041724e-06,ok,
reverse,10,5ed534a,5ed534ae810444d5201581c41e001de0f2947166,2026-08-10T12:14:11+08:00,"docs: pin the accuracy bar to the MATLAB reference audio, prune the handoff",accuracy,numpy,matlab_reference,target_distortion,1,correlation,0.9999997569262901,ok,
reverse,10,5ed534a,5ed534ae810444d5201581c41e001de0f2947166,2026-08-10T12:14:11+08:00,"docs: pin the accuracy bar to the MATLAB reference audio, prune the handoff",accuracy,numpy,matlab_reference,target_distortion,1,rms_ratio,1.0025641088572255,ok,
reverse,10,5ed534a,5ed534ae810444d5201581c41e001de0f2947166,2026-08-10T12:14:11+08:00,"docs: pin the accuracy bar to the MATLAB reference audio, prune the handoff",accuracy,numpy,matlab_reference,target_distortion,1,gain_error,-9.886068990105912e-07,ok,
reverse,10,5ed534a,5ed534ae810444d5201581c41e001de0f2947166,2026-08-10T12:14:11+08:00,"docs: pin the accuracy bar to the MATLAB reference audio, prune the handoff",accuracy,numpy,matlab_reference,interference,0,correlation,0.9999999303721786,ok,
reverse,10,5ed534a,5ed534ae810444d5201581c41e001de0f2947166,2026-08-10T12:14:11+08:00,"docs: pin the accuracy bar to the MATLAB reference audio, prune the handoff",accuracy,numpy,matlab_reference,interference,0,rms_ratio,1.0025655710258772,ok,
reverse,10,5ed534a,5ed534ae810444d5201581c41e001de0f2947166,2026-08-10T12:14:11+08:00,"docs: pin the accuracy bar to the MATLAB reference audio, prune the handoff",accuracy,numpy,matlab_reference,interference,0,gain_error,4.6982074008994346e-07,ok,
reverse,10,5ed534a,5ed534ae810444d5201581c41e001de0f2947166,2026-08-10T12:14:11+08:00,"docs: pin the accuracy bar to the MATLAB reference audio, prune the handoff",accuracy,numpy,matlab_reference,interference,1,correlation,0.9999999264069914,ok,
reverse,10,5ed534a,5ed534ae810444d5201581c41e001de0f2947166,2026-08-10T12:14:11+08:00,"docs: pin the accuracy bar to the MATLAB reference audio, prune the handoff",accuracy,numpy,matlab_reference,interference,1,rms_ratio,1.00256542581319,ok,
reverse,10,5ed534a,5ed534ae810444d5201581c41e001de0f2947166,2026-08-10T12:14:11+08:00,"docs: pin the accuracy bar to the MATLAB reference audio, prune the handoff",accuracy,numpy,matlab_reference,interference,1,gain_error,3.2497958479815736e-07,ok,
reverse,10,5ed534a,5ed534ae810444d5201581c41e001de0f2947166,2026-08-10T12:14:11+08:00,"docs: pin the accuracy bar to the MATLAB reference audio, prune the handoff",accuracy,numpy,matlab_reference,artifacts,0,correlation,0.999996689292553,ok,
reverse,10,5ed534a,5ed534ae810444d5201581c41e001de0f2947166,2026-08-10T12:14:11+08:00,"docs: pin the accuracy bar to the MATLAB reference audio, prune the handoff",accuracy,numpy,matlab_reference,artifacts,0,rms_ratio,1.0025533527297354,ok,
reverse,10,5ed534a,5ed534ae810444d5201581c41e001de0f2947166,2026-08-10T12:14:11+08:00,"docs: pin the accuracy bar to the MATLAB reference audio, prune the handoff",accuracy,numpy,matlab_reference,artifacts,0,gain_error,-1.1717214437823031e-05,ok,
reverse,10,5ed534a,5ed534ae810444d5201581c41e001de0f2947166,2026-08-10T12:14:11+08:00,"docs: pin the accuracy bar to the MATLAB reference audio, prune the handoff",accuracy,numpy,matlab_reference,artifacts,1,correlation,0.9999967267532045,ok,
reverse,10,5ed534a,5ed534ae810444d5201581c41e001de0f2947166,2026-08-10T12:14:11+08:00,"docs: pin the accuracy bar to the MATLAB reference audio, prune the handoff",accuracy,numpy,matlab_reference,artifacts,1,rms_ratio,1.0025621567655285,ok,
reverse,10,5ed534a,5ed534ae810444d5201581c41e001de0f2947166,2026-08-10T12:14:11+08:00,"docs: pin the accuracy bar to the MATLAB reference audio, prune the handoff",accuracy,numpy,matlab_reference,artifacts,1,gain_error,-2.935704096929115e-06,ok,
reverse,10,5ed534a,5ed534ae810444d5201581c41e001de0f2947166,2026-08-10T12:14:11+08:00,"docs: pin the accuracy bar to the MATLAB reference audio, prune the handoff",accuracy,torch,matlab_reference,true_target,0,correlation,0.9999999561885168,ok,
reverse,10,5ed534a,5ed534ae810444d5201581c41e001de0f2947166,2026-08-10T12:14:11+08:00,"docs: pin the accuracy bar to the MATLAB reference audio, prune the handoff",accuracy,torch,matlab_reference,true_target,0,rms_ratio,1.0025657316271908,ok,
reverse,10,5ed534a,5ed534ae810444d5201581c41e001de0f2947166,2026-08-10T12:14:11+08:00,"docs: pin the accuracy bar to the MATLAB reference audio, prune the handoff",accuracy,torch,matlab_reference,true_target,0,gain_error,6.300111492496541e-07,ok,
reverse,10,5ed534a,5ed534ae810444d5201581c41e001de0f2947166,2026-08-10T12:14:11+08:00,"docs: pin the accuracy bar to the MATLAB reference audio, prune the handoff",accuracy,torch,matlab_reference,true_target,1,correlation,0.9999999564837453,ok,
reverse,10,5ed534a,5ed534ae810444d5201581c41e001de0f2947166,2026-08-10T12:14:11+08:00,"docs: pin the accuracy bar to the MATLAB reference audio, prune the handoff",accuracy,torch,matlab_reference,true_target,1,rms_ratio,1.0025643041692462,ok,
reverse,10,5ed534a,5ed534ae810444d5201581c41e001de0f2947166,2026-08-10T12:14:11+08:00,"docs: pin the accuracy bar to the MATLAB reference audio, prune the handoff",accuracy,torch,matlab_reference,true_target,1,gain_error,-7.937945912805944e-07,ok,
reverse,10,5ed534a,5ed534ae810444d5201581c41e001de0f2947166,2026-08-10T12:14:11+08:00,"docs: pin the accuracy bar to the MATLAB reference audio, prune the handoff",accuracy,torch,matlab_reference,target_distortion,0,correlation,0.9999997517202872,ok,
reverse,10,5ed534a,5ed534ae810444d5201581c41e001de0f2947166,2026-08-10T12:14:11+08:00,"docs: pin the accuracy bar to the MATLAB reference audio, prune the handoff",accuracy,torch,matlab_reference,target_distortion,0,rms_ratio,1.0025644953122415,ok,
reverse,10,5ed534a,5ed534ae810444d5201581c41e001de0f2947166,2026-08-10T12:14:11+08:00,"docs: pin the accuracy bar to the MATLAB reference audio, prune the handoff",accuracy,torch,matlab_reference,target_distortion,0,gain_error,-6.031406424300556e-07,ok,
reverse,10,5ed534a,5ed534ae810444d5201581c41e001de0f2947166,2026-08-10T12:14:11+08:00,"docs: pin the accuracy bar to the MATLAB reference audio, prune the handoff",accuracy,torch,matlab_reference,target_distortion,1,correlation,0.9999997568730794,ok,
reverse,10,5ed534a,5ed534ae810444d5201581c41e001de0f2947166,2026-08-10T12:14:11+08:00,"docs: pin the accuracy bar to the MATLAB reference audio, prune the handoff",accuracy,torch,matlab_reference,target_distortion,1,rms_ratio,1.002564565992503,ok,
reverse,10,5ed534a,5ed534ae810444d5201581c41e001de0f2947166,2026-08-10T12:14:11+08:00,"docs: pin the accuracy bar to the MATLAB reference audio, prune the handoff",accuracy,torch,matlab_reference,target_distortion,1,gain_error,-5.326412189088359e-07,ok,
reverse,10,5ed534a,5ed534ae810444d5201581c41e001de0f2947166,2026-08-10T12:14:11+08:00,"docs: pin the accuracy bar to the MATLAB reference audio, prune the handoff",accuracy,torch,matlab_reference,interference,0,correlation,0.9999999303372872,ok,
reverse,10,5ed534a,5ed534ae810444d5201581c41e001de0f2947166,2026-08-10T12:14:11+08:00,"docs: pin the accuracy bar to the MATLAB reference audio, prune the handoff",accuracy,torch,matlab_reference,interference,0,rms_ratio,1.0025659561221019,ok,
reverse,10,5ed534a,5ed534ae810444d5201581c41e001de0f2947166,2026-08-10T12:14:11+08:00,"docs: pin the accuracy bar to the MATLAB reference audio, prune the handoff",accuracy,torch,matlab_reference,interference,0,gain_error,8.539316818101383e-07,ok,
reverse,10,5ed534a,5ed534ae810444d5201581c41e001de0f2947166,2026-08-10T12:14:11+08:00,"docs: pin the accuracy bar to the MATLAB reference audio, prune the handoff",accuracy,torch,matlab_reference,interference,1,correlation,0.999999926383622,ok,
reverse,10,5ed534a,5ed534ae810444d5201581c41e001de0f2947166,2026-08-10T12:14:11+08:00,"docs: pin the accuracy bar to the MATLAB reference audio, prune the handoff",accuracy,torch,matlab_reference,interference,1,rms_ratio,1.0025657457020523,ok,
reverse,10,5ed534a,5ed534ae810444d5201581c41e001de0f2947166,2026-08-10T12:14:11+08:00,"docs: pin the accuracy bar to the MATLAB reference audio, prune the handoff",accuracy,torch,matlab_reference,interference,1,gain_error,6.440499995541416e-07,ok,
reverse,10,5ed534a,5ed534ae810444d5201581c41e001de0f2947166,2026-08-10T12:14:11+08:00,"docs: pin the accuracy bar to the MATLAB reference audio, prune the handoff",accuracy,torch,matlab_reference,artifacts,0,correlation,0.9999966888305812,ok,
reverse,10,5ed534a,5ed534ae810444d5201581c41e001de0f2947166,2026-08-10T12:14:11+08:00,"docs: pin the accuracy bar to the MATLAB reference audio, prune the handoff",accuracy,torch,matlab_reference,artifacts,0,rms_ratio,1.002553519237585,ok,
reverse,10,5ed534a,5ed534ae810444d5201581c41e001de0f2947166,2026-08-10T12:14:11+08:00,"docs: pin the accuracy bar to the MATLAB reference audio, prune the handoff",accuracy,torch,matlab_reference,artifacts,0,gain_error,-1.155113260475904e-05,ok,
reverse,10,5ed534a,5ed534ae810444d5201581c41e001de0f2947166,2026-08-10T12:14:11+08:00,"docs: pin the accuracy bar to the MATLAB reference audio, prune the handoff",accuracy,torch,matlab_reference,artifacts,1,correlation,0.999996726408105,ok,
reverse,10,5ed534a,5ed534ae810444d5201581c41e001de0f2947166,2026-08-10T12:14:11+08:00,"docs: pin the accuracy bar to the MATLAB reference audio, prune the handoff",accuracy,torch,matlab_reference,artifacts,1,rms_ratio,1.002562318349913,ok,
reverse,10,5ed534a,5ed534ae810444d5201581c41e001de0f2947166,2026-08-10T12:14:11+08:00,"docs: pin the accuracy bar to the MATLAB reference audio, prune the handoff",accuracy,torch,matlab_reference,artifacts,1,gain_error,-2.774533132021695e-06,ok,
reverse,10,5ed534a,5ed534ae810444d5201581c41e001de0f2947166,2026-08-10T12:14:11+08:00,"docs: pin the accuracy bar to the MATLAB reference audio, prune the handoff",score,numpy,matlab_reference,,,overall_perceptual_score,17.665620658898018,ok,
reverse,10,5ed534a,5ed534ae810444d5201581c41e001de0f2947166,2026-08-10T12:14:11+08:00,"docs: pin the accuracy bar to the MATLAB reference audio, prune the handoff",score,numpy,matlab_reference,,,target_perceptual_score,60.99054480411449,ok,
reverse,10,5ed534a,5ed534ae810444d5201581c41e001de0f2947166,2026-08-10T12:14:11+08:00,"docs: pin the accuracy bar to the MATLAB reference audio, prune the handoff",score,numpy,matlab_reference,,,interference_perceptual_score,20.484111933216646,ok,
reverse,10,5ed534a,5ed534ae810444d5201581c41e001de0f2947166,2026-08-10T12:14:11+08:00,"docs: pin the accuracy bar to the MATLAB reference audio, prune the handoff",score,numpy,matlab_reference,,,artifact_perceptual_score,76.30119318637043,ok,
reverse,10,5ed534a,5ed534ae810444d5201581c41e001de0f2947166,2026-08-10T12:14:11+08:00,"docs: pin the accuracy bar to the MATLAB reference audio, prune the handoff",score,numpy,matlab_reference,,,source_to_distortion_ratio,0.9106313299035762,ok,
reverse,10,5ed534a,5ed534ae810444d5201581c41e001de0f2947166,2026-08-10T12:14:11+08:00,"docs: pin the accuracy bar to the MATLAB reference audio, prune the handoff",score,numpy,matlab_reference,,,source_to_spatial_distortion_ratio,7.518381807709459,ok,
reverse,10,5ed534a,5ed534ae810444d5201581c41e001de0f2947166,2026-08-10T12:14:11+08:00,"docs: pin the accuracy bar to the MATLAB reference audio, prune the handoff",score,numpy,matlab_reference,,,source_to_interference_ratio,-0.370665110565514,ok,
reverse,10,5ed534a,5ed534ae810444d5201581c41e001de0f2947166,2026-08-10T12:14:11+08:00,"docs: pin the accuracy bar to the MATLAB reference audio, prune the handoff",score,numpy,matlab_reference,,,source_to_artifacts_ratio,19.35929547652705,ok,
reverse,10,5ed534a,5ed534ae810444d5201581c41e001de0f2947166,2026-08-10T12:14:11+08:00,"docs: pin the accuracy bar to the MATLAB reference audio, prune the handoff",score,torch,matlab_reference,,,overall_perceptual_score,17.665736258846312,ok,
reverse,10,5ed534a,5ed534ae810444d5201581c41e001de0f2947166,2026-08-10T12:14:11+08:00,"docs: pin the accuracy bar to the MATLAB reference audio, prune the handoff",score,torch,matlab_reference,,,target_perceptual_score,60.99057681757725,ok,
reverse,10,5ed534a,5ed534ae810444d5201581c41e001de0f2947166,2026-08-10T12:14:11+08:00,"docs: pin the accuracy bar to the MATLAB reference audio, prune the handoff",score,torch,matlab_reference,,,interference_perceptual_score,20.484476217554928,ok,
reverse,10,5ed534a,5ed534ae810444d5201581c41e001de0f2947166,2026-08-10T12:14:11+08:00,"docs: pin the accuracy bar to the MATLAB reference audio, prune the handoff",score,torch,matlab_reference,,,artifact_perceptual_score,76.3011889964203,ok,
reverse,10,5ed534a,5ed534ae810444d5201581c41e001de0f2947166,2026-08-10T12:14:11+08:00,"docs: pin the accuracy bar to the MATLAB reference audio, prune the handoff",score,torch,matlab_reference,,,source_to_distortion_ratio,0.9106297010223479,ok,
reverse,10,5ed534a,5ed534ae810444d5201581c41e001de0f2947166,2026-08-10T12:14:11+08:00,"docs: pin the accuracy bar to the MATLAB reference audio, prune the handoff",score,torch,matlab_reference,,,source_to_spatial_distortion_ratio,7.518377743367852,ok,
reverse,10,5ed534a,5ed534ae810444d5201581c41e001de0f2947166,2026-08-10T12:14:11+08:00,"docs: pin the accuracy bar to the MATLAB reference audio, prune the handoff",score,torch,matlab_reference,,,source_to_interference_ratio,-0.3706691302001057,ok,
reverse,10,5ed534a,5ed534ae810444d5201581c41e001de0f2947166,2026-08-10T12:14:11+08:00,"docs: pin the accuracy bar to the MATLAB reference audio, prune the handoff",score,torch,matlab_reference,,,source_to_artifacts_ratio,19.359296066677153,ok,
reverse,10,5ed534a,5ed534ae810444d5201581c41e001de0f2947166,2026-08-10T12:14:11+08:00,"docs: pin the accuracy bar to the MATLAB reference audio, prune the handoff",timing,numpy,mono,,,median_seconds,1.5859356997534633,ok,
reverse,10,5ed534a,5ed534ae810444d5201581c41e001de0f2947166,2026-08-10T12:14:11+08:00,"docs: pin the accuracy bar to the MATLAB reference audio, prune the handoff",timing,numpy,mono,,,min_seconds,1.528893300332129,ok,
reverse,10,5ed534a,5ed534ae810444d5201581c41e001de0f2947166,2026-08-10T12:14:11+08:00,"docs: pin the accuracy bar to the MATLAB reference audio, prune the handoff",timing,numpy,mono,,,audio_seconds,5.0,ok,
reverse,10,5ed534a,5ed534ae810444d5201581c41e001de0f2947166,2026-08-10T12:14:11+08:00,"docs: pin the accuracy bar to the MATLAB reference audio, prune the handoff",timing,numpy,mono,,,seconds_per_audio_second,0.31718713995069264,ok,
reverse,10,5ed534a,5ed534ae810444d5201581c41e001de0f2947166,2026-08-10T12:14:11+08:00,"docs: pin the accuracy bar to the MATLAB reference audio, prune the handoff",timing,numpy,mono,,,realtime_factor,3.152712938347538,ok,
reverse,10,5ed534a,5ed534ae810444d5201581c41e001de0f2947166,2026-08-10T12:14:11+08:00,"docs: pin the accuracy bar to the MATLAB reference audio, prune the handoff",timing,numpy,mono,,,spread_pct,7.116605175320154,ok,
reverse,10,5ed534a,5ed534ae810444d5201581c41e001de0f2947166,2026-08-10T12:14:11+08:00,"docs: pin the accuracy bar to the MATLAB reference audio, prune the handoff",timing,numpy,stereo,,,median_seconds,3.3188697998411953,ok,
reverse,10,5ed534a,5ed534ae810444d5201581c41e001de0f2947166,2026-08-10T12:14:11+08:00,"docs: pin the accuracy bar to the MATLAB reference audio, prune the handoff",timing,numpy,stereo,,,min_seconds,3.277064399793744,ok,
reverse,10,5ed534a,5ed534ae810444d5201581c41e001de0f2947166,2026-08-10T12:14:11+08:00,"docs: pin the accuracy bar to the MATLAB reference audio, prune the handoff",timing,numpy,stereo,,,audio_seconds,5.0,ok,
reverse,10,5ed534a,5ed534ae810444d5201581c41e001de0f2947166,2026-08-10T12:14:11+08:00,"docs: pin the accuracy bar to the MATLAB reference audio, prune the handoff",timing,numpy,stereo,,,seconds_per_audio_second,0.6637739599682391,ok,
reverse,10,5ed534a,5ed534ae810444d5201581c41e001de0f2947166,2026-08-10T12:14:11+08:00,"docs: pin the accuracy bar to the MATLAB reference audio, prune the handoff",timing,numpy,stereo,,,realtime_factor,1.5065369543087364,ok,
reverse,10,5ed534a,5ed534ae810444d5201581c41e001de0f2947166,2026-08-10T12:14:11+08:00,"docs: pin the accuracy bar to the MATLAB reference audio, prune the handoff",timing,numpy,stereo,,,spread_pct,3.939568605298837,ok,
reverse,10,5ed534a,5ed534ae810444d5201581c41e001de0f2947166,2026-08-10T12:14:11+08:00,"docs: pin the accuracy bar to the MATLAB reference audio, prune the handoff",timing,torch,mono,,,median_seconds,1.231442800257355,ok,
reverse,10,5ed534a,5ed534ae810444d5201581c41e001de0f2947166,2026-08-10T12:14:11+08:00,"docs: pin the accuracy bar to the MATLAB reference audio, prune the handoff",timing,torch,mono,,,min_seconds,1.218621600419283,ok,
reverse,10,5ed534a,5ed534ae810444d5201581c41e001de0f2947166,2026-08-10T12:14:11+08:00,"docs: pin the accuracy bar to the MATLAB reference audio, prune the handoff",timing,torch,mono,,,audio_seconds,5.0,ok,
reverse,10,5ed534a,5ed534ae810444d5201581c41e001de0f2947166,2026-08-10T12:14:11+08:00,"docs: pin the accuracy bar to the MATLAB reference audio, prune the handoff",timing,torch,mono,,,seconds_per_audio_second,0.24628856005147098,ok,
reverse,10,5ed534a,5ed534ae810444d5201581c41e001de0f2947166,2026-08-10T12:14:11+08:00,"docs: pin the accuracy bar to the MATLAB reference audio, prune the handoff",timing,torch,mono,,,realtime_factor,4.060277910557492,ok,
reverse,10,5ed534a,5ed534ae810444d5201581c41e001de0f2947166,2026-08-10T12:14:11+08:00,"docs: pin the accuracy bar to the MATLAB reference audio, prune the handoff",timing,torch,mono,,,spread_pct,5.148530058021759,ok,
reverse,10,5ed534a,5ed534ae810444d5201581c41e001de0f2947166,2026-08-10T12:14:11+08:00,"docs: pin the accuracy bar to the MATLAB reference audio, prune the handoff",timing,torch,stereo,,,median_seconds,2.396721899975091,ok,
reverse,10,5ed534a,5ed534ae810444d5201581c41e001de0f2947166,2026-08-10T12:14:11+08:00,"docs: pin the accuracy bar to the MATLAB reference audio, prune the handoff",timing,torch,stereo,,,min_seconds,2.232554300222546,ok,
reverse,10,5ed534a,5ed534ae810444d5201581c41e001de0f2947166,2026-08-10T12:14:11+08:00,"docs: pin the accuracy bar to the MATLAB reference audio, prune the handoff",timing,torch,stereo,,,audio_seconds,5.0,ok,
reverse,10,5ed534a,5ed534ae810444d5201581c41e001de0f2947166,2026-08-10T12:14:11+08:00,"docs: pin the accuracy bar to the MATLAB reference audio, prune the handoff",timing,torch,stereo,,,seconds_per_audio_second,0.4793443799950182,ok,
reverse,10,5ed534a,5ed534ae810444d5201581c41e001de0f2947166,2026-08-10T12:14:11+08:00,"docs: pin the accuracy bar to the MATLAB reference audio, prune the handoff",timing,torch,stereo,,,realtime_factor,2.086182798284592,ok,
reverse,10,5ed534a,5ed534ae810444d5201581c41e001de0f2947166,2026-08-10T12:14:11+08:00,"docs: pin the accuracy bar to the MATLAB reference audio, prune the handoff",timing,torch,stereo,,,spread_pct,15.63205874174869,ok,
reverse,11,fda3030,fda30304da45a77b78db709499a79cad86a0b894,2026-08-12T23:54:48+08:00,perf(numpy): scatter synthesis upsampling straight into the band buffer,meta,,,,,measured,1,ok,
reverse,11,fda3030,fda30304da45a77b78db709499a79cad86a0b894,2026-08-12T23:54:48+08:00,perf(numpy): scatter synthesis upsampling straight into the band buffer,accuracy,numpy,matlab_reference,true_target,0,correlation,0.9999999561961295,ok,
reverse,11,fda3030,fda30304da45a77b78db709499a79cad86a0b894,2026-08-12T23:54:48+08:00,perf(numpy): scatter synthesis upsampling straight into the band buffer,accuracy,numpy,matlab_reference,true_target,0,rms_ratio,1.0025656261838365,ok,
reverse,11,fda3030,fda30304da45a77b78db709499a79cad86a0b894,2026-08-12T23:54:48+08:00,perf(numpy): scatter synthesis upsampling straight into the band buffer,accuracy,numpy,matlab_reference,true_target,0,gain_error,5.248375756217172e-07,ok,
reverse,11,fda3030,fda30304da45a77b78db709499a79cad86a0b894,2026-08-12T23:54:48+08:00,perf(numpy): scatter synthesis upsampling straight into the band buffer,accuracy,numpy,matlab_reference,true_target,1,correlation,0.9999999564923208,ok,
reverse,11,fda3030,fda30304da45a77b78db709499a79cad86a0b894,2026-08-12T23:54:48+08:00,perf(numpy): scatter synthesis upsampling straight into the band buffer,accuracy,numpy,matlab_reference,true_target,1,rms_ratio,1.0025642097271241,ok,
reverse,11,fda3030,fda30304da45a77b78db709499a79cad86a0b894,2026-08-12T23:54:48+08:00,perf(numpy): scatter synthesis upsampling straight into the band buffer,accuracy,numpy,matlab_reference,true_target,1,gain_error,-8.879950796902847e-07,ok,
reverse,11,fda3030,fda30304da45a77b78db709499a79cad86a0b894,2026-08-12T23:54:48+08:00,perf(numpy): scatter synthesis upsampling straight into the band buffer,accuracy,numpy,matlab_reference,target_distortion,0,correlation,0.9999997518159526,ok,
reverse,11,fda3030,fda30304da45a77b78db709499a79cad86a0b894,2026-08-12T23:54:48+08:00,perf(numpy): scatter synthesis upsampling straight into the band buffer,accuracy,numpy,matlab_reference,target_distortion,0,rms_ratio,1.0025638121195892,ok,
reverse,11,fda3030,fda30304da45a77b78db709499a79cad86a0b894,2026-08-12T23:54:48+08:00,perf(numpy): scatter synthesis upsampling straight into the band buffer,accuracy,numpy,matlab_reference,target_distortion,0,gain_error,-1.2845853210041724e-06,ok,
reverse,11,fda3030,fda30304da45a77b78db709499a79cad86a0b894,2026-08-12T23:54:48+08:00,perf(numpy): scatter synthesis upsampling straight into the band buffer,accuracy,numpy,matlab_reference,target_distortion,1,correlation,0.9999997569262901,ok,
reverse,11,fda3030,fda30304da45a77b78db709499a79cad86a0b894,2026-08-12T23:54:48+08:00,perf(numpy): scatter synthesis upsampling straight into the band buffer,accuracy,numpy,matlab_reference,target_distortion,1,rms_ratio,1.0025641088572255,ok,
reverse,11,fda3030,fda30304da45a77b78db709499a79cad86a0b894,2026-08-12T23:54:48+08:00,perf(numpy): scatter synthesis upsampling straight into the band buffer,accuracy,numpy,matlab_reference,target_distortion,1,gain_error,-9.886068990105912e-07,ok,
reverse,11,fda3030,fda30304da45a77b78db709499a79cad86a0b894,2026-08-12T23:54:48+08:00,perf(numpy): scatter synthesis upsampling straight into the band buffer,accuracy,numpy,matlab_reference,interference,0,correlation,0.9999999303721786,ok,
reverse,11,fda3030,fda30304da45a77b78db709499a79cad86a0b894,2026-08-12T23:54:48+08:00,perf(numpy): scatter synthesis upsampling straight into the band buffer,accuracy,numpy,matlab_reference,interference,0,rms_ratio,1.0025655710258772,ok,
reverse,11,fda3030,fda30304da45a77b78db709499a79cad86a0b894,2026-08-12T23:54:48+08:00,perf(numpy): scatter synthesis upsampling straight into the band buffer,accuracy,numpy,matlab_reference,interference,0,gain_error,4.6982074008994346e-07,ok,
reverse,11,fda3030,fda30304da45a77b78db709499a79cad86a0b894,2026-08-12T23:54:48+08:00,perf(numpy): scatter synthesis upsampling straight into the band buffer,accuracy,numpy,matlab_reference,interference,1,correlation,0.9999999264069914,ok,
reverse,11,fda3030,fda30304da45a77b78db709499a79cad86a0b894,2026-08-12T23:54:48+08:00,perf(numpy): scatter synthesis upsampling straight into the band buffer,accuracy,numpy,matlab_reference,interference,1,rms_ratio,1.00256542581319,ok,
reverse,11,fda3030,fda30304da45a77b78db709499a79cad86a0b894,2026-08-12T23:54:48+08:00,perf(numpy): scatter synthesis upsampling straight into the band buffer,accuracy,numpy,matlab_reference,interference,1,gain_error,3.2497958479815736e-07,ok,
reverse,11,fda3030,fda30304da45a77b78db709499a79cad86a0b894,2026-08-12T23:54:48+08:00,perf(numpy): scatter synthesis upsampling straight into the band buffer,accuracy,numpy,matlab_reference,artifacts,0,correlation,0.999996689292553,ok,
reverse,11,fda3030,fda30304da45a77b78db709499a79cad86a0b894,2026-08-12T23:54:48+08:00,perf(numpy): scatter synthesis upsampling straight into the band buffer,accuracy,numpy,matlab_reference,artifacts,0,rms_ratio,1.0025533527297354,ok,
reverse,11,fda3030,fda30304da45a77b78db709499a79cad86a0b894,2026-08-12T23:54:48+08:00,perf(numpy): scatter synthesis upsampling straight into the band buffer,accuracy,numpy,matlab_reference,artifacts,0,gain_error,-1.1717214437823031e-05,ok,
reverse,11,fda3030,fda30304da45a77b78db709499a79cad86a0b894,2026-08-12T23:54:48+08:00,perf(numpy): scatter synthesis upsampling straight into the band buffer,accuracy,numpy,matlab_reference,artifacts,1,correlation,0.9999967267532045,ok,
reverse,11,fda3030,fda30304da45a77b78db709499a79cad86a0b894,2026-08-12T23:54:48+08:00,perf(numpy): scatter synthesis upsampling straight into the band buffer,accuracy,numpy,matlab_reference,artifacts,1,rms_ratio,1.0025621567655285,ok,
reverse,11,fda3030,fda30304da45a77b78db709499a79cad86a0b894,2026-08-12T23:54:48+08:00,perf(numpy): scatter synthesis upsampling straight into the band buffer,accuracy,numpy,matlab_reference,artifacts,1,gain_error,-2.935704096929115e-06,ok,
reverse,11,fda3030,fda30304da45a77b78db709499a79cad86a0b894,2026-08-12T23:54:48+08:00,perf(numpy): scatter synthesis upsampling straight into the band buffer,accuracy,torch,matlab_reference,true_target,0,correlation,0.9999999561885168,ok,
reverse,11,fda3030,fda30304da45a77b78db709499a79cad86a0b894,2026-08-12T23:54:48+08:00,perf(numpy): scatter synthesis upsampling straight into the band buffer,accuracy,torch,matlab_reference,true_target,0,rms_ratio,1.0025657316271908,ok,
reverse,11,fda3030,fda30304da45a77b78db709499a79cad86a0b894,2026-08-12T23:54:48+08:00,perf(numpy): scatter synthesis upsampling straight into the band buffer,accuracy,torch,matlab_reference,true_target,0,gain_error,6.300111492496541e-07,ok,
reverse,11,fda3030,fda30304da45a77b78db709499a79cad86a0b894,2026-08-12T23:54:48+08:00,perf(numpy): scatter synthesis upsampling straight into the band buffer,accuracy,torch,matlab_reference,true_target,1,correlation,0.9999999564837453,ok,
reverse,11,fda3030,fda30304da45a77b78db709499a79cad86a0b894,2026-08-12T23:54:48+08:00,perf(numpy): scatter synthesis upsampling straight into the band buffer,accuracy,torch,matlab_reference,true_target,1,rms_ratio,1.0025643041692462,ok,
reverse,11,fda3030,fda30304da45a77b78db709499a79cad86a0b894,2026-08-12T23:54:48+08:00,perf(numpy): scatter synthesis upsampling straight into the band buffer,accuracy,torch,matlab_reference,true_target,1,gain_error,-7.937945912805944e-07,ok,
reverse,11,fda3030,fda30304da45a77b78db709499a79cad86a0b894,2026-08-12T23:54:48+08:00,perf(numpy): scatter synthesis upsampling straight into the band buffer,accuracy,torch,matlab_reference,target_distortion,0,correlation,0.9999997517202872,ok,
reverse,11,fda3030,fda30304da45a77b78db709499a79cad86a0b894,2026-08-12T23:54:48+08:00,perf(numpy): scatter synthesis upsampling straight into the band buffer,accuracy,torch,matlab_reference,target_distortion,0,rms_ratio,1.0025644953122415,ok,
reverse,11,fda3030,fda30304da45a77b78db709499a79cad86a0b894,2026-08-12T23:54:48+08:00,perf(numpy): scatter synthesis upsampling straight into the band buffer,accuracy,torch,matlab_reference,target_distortion,0,gain_error,-6.031406424300556e-07,ok,
reverse,11,fda3030,fda30304da45a77b78db709499a79cad86a0b894,2026-08-12T23:54:48+08:00,perf(numpy): scatter synthesis upsampling straight into the band buffer,accuracy,torch,matlab_reference,target_distortion,1,correlation,0.9999997568730794,ok,
reverse,11,fda3030,fda30304da45a77b78db709499a79cad86a0b894,2026-08-12T23:54:48+08:00,perf(numpy): scatter synthesis upsampling straight into the band buffer,accuracy,torch,matlab_reference,target_distortion,1,rms_ratio,1.002564565992503,ok,
reverse,11,fda3030,fda30304da45a77b78db709499a79cad86a0b894,2026-08-12T23:54:48+08:00,perf(numpy): scatter synthesis upsampling straight into the band buffer,accuracy,torch,matlab_reference,target_distortion,1,gain_error,-5.326412189088359e-07,ok,
reverse,11,fda3030,fda30304da45a77b78db709499a79cad86a0b894,2026-08-12T23:54:48+08:00,perf(numpy): scatter synthesis upsampling straight into the band buffer,accuracy,torch,matlab_reference,interference,0,correlation,0.9999999303372872,ok,
reverse,11,fda3030,fda30304da45a77b78db709499a79cad86a0b894,2026-08-12T23:54:48+08:00,perf(numpy): scatter synthesis upsampling straight into the band buffer,accuracy,torch,matlab_reference,interference,0,rms_ratio,1.0025659561221019,ok,
reverse,11,fda3030,fda30304da45a77b78db709499a79cad86a0b894,2026-08-12T23:54:48+08:00,perf(numpy): scatter synthesis upsampling straight into the band buffer,accuracy,torch,matlab_reference,interference,0,gain_error,8.539316818101383e-07,ok,
reverse,11,fda3030,fda30304da45a77b78db709499a79cad86a0b894,2026-08-12T23:54:48+08:00,perf(numpy): scatter synthesis upsampling straight into the band buffer,accuracy,torch,matlab_reference,interference,1,correlation,0.999999926383622,ok,
reverse,11,fda3030,fda30304da45a77b78db709499a79cad86a0b894,2026-08-12T23:54:48+08:00,perf(numpy): scatter synthesis upsampling straight into the band buffer,accuracy,torch,matlab_reference,interference,1,rms_ratio,1.0025657457020523,ok,
reverse,11,fda3030,fda30304da45a77b78db709499a79cad86a0b894,2026-08-12T23:54:48+08:00,perf(numpy): scatter synthesis upsampling straight into the band buffer,accuracy,torch,matlab_reference,interference,1,gain_error,6.440499995541416e-07,ok,
reverse,11,fda3030,fda30304da45a77b78db709499a79cad86a0b894,2026-08-12T23:54:48+08:00,perf(numpy): scatter synthesis upsampling straight into the band buffer,accuracy,torch,matlab_reference,artifacts,0,correlation,0.9999966888305812,ok,
reverse,11,fda3030,fda30304da45a77b78db709499a79cad86a0b894,2026-08-12T23:54:48+08:00,perf(numpy): scatter synthesis upsampling straight into the band buffer,accuracy,torch,matlab_reference,artifacts,0,rms_ratio,1.002553519237585,ok,
reverse,11,fda3030,fda30304da45a77b78db709499a79cad86a0b894,2026-08-12T23:54:48+08:00,perf(numpy): scatter synthesis upsampling straight into the band buffer,accuracy,torch,matlab_reference,artifacts,0,gain_error,-1.155113260475904e-05,ok,
reverse,11,fda3030,fda30304da45a77b78db709499a79cad86a0b894,2026-08-12T23:54:48+08:00,perf(numpy): scatter synthesis upsampling straight into the band buffer,accuracy,torch,matlab_reference,artifacts,1,correlation,0.999996726408105,ok,
reverse,11,fda3030,fda30304da45a77b78db709499a79cad86a0b894,2026-08-12T23:54:48+08:00,perf(numpy): scatter synthesis upsampling straight into the band buffer,accuracy,torch,matlab_reference,artifacts,1,rms_ratio,1.002562318349913,ok,
reverse,11,fda3030,fda30304da45a77b78db709499a79cad86a0b894,2026-08-12T23:54:48+08:00,perf(numpy): scatter synthesis upsampling straight into the band buffer,accuracy,torch,matlab_reference,artifacts,1,gain_error,-2.774533132021695e-06,ok,
reverse,11,fda3030,fda30304da45a77b78db709499a79cad86a0b894,2026-08-12T23:54:48+08:00,perf(numpy): scatter synthesis upsampling straight into the band buffer,score,numpy,matlab_reference,,,overall_perceptual_score,17.665620658898018,ok,
reverse,11,fda3030,fda30304da45a77b78db709499a79cad86a0b894,2026-08-12T23:54:48+08:00,perf(numpy): scatter synthesis upsampling straight into the band buffer,score,numpy,matlab_reference,,,target_perceptual_score,60.99054480411449,ok,
reverse,11,fda3030,fda30304da45a77b78db709499a79cad86a0b894,2026-08-12T23:54:48+08:00,perf(numpy): scatter synthesis upsampling straight into the band buffer,score,numpy,matlab_reference,,,interference_perceptual_score,20.484111933216646,ok,
reverse,11,fda3030,fda30304da45a77b78db709499a79cad86a0b894,2026-08-12T23:54:48+08:00,perf(numpy): scatter synthesis upsampling straight into the band buffer,score,numpy,matlab_reference,,,artifact_perceptual_score,76.30119318637043,ok,
reverse,11,fda3030,fda30304da45a77b78db709499a79cad86a0b894,2026-08-12T23:54:48+08:00,perf(numpy): scatter synthesis upsampling straight into the band buffer,score,numpy,matlab_reference,,,source_to_distortion_ratio,0.9106313299035762,ok,
reverse,11,fda3030,fda30304da45a77b78db709499a79cad86a0b894,2026-08-12T23:54:48+08:00,perf(numpy): scatter synthesis upsampling straight into the band buffer,score,numpy,matlab_reference,,,source_to_spatial_distortion_ratio,7.518381807709459,ok,
reverse,11,fda3030,fda30304da45a77b78db709499a79cad86a0b894,2026-08-12T23:54:48+08:00,perf(numpy): scatter synthesis upsampling straight into the band buffer,score,numpy,matlab_reference,,,source_to_interference_ratio,-0.370665110565514,ok,
reverse,11,fda3030,fda30304da45a77b78db709499a79cad86a0b894,2026-08-12T23:54:48+08:00,perf(numpy): scatter synthesis upsampling straight into the band buffer,score,numpy,matlab_reference,,,source_to_artifacts_ratio,19.35929547652705,ok,
reverse,11,fda3030,fda30304da45a77b78db709499a79cad86a0b894,2026-08-12T23:54:48+08:00,perf(numpy): scatter synthesis upsampling straight into the band buffer,score,torch,matlab_reference,,,overall_perceptual_score,17.665736258846312,ok,
reverse,11,fda3030,fda30304da45a77b78db709499a79cad86a0b894,2026-08-12T23:54:48+08:00,perf(numpy): scatter synthesis upsampling straight into the band buffer,score,torch,matlab_reference,,,target_perceptual_score,60.99057681757725,ok,
reverse,11,fda3030,fda30304da45a77b78db709499a79cad86a0b894,2026-08-12T23:54:48+08:00,perf(numpy): scatter synthesis upsampling straight into the band buffer,score,torch,matlab_reference,,,interference_perceptual_score,20.484476217554928,ok,
reverse,11,fda3030,fda30304da45a77b78db709499a79cad86a0b894,2026-08-12T23:54:48+08:00,perf(numpy): scatter synthesis upsampling straight into the band buffer,score,torch,matlab_reference,,,artifact_perceptual_score,76.3011889964203,ok,
reverse,11,fda3030,fda30304da45a77b78db709499a79cad86a0b894,2026-08-12T23:54:48+08:00,perf(numpy): scatter synthesis upsampling straight into the band buffer,score,torch,matlab_reference,,,source_to_distortion_ratio,0.9106297010223479,ok,
reverse,11,fda3030,fda30304da45a77b78db709499a79cad86a0b894,2026-08-12T23:54:48+08:00,perf(numpy): scatter synthesis upsampling straight into the band buffer,score,torch,matlab_reference,,,source_to_spatial_distortion_ratio,7.518377743367852,ok,
reverse,11,fda3030,fda30304da45a77b78db709499a79cad86a0b894,2026-08-12T23:54:48+08:00,perf(numpy): scatter synthesis upsampling straight into the band buffer,score,torch,matlab_reference,,,source_to_interference_ratio,-0.3706691302001057,ok,
reverse,11,fda3030,fda30304da45a77b78db709499a79cad86a0b894,2026-08-12T23:54:48+08:00,perf(numpy): scatter synthesis upsampling straight into the band buffer,score,torch,matlab_reference,,,source_to_artifacts_ratio,19.359296066677153,ok,
reverse,11,fda3030,fda30304da45a77b78db709499a79cad86a0b894,2026-08-12T23:54:48+08:00,perf(numpy): scatter synthesis upsampling straight into the band buffer,timing,numpy,mono,,,median_seconds,1.4623187999241054,ok,
reverse,11,fda3030,fda30304da45a77b78db709499a79cad86a0b894,2026-08-12T23:54:48+08:00,perf(numpy): scatter synthesis upsampling straight into the band buffer,timing,numpy,mono,,,min_seconds,1.4431587997823954,ok,
reverse,11,fda3030,fda30304da45a77b78db709499a79cad86a0b894,2026-08-12T23:54:48+08:00,perf(numpy): scatter synthesis upsampling straight into the band buffer,timing,numpy,mono,,,audio_seconds,5.0,ok,
reverse,11,fda3030,fda30304da45a77b78db709499a79cad86a0b894,2026-08-12T23:54:48+08:00,perf(numpy): scatter synthesis upsampling straight into the band buffer,timing,numpy,mono,,,seconds_per_audio_second,0.2924637599848211,ok,
reverse,11,fda3030,fda30304da45a77b78db709499a79cad86a0b894,2026-08-12T23:54:48+08:00,perf(numpy): scatter synthesis upsampling straight into the band buffer,timing,numpy,mono,,,realtime_factor,3.4192270524454043,ok,
reverse,11,fda3030,fda30304da45a77b78db709499a79cad86a0b894,2026-08-12T23:54:48+08:00,perf(numpy): scatter synthesis upsampling straight into the band buffer,timing,numpy,mono,,,spread_pct,3.9632298433141457,ok,
reverse,11,fda3030,fda30304da45a77b78db709499a79cad86a0b894,2026-08-12T23:54:48+08:00,perf(numpy): scatter synthesis upsampling straight into the band buffer,timing,numpy,stereo,,,median_seconds,3.0762970000505447,ok,
reverse,11,fda3030,fda30304da45a77b78db709499a79cad86a0b894,2026-08-12T23:54:48+08:00,perf(numpy): scatter synthesis upsampling straight into the band buffer,timing,numpy,stereo,,,min_seconds,2.8602820998057723,ok,
reverse,11,fda3030,fda30304da45a77b78db709499a79cad86a0b894,2026-08-12T23:54:48+08:00,perf(numpy): scatter synthesis upsampling straight into the band buffer,timing,numpy,stereo,,,audio_seconds,5.0,ok,
reverse,11,fda3030,fda30304da45a77b78db709499a79cad86a0b894,2026-08-12T23:54:48+08:00,perf(numpy): scatter synthesis upsampling straight into the band buffer,timing,numpy,stereo,,,seconds_per_audio_second,0.6152594000101089,ok,
reverse,11,fda3030,fda30304da45a77b78db709499a79cad86a0b894,2026-08-12T23:54:48+08:00,perf(numpy): scatter synthesis upsampling straight into the band buffer,timing,numpy,stereo,,,realtime_factor,1.6253307141403603,ok,
reverse,11,fda3030,fda30304da45a77b78db709499a79cad86a0b894,2026-08-12T23:54:48+08:00,perf(numpy): scatter synthesis upsampling straight into the band buffer,timing,numpy,stereo,,,spread_pct,10.624721261033024,ok,
reverse,11,fda3030,fda30304da45a77b78db709499a79cad86a0b894,2026-08-12T23:54:48+08:00,perf(numpy): scatter synthesis upsampling straight into the band buffer,timing,torch,mono,,,median_seconds,1.340271799825132,ok,
reverse,11,fda3030,fda30304da45a77b78db709499a79cad86a0b894,2026-08-12T23:54:48+08:00,perf(numpy): scatter synthesis upsampling straight into the band buffer,timing,torch,mono,,,min_seconds,1.2628977000713348,ok,
reverse,11,fda3030,fda30304da45a77b78db709499a79cad86a0b894,2026-08-12T23:54:48+08:00,perf(numpy): scatter synthesis upsampling straight into the band buffer,timing,torch,mono,,,audio_seconds,5.0,ok,
reverse,11,fda3030,fda30304da45a77b78db709499a79cad86a0b894,2026-08-12T23:54:48+08:00,perf(numpy): scatter synthesis upsampling straight into the band buffer,timing,torch,mono,,,seconds_per_audio_second,0.26805435996502636,ok,
reverse,11,fda3030,fda30304da45a77b78db709499a79cad86a0b894,2026-08-12T23:54:48+08:00,perf(numpy): scatter synthesis upsampling straight into the band buffer,timing,torch,mono,,,realtime_factor,3.7305865874760333,ok,
reverse,11,fda3030,fda30304da45a77b78db709499a79cad86a0b894,2026-08-12T23:54:48+08:00,perf(numpy): scatter synthesis upsampling straight into the band buffer,timing,torch,mono,,,spread_pct,9.334358561894327,ok,
reverse,11,fda3030,fda30304da45a77b78db709499a79cad86a0b894,2026-08-12T23:54:48+08:00,perf(numpy): scatter synthesis upsampling straight into the band buffer,timing,torch,stereo,,,median_seconds,2.526612799614668,ok,
reverse,11,fda3030,fda30304da45a77b78db709499a79cad86a0b894,2026-08-12T23:54:48+08:00,perf(numpy): scatter synthesis upsampling straight into the band buffer,timing,torch,stereo,,,min_seconds,2.445506399963051,ok,
reverse,11,fda3030,fda30304da45a77b78db709499a79cad86a0b894,2026-08-12T23:54:48+08:00,perf(numpy): scatter synthesis upsampling straight into the band buffer,timing,torch,stereo,,,audio_seconds,5.0,ok,
reverse,11,fda3030,fda30304da45a77b78db709499a79cad86a0b894,2026-08-12T23:54:48+08:00,perf(numpy): scatter synthesis upsampling straight into the band buffer,timing,torch,stereo,,,seconds_per_audio_second,0.5053225599229336,ok,
reverse,11,fda3030,fda30304da45a77b78db709499a79cad86a0b894,2026-08-12T23:54:48+08:00,perf(numpy): scatter synthesis upsampling straight into the band buffer,timing,torch,stereo,,,realtime_factor,1.9789340102933646,ok,
reverse,11,fda3030,fda30304da45a77b78db709499a79cad86a0b894,2026-08-12T23:54:48+08:00,perf(numpy): scatter synthesis upsampling straight into the band buffer,timing,torch,stereo,,,spread_pct,8.599773055124428,ok,
reverse,12,ae0bdc2,ae0bdc28622f21ac0bdc8f622a4a69af35c5e83e,2026-08-13T00:26:41+08:00,"perf(torch): general mixed-rate polyphase, retiring the FFT resample route",meta,,,,,measured,1,ok,
reverse,12,ae0bdc2,ae0bdc28622f21ac0bdc8f622a4a69af35c5e83e,2026-08-13T00:26:41+08:00,"perf(torch): general mixed-rate polyphase, retiring the FFT resample route",accuracy,numpy,matlab_reference,true_target,0,correlation,0.9999999561961295,ok,
reverse,12,ae0bdc2,ae0bdc28622f21ac0bdc8f622a4a69af35c5e83e,2026-08-13T00:26:41+08:00,"perf(torch): general mixed-rate polyphase, retiring the FFT resample route",accuracy,numpy,matlab_reference,true_target,0,rms_ratio,1.0025656261838365,ok,
reverse,12,ae0bdc2,ae0bdc28622f21ac0bdc8f622a4a69af35c5e83e,2026-08-13T00:26:41+08:00,"perf(torch): general mixed-rate polyphase, retiring the FFT resample route",accuracy,numpy,matlab_reference,true_target,0,gain_error,5.248375756217172e-07,ok,
reverse,12,ae0bdc2,ae0bdc28622f21ac0bdc8f622a4a69af35c5e83e,2026-08-13T00:26:41+08:00,"perf(torch): general mixed-rate polyphase, retiring the FFT resample route",accuracy,numpy,matlab_reference,true_target,1,correlation,0.9999999564923208,ok,
reverse,12,ae0bdc2,ae0bdc28622f21ac0bdc8f622a4a69af35c5e83e,2026-08-13T00:26:41+08:00,"perf(torch): general mixed-rate polyphase, retiring the FFT resample route",accuracy,numpy,matlab_reference,true_target,1,rms_ratio,1.0025642097271241,ok,
reverse,12,ae0bdc2,ae0bdc28622f21ac0bdc8f622a4a69af35c5e83e,2026-08-13T00:26:41+08:00,"perf(torch): general mixed-rate polyphase, retiring the FFT resample route",accuracy,numpy,matlab_reference,true_target,1,gain_error,-8.879950796902847e-07,ok,
reverse,12,ae0bdc2,ae0bdc28622f21ac0bdc8f622a4a69af35c5e83e,2026-08-13T00:26:41+08:00,"perf(torch): general mixed-rate polyphase, retiring the FFT resample route",accuracy,numpy,matlab_reference,target_distortion,0,correlation,0.9999997518159526,ok,
reverse,12,ae0bdc2,ae0bdc28622f21ac0bdc8f622a4a69af35c5e83e,2026-08-13T00:26:41+08:00,"perf(torch): general mixed-rate polyphase, retiring the FFT resample route",accuracy,numpy,matlab_reference,target_distortion,0,rms_ratio,1.0025638121195892,ok,
reverse,12,ae0bdc2,ae0bdc28622f21ac0bdc8f622a4a69af35c5e83e,2026-08-13T00:26:41+08:00,"perf(torch): general mixed-rate polyphase, retiring the FFT resample route",accuracy,numpy,matlab_reference,target_distortion,0,gain_error,-1.2845853210041724e-06,ok,
reverse,12,ae0bdc2,ae0bdc28622f21ac0bdc8f622a4a69af35c5e83e,2026-08-13T00:26:41+08:00,"perf(torch): general mixed-rate polyphase, retiring the FFT resample route",accuracy,numpy,matlab_reference,target_distortion,1,correlation,0.9999997569262901,ok,
reverse,12,ae0bdc2,ae0bdc28622f21ac0bdc8f622a4a69af35c5e83e,2026-08-13T00:26:41+08:00,"perf(torch): general mixed-rate polyphase, retiring the FFT resample route",accuracy,numpy,matlab_reference,target_distortion,1,rms_ratio,1.0025641088572255,ok,
reverse,12,ae0bdc2,ae0bdc28622f21ac0bdc8f622a4a69af35c5e83e,2026-08-13T00:26:41+08:00,"perf(torch): general mixed-rate polyphase, retiring the FFT resample route",accuracy,numpy,matlab_reference,target_distortion,1,gain_error,-9.886068990105912e-07,ok,
reverse,12,ae0bdc2,ae0bdc28622f21ac0bdc8f622a4a69af35c5e83e,2026-08-13T00:26:41+08:00,"perf(torch): general mixed-rate polyphase, retiring the FFT resample route",accuracy,numpy,matlab_reference,interference,0,correlation,0.9999999303721786,ok,
reverse,12,ae0bdc2,ae0bdc28622f21ac0bdc8f622a4a69af35c5e83e,2026-08-13T00:26:41+08:00,"perf(torch): general mixed-rate polyphase, retiring the FFT resample route",accuracy,numpy,matlab_reference,interference,0,rms_ratio,1.0025655710258772,ok,
reverse,12,ae0bdc2,ae0bdc28622f21ac0bdc8f622a4a69af35c5e83e,2026-08-13T00:26:41+08:00,"perf(torch): general mixed-rate polyphase, retiring the FFT resample route",accuracy,numpy,matlab_reference,interference,0,gain_error,4.6982074008994346e-07,ok,
reverse,12,ae0bdc2,ae0bdc28622f21ac0bdc8f622a4a69af35c5e83e,2026-08-13T00:26:41+08:00,"perf(torch): general mixed-rate polyphase, retiring the FFT resample route",accuracy,numpy,matlab_reference,interference,1,correlation,0.9999999264069914,ok,
reverse,12,ae0bdc2,ae0bdc28622f21ac0bdc8f622a4a69af35c5e83e,2026-08-13T00:26:41+08:00,"perf(torch): general mixed-rate polyphase, retiring the FFT resample route",accuracy,numpy,matlab_reference,interference,1,rms_ratio,1.00256542581319,ok,
reverse,12,ae0bdc2,ae0bdc28622f21ac0bdc8f622a4a69af35c5e83e,2026-08-13T00:26:41+08:00,"perf(torch): general mixed-rate polyphase, retiring the FFT resample route",accuracy,numpy,matlab_reference,interference,1,gain_error,3.2497958479815736e-07,ok,
reverse,12,ae0bdc2,ae0bdc28622f21ac0bdc8f622a4a69af35c5e83e,2026-08-13T00:26:41+08:00,"perf(torch): general mixed-rate polyphase, retiring the FFT resample route",accuracy,numpy,matlab_reference,artifacts,0,correlation,0.999996689292553,ok,
reverse,12,ae0bdc2,ae0bdc28622f21ac0bdc8f622a4a69af35c5e83e,2026-08-13T00:26:41+08:00,"perf(torch): general mixed-rate polyphase, retiring the FFT resample route",accuracy,numpy,matlab_reference,artifacts,0,rms_ratio,1.0025533527297354,ok,
reverse,12,ae0bdc2,ae0bdc28622f21ac0bdc8f622a4a69af35c5e83e,2026-08-13T00:26:41+08:00,"perf(torch): general mixed-rate polyphase, retiring the FFT resample route",accuracy,numpy,matlab_reference,artifacts,0,gain_error,-1.1717214437823031e-05,ok,
reverse,12,ae0bdc2,ae0bdc28622f21ac0bdc8f622a4a69af35c5e83e,2026-08-13T00:26:41+08:00,"perf(torch): general mixed-rate polyphase, retiring the FFT resample route",accuracy,numpy,matlab_reference,artifacts,1,correlation,0.9999967267532045,ok,
reverse,12,ae0bdc2,ae0bdc28622f21ac0bdc8f622a4a69af35c5e83e,2026-08-13T00:26:41+08:00,"perf(torch): general mixed-rate polyphase, retiring the FFT resample route",accuracy,numpy,matlab_reference,artifacts,1,rms_ratio,1.0025621567655285,ok,
reverse,12,ae0bdc2,ae0bdc28622f21ac0bdc8f622a4a69af35c5e83e,2026-08-13T00:26:41+08:00,"perf(torch): general mixed-rate polyphase, retiring the FFT resample route",accuracy,numpy,matlab_reference,artifacts,1,gain_error,-2.935704096929115e-06,ok,
reverse,12,ae0bdc2,ae0bdc28622f21ac0bdc8f622a4a69af35c5e83e,2026-08-13T00:26:41+08:00,"perf(torch): general mixed-rate polyphase, retiring the FFT resample route",accuracy,torch,matlab_reference,true_target,0,correlation,0.9999999561885166,ok,
reverse,12,ae0bdc2,ae0bdc28622f21ac0bdc8f622a4a69af35c5e83e,2026-08-13T00:26:41+08:00,"perf(torch): general mixed-rate polyphase, retiring the FFT resample route",accuracy,torch,matlab_reference,true_target,0,rms_ratio,1.0025657316271912,ok,
reverse,12,ae0bdc2,ae0bdc28622f21ac0bdc8f622a4a69af35c5e83e,2026-08-13T00:26:41+08:00,"perf(torch): general mixed-rate polyphase, retiring the FFT resample route",accuracy,torch,matlab_reference,true_target,0,gain_error,6.300111496937433e-07,ok,
reverse,12,ae0bdc2,ae0bdc28622f21ac0bdc8f622a4a69af35c5e83e,2026-08-13T00:26:41+08:00,"perf(torch): general mixed-rate polyphase, retiring the FFT resample route",accuracy,torch,matlab_reference,true_target,1,correlation,0.9999999564837455,ok,
reverse,12,ae0bdc2,ae0bdc28622f21ac0bdc8f622a4a69af35c5e83e,2026-08-13T00:26:41+08:00,"perf(torch): general mixed-rate polyphase, retiring the FFT resample route",accuracy,torch,matlab_reference,true_target,1,rms_ratio,1.0025643041692467,ok,
reverse,12,ae0bdc2,ae0bdc28622f21ac0bdc8f622a4a69af35c5e83e,2026-08-13T00:26:41+08:00,"perf(torch): general mixed-rate polyphase, retiring the FFT resample route",accuracy,torch,matlab_reference,true_target,1,gain_error,-7.937945908365052e-07,ok,
reverse,12,ae0bdc2,ae0bdc28622f21ac0bdc8f622a4a69af35c5e83e,2026-08-13T00:26:41+08:00,"perf(torch): general mixed-rate polyphase, retiring the FFT resample route",accuracy,torch,matlab_reference,target_distortion,0,correlation,0.9999997517202875,ok,
reverse,12,ae0bdc2,ae0bdc28622f21ac0bdc8f622a4a69af35c5e83e,2026-08-13T00:26:41+08:00,"perf(torch): general mixed-rate polyphase, retiring the FFT resample route",accuracy,torch,matlab_reference,target_distortion,0,rms_ratio,1.0025644953099082,ok,
reverse,12,ae0bdc2,ae0bdc28622f21ac0bdc8f622a4a69af35c5e83e,2026-08-13T00:26:41+08:00,"perf(torch): general mixed-rate polyphase, retiring the FFT resample route",accuracy,torch,matlab_reference,target_distortion,0,gain_error,-6.031429697905821e-07,ok,
reverse,12,ae0bdc2,ae0bdc28622f21ac0bdc8f622a4a69af35c5e83e,2026-08-13T00:26:41+08:00,"perf(torch): general mixed-rate polyphase, retiring the FFT resample route",accuracy,torch,matlab_reference,target_distortion,1,correlation,0.9999997568730794,ok,
reverse,12,ae0bdc2,ae0bdc28622f21ac0bdc8f622a4a69af35c5e83e,2026-08-13T00:26:41+08:00,"perf(torch): general mixed-rate polyphase, retiring the FFT resample route",accuracy,torch,matlab_reference,target_distortion,1,rms_ratio,1.0025645659903506,ok,
reverse,12,ae0bdc2,ae0bdc28622f21ac0bdc8f622a4a69af35c5e83e,2026-08-13T00:26:41+08:00,"perf(torch): general mixed-rate polyphase, retiring the FFT resample route",accuracy,torch,matlab_reference,target_distortion,1,gain_error,-5.326433658581209e-07,ok,
reverse,12,ae0bdc2,ae0bdc28622f21ac0bdc8f622a4a69af35c5e83e,2026-08-13T00:26:41+08:00,"perf(torch): general mixed-rate polyphase, retiring the FFT resample route",accuracy,torch,matlab_reference,interference,0,correlation,0.999999930337287,ok,
reverse,12,ae0bdc2,ae0bdc28622f21ac0bdc8f622a4a69af35c5e83e,2026-08-13T00:26:41+08:00,"perf(torch): general mixed-rate polyphase, retiring the FFT resample route",accuracy,torch,matlab_reference,interference,0,rms_ratio,1.0025659561218128,ok,
reverse,12,ae0bdc2,ae0bdc28622f21ac0bdc8f622a4a69af35c5e83e,2026-08-13T00:26:41+08:00,"perf(torch): general mixed-rate polyphase, retiring the FFT resample route",accuracy,torch,matlab_reference,interference,0,gain_error,8.539313933741965e-07,ok,
reverse,12,ae0bdc2,ae0bdc28622f21ac0bdc8f622a4a69af35c5e83e,2026-08-13T00:26:41+08:00,"perf(torch): general mixed-rate polyphase, retiring the FFT resample route",accuracy,torch,matlab_reference,interference,1,correlation,0.9999999263836228,ok,
reverse,12,ae0bdc2,ae0bdc28622f21ac0bdc8f622a4a69af35c5e83e,2026-08-13T00:26:41+08:00,"perf(torch): general mixed-rate polyphase, retiring the FFT resample route",accuracy,torch,matlab_reference,interference,1,rms_ratio,1.0025657457016666,ok,
reverse,12,ae0bdc2,ae0bdc28622f21ac0bdc8f622a4a69af35c5e83e,2026-08-13T00:26:41+08:00,"perf(torch): general mixed-rate polyphase, retiring the FFT resample route",accuracy,torch,matlab_reference,interference,1,gain_error,6.440496149728858e-07,ok,
reverse,12,ae0bdc2,ae0bdc28622f21ac0bdc8f622a4a69af35c5e83e,2026-08-13T00:26:41+08:00,"perf(torch): general mixed-rate polyphase, retiring the FFT resample route",accuracy,torch,matlab_reference,artifacts,0,correlation,0.999996688830584,ok,
reverse,12,ae0bdc2,ae0bdc28622f21ac0bdc8f622a4a69af35c5e83e,2026-08-13T00:26:41+08:00,"perf(torch): general mixed-rate polyphase, retiring the FFT resample route",accuracy,torch,matlab_reference,artifacts,0,rms_ratio,1.0025535192393396,ok,
reverse,12,ae0bdc2,ae0bdc28622f21ac0bdc8f622a4a69af35c5e83e,2026-08-13T00:26:41+08:00,"perf(torch): general mixed-rate polyphase, retiring the FFT resample route",accuracy,torch,matlab_reference,artifacts,0,gain_error,-1.1551130854714486e-05,ok,
reverse,12,ae0bdc2,ae0bdc28622f21ac0bdc8f622a4a69af35c5e83e,2026-08-13T00:26:41+08:00,"perf(torch): general mixed-rate polyphase, retiring the FFT resample route",accuracy,torch,matlab_reference,artifacts,1,correlation,0.9999967264080943,ok,
reverse,12,ae0bdc2,ae0bdc28622f21ac0bdc8f622a4a69af35c5e83e,2026-08-13T00:26:41+08:00,"perf(torch): general mixed-rate polyphase, retiring the FFT resample route",accuracy,torch,matlab_reference,artifacts,1,rms_ratio,1.0025623183508725,ok,
reverse,12,ae0bdc2,ae0bdc28622f21ac0bdc8f622a4a69af35c5e83e,2026-08-13T00:26:41+08:00,"perf(torch): general mixed-rate polyphase, retiring the FFT resample route",accuracy,torch,matlab_reference,artifacts,1,gain_error,-2.7745321750094476e-06,ok,
reverse,12,ae0bdc2,ae0bdc28622f21ac0bdc8f622a4a69af35c5e83e,2026-08-13T00:26:41+08:00,"perf(torch): general mixed-rate polyphase, retiring the FFT resample route",score,numpy,matlab_reference,,,overall_perceptual_score,17.665620658898018,ok,
reverse,12,ae0bdc2,ae0bdc28622f21ac0bdc8f622a4a69af35c5e83e,2026-08-13T00:26:41+08:00,"perf(torch): general mixed-rate polyphase, retiring the FFT resample route",score,numpy,matlab_reference,,,target_perceptual_score,60.99054480411449,ok,
reverse,12,ae0bdc2,ae0bdc28622f21ac0bdc8f622a4a69af35c5e83e,2026-08-13T00:26:41+08:00,"perf(torch): general mixed-rate polyphase, retiring the FFT resample route",score,numpy,matlab_reference,,,interference_perceptual_score,20.484111933216646,ok,
reverse,12,ae0bdc2,ae0bdc28622f21ac0bdc8f622a4a69af35c5e83e,2026-08-13T00:26:41+08:00,"perf(torch): general mixed-rate polyphase, retiring the FFT resample route",score,numpy,matlab_reference,,,artifact_perceptual_score,76.30119318637043,ok,
reverse,12,ae0bdc2,ae0bdc28622f21ac0bdc8f622a4a69af35c5e83e,2026-08-13T00:26:41+08:00,"perf(torch): general mixed-rate polyphase, retiring the FFT resample route",score,numpy,matlab_reference,,,source_to_distortion_ratio,0.9106313299035762,ok,
reverse,12,ae0bdc2,ae0bdc28622f21ac0bdc8f622a4a69af35c5e83e,2026-08-13T00:26:41+08:00,"perf(torch): general mixed-rate polyphase, retiring the FFT resample route",score,numpy,matlab_reference,,,source_to_spatial_distortion_ratio,7.518381807709459,ok,
reverse,12,ae0bdc2,ae0bdc28622f21ac0bdc8f622a4a69af35c5e83e,2026-08-13T00:26:41+08:00,"perf(torch): general mixed-rate polyphase, retiring the FFT resample route",score,numpy,matlab_reference,,,source_to_interference_ratio,-0.370665110565514,ok,
reverse,12,ae0bdc2,ae0bdc28622f21ac0bdc8f622a4a69af35c5e83e,2026-08-13T00:26:41+08:00,"perf(torch): general mixed-rate polyphase, retiring the FFT resample route",score,numpy,matlab_reference,,,source_to_artifacts_ratio,19.35929547652705,ok,
reverse,12,ae0bdc2,ae0bdc28622f21ac0bdc8f622a4a69af35c5e83e,2026-08-13T00:26:41+08:00,"perf(torch): general mixed-rate polyphase, retiring the FFT resample route",score,torch,matlab_reference,,,overall_perceptual_score,17.665736259269625,ok,
reverse,12,ae0bdc2,ae0bdc28622f21ac0bdc8f622a4a69af35c5e83e,2026-08-13T00:26:41+08:00,"perf(torch): general mixed-rate polyphase, retiring the FFT resample route",score,torch,matlab_reference,,,target_perceptual_score,60.990576817501506,ok,
reverse,12,ae0bdc2,ae0bdc28622f21ac0bdc8f622a4a69af35c5e83e,2026-08-13T00:26:41+08:00,"perf(torch): general mixed-rate polyphase, retiring the FFT resample route",score,torch,matlab_reference,,,interference_perceptual_score,20.48447621764011,ok,
reverse,12,ae0bdc2,ae0bdc28622f21ac0bdc8f622a4a69af35c5e83e,2026-08-13T00:26:41+08:00,"perf(torch): general mixed-rate polyphase, retiring the FFT resample route",score,torch,matlab_reference,,,artifact_perceptual_score,76.30118899626407,ok,
reverse,12,ae0bdc2,ae0bdc28622f21ac0bdc8f622a4a69af35c5e83e,2026-08-13T00:26:41+08:00,"perf(torch): general mixed-rate polyphase, retiring the FFT resample route",score,torch,matlab_reference,,,source_to_distortion_ratio,0.9106297010223486,ok,
reverse,12,ae0bdc2,ae0bdc28622f21ac0bdc8f622a4a69af35c5e83e,2026-08-13T00:26:41+08:00,"perf(torch): general mixed-rate polyphase, retiring the FFT resample route",score,torch,matlab_reference,,,source_to_spatial_distortion_ratio,7.51837774338728,ok,
reverse,12,ae0bdc2,ae0bdc28622f21ac0bdc8f622a4a69af35c5e83e,2026-08-13T00:26:41+08:00,"perf(torch): general mixed-rate polyphase, retiring the FFT resample route",score,torch,matlab_reference,,,source_to_interference_ratio,-0.3706691301688929,ok,
reverse,12,ae0bdc2,ae0bdc28622f21ac0bdc8f622a4a69af35c5e83e,2026-08-13T00:26:41+08:00,"perf(torch): general mixed-rate polyphase, retiring the FFT resample route",score,torch,matlab_reference,,,source_to_artifacts_ratio,19.35929606667044,ok,
reverse,12,ae0bdc2,ae0bdc28622f21ac0bdc8f622a4a69af35c5e83e,2026-08-13T00:26:41+08:00,"perf(torch): general mixed-rate polyphase, retiring the FFT resample route",timing,numpy,mono,,,median_seconds,1.4707704000175,ok,
reverse,12,ae0bdc2,ae0bdc28622f21ac0bdc8f622a4a69af35c5e83e,2026-08-13T00:26:41+08:00,"perf(torch): general mixed-rate polyphase, retiring the FFT resample route",timing,numpy,mono,,,min_seconds,1.4532091999426484,ok,
reverse,12,ae0bdc2,ae0bdc28622f21ac0bdc8f622a4a69af35c5e83e,2026-08-13T00:26:41+08:00,"perf(torch): general mixed-rate polyphase, retiring the FFT resample route",timing,numpy,mono,,,audio_seconds,5.0,ok,
reverse,12,ae0bdc2,ae0bdc28622f21ac0bdc8f622a4a69af35c5e83e,2026-08-13T00:26:41+08:00,"perf(torch): general mixed-rate polyphase, retiring the FFT resample route",timing,numpy,mono,,,seconds_per_audio_second,0.29415408000349996,ok,
reverse,12,ae0bdc2,ae0bdc28622f21ac0bdc8f622a4a69af35c5e83e,2026-08-13T00:26:41+08:00,"perf(torch): general mixed-rate polyphase, retiring the FFT resample route",timing,numpy,mono,,,realtime_factor,3.3995788873236146,ok,
reverse,12,ae0bdc2,ae0bdc28622f21ac0bdc8f622a4a69af35c5e83e,2026-08-13T00:26:41+08:00,"perf(torch): general mixed-rate polyphase, retiring the FFT resample route",timing,numpy,mono,,,spread_pct,3.4590890441008866,ok,
reverse,12,ae0bdc2,ae0bdc28622f21ac0bdc8f622a4a69af35c5e83e,2026-08-13T00:26:41+08:00,"perf(torch): general mixed-rate polyphase, retiring the FFT resample route",timing,numpy,stereo,,,median_seconds,3.113014899659902,ok,
reverse,12,ae0bdc2,ae0bdc28622f21ac0bdc8f622a4a69af35c5e83e,2026-08-13T00:26:41+08:00,"perf(torch): general mixed-rate polyphase, retiring the FFT resample route",timing,numpy,stereo,,,min_seconds,3.10231770016253,ok,
reverse,12,ae0bdc2,ae0bdc28622f21ac0bdc8f622a4a69af35c5e83e,2026-08-13T00:26:41+08:00,"perf(torch): general mixed-rate polyphase, retiring the FFT resample route",timing,numpy,stereo,,,audio_seconds,5.0,ok,
reverse,12,ae0bdc2,ae0bdc28622f21ac0bdc8f622a4a69af35c5e83e,2026-08-13T00:26:41+08:00,"perf(torch): general mixed-rate polyphase, retiring the FFT resample route",timing,numpy,stereo,,,seconds_per_audio_second,0.6226029799319803,ok,
reverse,12,ae0bdc2,ae0bdc28622f21ac0bdc8f622a4a69af35c5e83e,2026-08-13T00:26:41+08:00,"perf(torch): general mixed-rate polyphase, retiring the FFT resample route",timing,numpy,stereo,,,realtime_factor,1.6061599963900757,ok,
reverse,12,ae0bdc2,ae0bdc28622f21ac0bdc8f622a4a69af35c5e83e,2026-08-13T00:26:41+08:00,"perf(torch): general mixed-rate polyphase, retiring the FFT resample route",timing,numpy,stereo,,,spread_pct,1.485947100388243,ok,
reverse,12,ae0bdc2,ae0bdc28622f21ac0bdc8f622a4a69af35c5e83e,2026-08-13T00:26:41+08:00,"perf(torch): general mixed-rate polyphase, retiring the FFT resample route",timing,torch,mono,,,median_seconds,1.2992374002933502,ok,
reverse,12,ae0bdc2,ae0bdc28622f21ac0bdc8f622a4a69af35c5e83e,2026-08-13T00:26:41+08:00,"perf(torch): general mixed-rate polyphase, retiring the FFT resample route",timing,torch,mono,,,min_seconds,1.218525500036776,ok,
reverse,12,ae0bdc2,ae0bdc28622f21ac0bdc8f622a4a69af35c5e83e,2026-08-13T00:26:41+08:00,"perf(torch): general mixed-rate polyphase, retiring the FFT resample route",timing,torch,mono,,,audio_seconds,5.0,ok,
reverse,12,ae0bdc2,ae0bdc28622f21ac0bdc8f622a4a69af35c5e83e,2026-08-13T00:26:41+08:00,"perf(torch): general mixed-rate polyphase, retiring the FFT resample route",timing,torch,mono,,,seconds_per_audio_second,0.25984748005867003,ok,
reverse,12,ae0bdc2,ae0bdc28622f21ac0bdc8f622a4a69af35c5e83e,2026-08-13T00:26:41+08:00,"perf(torch): general mixed-rate polyphase, retiring the FFT resample route",timing,torch,mono,,,realtime_factor,3.8484113826088038,ok,
reverse,12,ae0bdc2,ae0bdc28622f21ac0bdc8f622a4a69af35c5e83e,2026-08-13T00:26:41+08:00,"perf(torch): general mixed-rate polyphase, retiring the FFT resample route",timing,torch,mono,,,spread_pct,8.709994178281875,ok,
reverse,12,ae0bdc2,ae0bdc28622f21ac0bdc8f622a4a69af35c5e83e,2026-08-13T00:26:41+08:00,"perf(torch): general mixed-rate polyphase, retiring the FFT resample route",timing,torch,stereo,,,median_seconds,2.433289300184697,ok,
reverse,12,ae0bdc2,ae0bdc28622f21ac0bdc8f622a4a69af35c5e83e,2026-08-13T00:26:41+08:00,"perf(torch): general mixed-rate polyphase, retiring the FFT resample route",timing,torch,stereo,,,min_seconds,2.396121900063008,ok,
reverse,12,ae0bdc2,ae0bdc28622f21ac0bdc8f622a4a69af35c5e83e,2026-08-13T00:26:41+08:00,"perf(torch): general mixed-rate polyphase, retiring the FFT resample route",timing,torch,stereo,,,audio_seconds,5.0,ok,
reverse,12,ae0bdc2,ae0bdc28622f21ac0bdc8f622a4a69af35c5e83e,2026-08-13T00:26:41+08:00,"perf(torch): general mixed-rate polyphase, retiring the FFT resample route",timing,torch,stereo,,,seconds_per_audio_second,0.4866578600369394,ok,
reverse,12,ae0bdc2,ae0bdc28622f21ac0bdc8f622a4a69af35c5e83e,2026-08-13T00:26:41+08:00,"perf(torch): general mixed-rate polyphase, retiring the FFT resample route",timing,torch,stereo,,,realtime_factor,2.0548317044013134,ok,
reverse,12,ae0bdc2,ae0bdc28622f21ac0bdc8f622a4a69af35c5e83e,2026-08-13T00:26:41+08:00,"perf(torch): general mixed-rate polyphase, retiring the FFT resample route",timing,torch,stereo,,,spread_pct,2.1838746905839868,ok,
reverse,13,04de76a,04de76a08895534a00810d6ca57cd8959e4e84ce,2026-08-13T00:55:10+08:00,perf(torch): fuse the synthesis chain into one shift-accumulate,meta,,,,,measured,1,ok,
reverse,13,04de76a,04de76a08895534a00810d6ca57cd8959e4e84ce,2026-08-13T00:55:10+08:00,perf(torch): fuse the synthesis chain into one shift-accumulate,accuracy,numpy,matlab_reference,true_target,0,correlation,0.9999999561961295,ok,
reverse,13,04de76a,04de76a08895534a00810d6ca57cd8959e4e84ce,2026-08-13T00:55:10+08:00,perf(torch): fuse the synthesis chain into one shift-accumulate,accuracy,numpy,matlab_reference,true_target,0,rms_ratio,1.0025656261838365,ok,
reverse,13,04de76a,04de76a08895534a00810d6ca57cd8959e4e84ce,2026-08-13T00:55:10+08:00,perf(torch): fuse the synthesis chain into one shift-accumulate,accuracy,numpy,matlab_reference,true_target,0,gain_error,5.248375756217172e-07,ok,
reverse,13,04de76a,04de76a08895534a00810d6ca57cd8959e4e84ce,2026-08-13T00:55:10+08:00,perf(torch): fuse the synthesis chain into one shift-accumulate,accuracy,numpy,matlab_reference,true_target,1,correlation,0.9999999564923208,ok,
reverse,13,04de76a,04de76a08895534a00810d6ca57cd8959e4e84ce,2026-08-13T00:55:10+08:00,perf(torch): fuse the synthesis chain into one shift-accumulate,accuracy,numpy,matlab_reference,true_target,1,rms_ratio,1.0025642097271241,ok,
reverse,13,04de76a,04de76a08895534a00810d6ca57cd8959e4e84ce,2026-08-13T00:55:10+08:00,perf(torch): fuse the synthesis chain into one shift-accumulate,accuracy,numpy,matlab_reference,true_target,1,gain_error,-8.879950796902847e-07,ok,
reverse,13,04de76a,04de76a08895534a00810d6ca57cd8959e4e84ce,2026-08-13T00:55:10+08:00,perf(torch): fuse the synthesis chain into one shift-accumulate,accuracy,numpy,matlab_reference,target_distortion,0,correlation,0.9999997518159526,ok,
reverse,13,04de76a,04de76a08895534a00810d6ca57cd8959e4e84ce,2026-08-13T00:55:10+08:00,perf(torch): fuse the synthesis chain into one shift-accumulate,accuracy,numpy,matlab_reference,target_distortion,0,rms_ratio,1.0025638121195892,ok,
reverse,13,04de76a,04de76a08895534a00810d6ca57cd8959e4e84ce,2026-08-13T00:55:10+08:00,perf(torch): fuse the synthesis chain into one shift-accumulate,accuracy,numpy,matlab_reference,target_distortion,0,gain_error,-1.2845853210041724e-06,ok,
reverse,13,04de76a,04de76a08895534a00810d6ca57cd8959e4e84ce,2026-08-13T00:55:10+08:00,perf(torch): fuse the synthesis chain into one shift-accumulate,accuracy,numpy,matlab_reference,target_distortion,1,correlation,0.9999997569262901,ok,
reverse,13,04de76a,04de76a08895534a00810d6ca57cd8959e4e84ce,2026-08-13T00:55:10+08:00,perf(torch): fuse the synthesis chain into one shift-accumulate,accuracy,numpy,matlab_reference,target_distortion,1,rms_ratio,1.0025641088572255,ok,
reverse,13,04de76a,04de76a08895534a00810d6ca57cd8959e4e84ce,2026-08-13T00:55:10+08:00,perf(torch): fuse the synthesis chain into one shift-accumulate,accuracy,numpy,matlab_reference,target_distortion,1,gain_error,-9.886068990105912e-07,ok,
reverse,13,04de76a,04de76a08895534a00810d6ca57cd8959e4e84ce,2026-08-13T00:55:10+08:00,perf(torch): fuse the synthesis chain into one shift-accumulate,accuracy,numpy,matlab_reference,interference,0,correlation,0.9999999303721786,ok,
reverse,13,04de76a,04de76a08895534a00810d6ca57cd8959e4e84ce,2026-08-13T00:55:10+08:00,perf(torch): fuse the synthesis chain into one shift-accumulate,accuracy,numpy,matlab_reference,interference,0,rms_ratio,1.0025655710258772,ok,
reverse,13,04de76a,04de76a08895534a00810d6ca57cd8959e4e84ce,2026-08-13T00:55:10+08:00,perf(torch): fuse the synthesis chain into one shift-accumulate,accuracy,numpy,matlab_reference,interference,0,gain_error,4.6982074008994346e-07,ok,
reverse,13,04de76a,04de76a08895534a00810d6ca57cd8959e4e84ce,2026-08-13T00:55:10+08:00,perf(torch): fuse the synthesis chain into one shift-accumulate,accuracy,numpy,matlab_reference,interference,1,correlation,0.9999999264069914,ok,
reverse,13,04de76a,04de76a08895534a00810d6ca57cd8959e4e84ce,2026-08-13T00:55:10+08:00,perf(torch): fuse the synthesis chain into one shift-accumulate,accuracy,numpy,matlab_reference,interference,1,rms_ratio,1.00256542581319,ok,
reverse,13,04de76a,04de76a08895534a00810d6ca57cd8959e4e84ce,2026-08-13T00:55:10+08:00,perf(torch): fuse the synthesis chain into one shift-accumulate,accuracy,numpy,matlab_reference,interference,1,gain_error,3.2497958479815736e-07,ok,
reverse,13,04de76a,04de76a08895534a00810d6ca57cd8959e4e84ce,2026-08-13T00:55:10+08:00,perf(torch): fuse the synthesis chain into one shift-accumulate,accuracy,numpy,matlab_reference,artifacts,0,correlation,0.999996689292553,ok,
reverse,13,04de76a,04de76a08895534a00810d6ca57cd8959e4e84ce,2026-08-13T00:55:10+08:00,perf(torch): fuse the synthesis chain into one shift-accumulate,accuracy,numpy,matlab_reference,artifacts,0,rms_ratio,1.0025533527297354,ok,
reverse,13,04de76a,04de76a08895534a00810d6ca57cd8959e4e84ce,2026-08-13T00:55:10+08:00,perf(torch): fuse the synthesis chain into one shift-accumulate,accuracy,numpy,matlab_reference,artifacts,0,gain_error,-1.1717214437823031e-05,ok,
reverse,13,04de76a,04de76a08895534a00810d6ca57cd8959e4e84ce,2026-08-13T00:55:10+08:00,perf(torch): fuse the synthesis chain into one shift-accumulate,accuracy,numpy,matlab_reference,artifacts,1,correlation,0.9999967267532045,ok,
reverse,13,04de76a,04de76a08895534a00810d6ca57cd8959e4e84ce,2026-08-13T00:55:10+08:00,perf(torch): fuse the synthesis chain into one shift-accumulate,accuracy,numpy,matlab_reference,artifacts,1,rms_ratio,1.0025621567655285,ok,
reverse,13,04de76a,04de76a08895534a00810d6ca57cd8959e4e84ce,2026-08-13T00:55:10+08:00,perf(torch): fuse the synthesis chain into one shift-accumulate,accuracy,numpy,matlab_reference,artifacts,1,gain_error,-2.935704096929115e-06,ok,
reverse,13,04de76a,04de76a08895534a00810d6ca57cd8959e4e84ce,2026-08-13T00:55:10+08:00,perf(torch): fuse the synthesis chain into one shift-accumulate,accuracy,torch,matlab_reference,true_target,0,correlation,0.9999999561885167,ok,
reverse,13,04de76a,04de76a08895534a00810d6ca57cd8959e4e84ce,2026-08-13T00:55:10+08:00,perf(torch): fuse the synthesis chain into one shift-accumulate,accuracy,torch,matlab_reference,true_target,0,rms_ratio,1.0025657316271912,ok,
reverse,13,04de76a,04de76a08895534a00810d6ca57cd8959e4e84ce,2026-08-13T00:55:10+08:00,perf(torch): fuse the synthesis chain into one shift-accumulate,accuracy,torch,matlab_reference,true_target,0,gain_error,6.300111496937433e-07,ok,
reverse,13,04de76a,04de76a08895534a00810d6ca57cd8959e4e84ce,2026-08-13T00:55:10+08:00,perf(torch): fuse the synthesis chain into one shift-accumulate,accuracy,torch,matlab_reference,true_target,1,correlation,0.9999999564837455,ok,
reverse,13,04de76a,04de76a08895534a00810d6ca57cd8959e4e84ce,2026-08-13T00:55:10+08:00,perf(torch): fuse the synthesis chain into one shift-accumulate,accuracy,torch,matlab_reference,true_target,1,rms_ratio,1.0025643041692467,ok,
reverse,13,04de76a,04de76a08895534a00810d6ca57cd8959e4e84ce,2026-08-13T00:55:10+08:00,perf(torch): fuse the synthesis chain into one shift-accumulate,accuracy,torch,matlab_reference,true_target,1,gain_error,-7.937945908365052e-07,ok,
reverse,13,04de76a,04de76a08895534a00810d6ca57cd8959e4e84ce,2026-08-13T00:55:10+08:00,perf(torch): fuse the synthesis chain into one shift-accumulate,accuracy,torch,matlab_reference,target_distortion,0,correlation,0.9999997517202875,ok,
reverse,13,04de76a,04de76a08895534a00810d6ca57cd8959e4e84ce,2026-08-13T00:55:10+08:00,perf(torch): fuse the synthesis chain into one shift-accumulate,accuracy,torch,matlab_reference,target_distortion,0,rms_ratio,1.0025644953099082,ok,
reverse,13,04de76a,04de76a08895534a00810d6ca57cd8959e4e84ce,2026-08-13T00:55:10+08:00,perf(torch): fuse the synthesis chain into one shift-accumulate,accuracy,torch,matlab_reference,target_distortion,0,gain_error,-6.031429697905821e-07,ok,
reverse,13,04de76a,04de76a08895534a00810d6ca57cd8959e4e84ce,2026-08-13T00:55:10+08:00,perf(torch): fuse the synthesis chain into one shift-accumulate,accuracy,torch,matlab_reference,target_distortion,1,correlation,0.9999997568730792,ok,
reverse,13,04de76a,04de76a08895534a00810d6ca57cd8959e4e84ce,2026-08-13T00:55:10+08:00,perf(torch): fuse the synthesis chain into one shift-accumulate,accuracy,torch,matlab_reference,target_distortion,1,rms_ratio,1.0025645659903506,ok,
reverse,13,04de76a,04de76a08895534a00810d6ca57cd8959e4e84ce,2026-08-13T00:55:10+08:00,perf(torch): fuse the synthesis chain into one shift-accumulate,accuracy,torch,matlab_reference,target_distortion,1,gain_error,-5.326433658581209e-07,ok,
reverse,13,04de76a,04de76a08895534a00810d6ca57cd8959e4e84ce,2026-08-13T00:55:10+08:00,perf(torch): fuse the synthesis chain into one shift-accumulate,accuracy,torch,matlab_reference,interference,0,correlation,0.9999999303372871,ok,
reverse,13,04de76a,04de76a08895534a00810d6ca57cd8959e4e84ce,2026-08-13T00:55:10+08:00,perf(torch): fuse the synthesis chain into one shift-accumulate,accuracy,torch,matlab_reference,interference,0,rms_ratio,1.0025659561218128,ok,
reverse,13,04de76a,04de76a08895534a00810d6ca57cd8959e4e84ce,2026-08-13T00:55:10+08:00,perf(torch): fuse the synthesis chain into one shift-accumulate,accuracy,torch,matlab_reference,interference,0,gain_error,8.539313933741965e-07,ok,
reverse,13,04de76a,04de76a08895534a00810d6ca57cd8959e4e84ce,2026-08-13T00:55:10+08:00,perf(torch): fuse the synthesis chain into one shift-accumulate,accuracy,torch,matlab_reference,interference,1,correlation,0.999999926383623,ok,
reverse,13,04de76a,04de76a08895534a00810d6ca57cd8959e4e84ce,2026-08-13T00:55:10+08:00,perf(torch): fuse the synthesis chain into one shift-accumulate,accuracy,torch,matlab_reference,interference,1,rms_ratio,1.0025657457016666,ok,
reverse,13,04de76a,04de76a08895534a00810d6ca57cd8959e4e84ce,2026-08-13T00:55:10+08:00,perf(torch): fuse the synthesis chain into one shift-accumulate,accuracy,torch,matlab_reference,interference,1,gain_error,6.440496149728858e-07,ok,
reverse,13,04de76a,04de76a08895534a00810d6ca57cd8959e4e84ce,2026-08-13T00:55:10+08:00,perf(torch): fuse the synthesis chain into one shift-accumulate,accuracy,torch,matlab_reference,artifacts,0,correlation,0.9999966888305841,ok,
reverse,13,04de76a,04de76a08895534a00810d6ca57cd8959e4e84ce,2026-08-13T00:55:10+08:00,perf(torch): fuse the synthesis chain into one shift-accumulate,accuracy,torch,matlab_reference,artifacts,0,rms_ratio,1.0025535192393396,ok,
reverse,13,04de76a,04de76a08895534a00810d6ca57cd8959e4e84ce,2026-08-13T00:55:10+08:00,perf(torch): fuse the synthesis chain into one shift-accumulate,accuracy,torch,matlab_reference,artifacts,0,gain_error,-1.1551130854714486e-05,ok,
reverse,13,04de76a,04de76a08895534a00810d6ca57cd8959e4e84ce,2026-08-13T00:55:10+08:00,perf(torch): fuse the synthesis chain into one shift-accumulate,accuracy,torch,matlab_reference,artifacts,1,correlation,0.9999967264080942,ok,
reverse,13,04de76a,04de76a08895534a00810d6ca57cd8959e4e84ce,2026-08-13T00:55:10+08:00,perf(torch): fuse the synthesis chain into one shift-accumulate,accuracy,torch,matlab_reference,artifacts,1,rms_ratio,1.0025623183508725,ok,
reverse,13,04de76a,04de76a08895534a00810d6ca57cd8959e4e84ce,2026-08-13T00:55:10+08:00,perf(torch): fuse the synthesis chain into one shift-accumulate,accuracy,torch,matlab_reference,artifacts,1,gain_error,-2.7745321750094476e-06,ok,
reverse,13,04de76a,04de76a08895534a00810d6ca57cd8959e4e84ce,2026-08-13T00:55:10+08:00,perf(torch): fuse the synthesis chain into one shift-accumulate,score,numpy,matlab_reference,,,overall_perceptual_score,17.665620658898018,ok,
reverse,13,04de76a,04de76a08895534a00810d6ca57cd8959e4e84ce,2026-08-13T00:55:10+08:00,perf(torch): fuse the synthesis chain into one shift-accumulate,score,numpy,matlab_reference,,,target_perceptual_score,60.99054480411449,ok,
reverse,13,04de76a,04de76a08895534a00810d6ca57cd8959e4e84ce,2026-08-13T00:55:10+08:00,perf(torch): fuse the synthesis chain into one shift-accumulate,score,numpy,matlab_reference,,,interference_perceptual_score,20.484111933216646,ok,
reverse,13,04de76a,04de76a08895534a00810d6ca57cd8959e4e84ce,2026-08-13T00:55:10+08:00,perf(torch): fuse the synthesis chain into one shift-accumulate,score,numpy,matlab_reference,,,artifact_perceptual_score,76.30119318637043,ok,
reverse,13,04de76a,04de76a08895534a00810d6ca57cd8959e4e84ce,2026-08-13T00:55:10+08:00,perf(torch): fuse the synthesis chain into one shift-accumulate,score,numpy,matlab_reference,,,source_to_distortion_ratio,0.9106313299035762,ok,
reverse,13,04de76a,04de76a08895534a00810d6ca57cd8959e4e84ce,2026-08-13T00:55:10+08:00,perf(torch): fuse the synthesis chain into one shift-accumulate,score,numpy,matlab_reference,,,source_to_spatial_distortion_ratio,7.518381807709459,ok,
reverse,13,04de76a,04de76a08895534a00810d6ca57cd8959e4e84ce,2026-08-13T00:55:10+08:00,perf(torch): fuse the synthesis chain into one shift-accumulate,score,numpy,matlab_reference,,,source_to_interference_ratio,-0.370665110565514,ok,
reverse,13,04de76a,04de76a08895534a00810d6ca57cd8959e4e84ce,2026-08-13T00:55:10+08:00,perf(torch): fuse the synthesis chain into one shift-accumulate,score,numpy,matlab_reference,,,source_to_artifacts_ratio,19.35929547652705,ok,
reverse,13,04de76a,04de76a08895534a00810d6ca57cd8959e4e84ce,2026-08-13T00:55:10+08:00,perf(torch): fuse the synthesis chain into one shift-accumulate,score,torch,matlab_reference,,,overall_perceptual_score,17.665736258846312,ok,
reverse,13,04de76a,04de76a08895534a00810d6ca57cd8959e4e84ce,2026-08-13T00:55:10+08:00,perf(torch): fuse the synthesis chain into one shift-accumulate,score,torch,matlab_reference,,,target_perceptual_score,60.99057681749069,ok,
reverse,13,04de76a,04de76a08895534a00810d6ca57cd8959e4e84ce,2026-08-13T00:55:10+08:00,perf(torch): fuse the synthesis chain into one shift-accumulate,score,torch,matlab_reference,,,interference_perceptual_score,20.484476217617885,ok,
reverse,13,04de76a,04de76a08895534a00810d6ca57cd8959e4e84ce,2026-08-13T00:55:10+08:00,perf(torch): fuse the synthesis chain into one shift-accumulate,score,torch,matlab_reference,,,artifact_perceptual_score,76.30118899632984,ok,
reverse,13,04de76a,04de76a08895534a00810d6ca57cd8959e4e84ce,2026-08-13T00:55:10+08:00,perf(torch): fuse the synthesis chain into one shift-accumulate,score,torch,matlab_reference,,,source_to_distortion_ratio,0.9106297010223486,ok,
reverse,13,04de76a,04de76a08895534a00810d6ca57cd8959e4e84ce,2026-08-13T00:55:10+08:00,perf(torch): fuse the synthesis chain into one shift-accumulate,score,torch,matlab_reference,,,source_to_spatial_distortion_ratio,7.51837774338728,ok,
reverse,13,04de76a,04de76a08895534a00810d6ca57cd8959e4e84ce,2026-08-13T00:55:10+08:00,perf(torch): fuse the synthesis chain into one shift-accumulate,score,torch,matlab_reference,,,source_to_interference_ratio,-0.3706691301688929,ok,
reverse,13,04de76a,04de76a08895534a00810d6ca57cd8959e4e84ce,2026-08-13T00:55:10+08:00,perf(torch): fuse the synthesis chain into one shift-accumulate,score,torch,matlab_reference,,,source_to_artifacts_ratio,19.35929606667044,ok,
reverse,13,04de76a,04de76a08895534a00810d6ca57cd8959e4e84ce,2026-08-13T00:55:10+08:00,perf(torch): fuse the synthesis chain into one shift-accumulate,timing,numpy,mono,,,median_seconds,1.4663681001402438,ok,
reverse,13,04de76a,04de76a08895534a00810d6ca57cd8959e4e84ce,2026-08-13T00:55:10+08:00,perf(torch): fuse the synthesis chain into one shift-accumulate,timing,numpy,mono,,,min_seconds,1.4463432999327779,ok,
reverse,13,04de76a,04de76a08895534a00810d6ca57cd8959e4e84ce,2026-08-13T00:55:10+08:00,perf(torch): fuse the synthesis chain into one shift-accumulate,timing,numpy,mono,,,audio_seconds,5.0,ok,
reverse,13,04de76a,04de76a08895534a00810d6ca57cd8959e4e84ce,2026-08-13T00:55:10+08:00,perf(torch): fuse the synthesis chain into one shift-accumulate,timing,numpy,mono,,,seconds_per_audio_second,0.29327362002804874,ok,
reverse,13,04de76a,04de76a08895534a00810d6ca57cd8959e4e84ce,2026-08-13T00:55:10+08:00,perf(torch): fuse the synthesis chain into one shift-accumulate,timing,numpy,mono,,,realtime_factor,3.409785032504321,ok,
reverse,13,04de76a,04de76a08895534a00810d6ca57cd8959e4e84ce,2026-08-13T00:55:10+08:00,perf(torch): fuse the synthesis chain into one shift-accumulate,timing,numpy,mono,,,spread_pct,3.338688706022482,ok,
reverse,13,04de76a,04de76a08895534a00810d6ca57cd8959e4e84ce,2026-08-13T00:55:10+08:00,perf(torch): fuse the synthesis chain into one shift-accumulate,timing,numpy,stereo,,,median_seconds,3.113450199831277,ok,
reverse,13,04de76a,04de76a08895534a00810d6ca57cd8959e4e84ce,2026-08-13T00:55:10+08:00,perf(torch): fuse the synthesis chain into one shift-accumulate,timing,numpy,stereo,,,min_seconds,3.056319700088352,ok,
reverse,13,04de76a,04de76a08895534a00810d6ca57cd8959e4e84ce,2026-08-13T00:55:10+08:00,perf(torch): fuse the synthesis chain into one shift-accumulate,timing,numpy,stereo,,,audio_seconds,5.0,ok,
reverse,13,04de76a,04de76a08895534a00810d6ca57cd8959e4e84ce,2026-08-13T00:55:10+08:00,perf(torch): fuse the synthesis chain into one shift-accumulate,timing,numpy,stereo,,,seconds_per_audio_second,0.6226900399662554,ok,
reverse,13,04de76a,04de76a08895534a00810d6ca57cd8959e4e84ce,2026-08-13T00:55:10+08:00,perf(torch): fuse the synthesis chain into one shift-accumulate,timing,numpy,stereo,,,realtime_factor,1.6059354346733916,ok,
reverse,13,04de76a,04de76a08895534a00810d6ca57cd8959e4e84ce,2026-08-13T00:55:10+08:00,perf(torch): fuse the synthesis chain into one shift-accumulate,timing,numpy,stereo,,,spread_pct,3.401411179606247,ok,
reverse,13,04de76a,04de76a08895534a00810d6ca57cd8959e4e84ce,2026-08-13T00:55:10+08:00,perf(torch): fuse the synthesis chain into one shift-accumulate,timing,torch,mono,,,median_seconds,1.075680899899453,ok,
reverse,13,04de76a,04de76a08895534a00810d6ca57cd8959e4e84ce,2026-08-13T00:55:10+08:00,perf(torch): fuse the synthesis chain into one shift-accumulate,timing,torch,mono,,,min_seconds,1.0661387997679412,ok,
reverse,13,04de76a,04de76a08895534a00810d6ca57cd8959e4e84ce,2026-08-13T00:55:10+08:00,perf(torch): fuse the synthesis chain into one shift-accumulate,timing,torch,mono,,,audio_seconds,5.0,ok,
reverse,13,04de76a,04de76a08895534a00810d6ca57cd8959e4e84ce,2026-08-13T00:55:10+08:00,perf(torch): fuse the synthesis chain into one shift-accumulate,timing,torch,mono,,,seconds_per_audio_second,0.2151361799798906,ok,
reverse,13,04de76a,04de76a08895534a00810d6ca57cd8959e4e84ce,2026-08-13T00:55:10+08:00,perf(torch): fuse the synthesis chain into one shift-accumulate,timing,torch,mono,,,realtime_factor,4.648218631071133,ok,
reverse,13,04de76a,04de76a08895534a00810d6ca57cd8959e4e84ce,2026-08-13T00:55:10+08:00,perf(torch): fuse the synthesis chain into one shift-accumulate,timing,torch,mono,,,spread_pct,2.165881252580516,ok,
reverse,13,04de76a,04de76a08895534a00810d6ca57cd8959e4e84ce,2026-08-13T00:55:10+08:00,perf(torch): fuse the synthesis chain into one shift-accumulate,timing,torch,stereo,,,median_seconds,2.182730100117624,ok,
reverse,13,04de76a,04de76a08895534a00810d6ca57cd8959e4e84ce,2026-08-13T00:55:10+08:00,perf(torch): fuse the synthesis chain into one shift-accumulate,timing,torch,stereo,,,min_seconds,2.1564767002128065,ok,
reverse,13,04de76a,04de76a08895534a00810d6ca57cd8959e4e84ce,2026-08-13T00:55:10+08:00,perf(torch): fuse the synthesis chain into one shift-accumulate,timing,torch,stereo,,,audio_seconds,5.0,ok,
reverse,13,04de76a,04de76a08895534a00810d6ca57cd8959e4e84ce,2026-08-13T00:55:10+08:00,perf(torch): fuse the synthesis chain into one shift-accumulate,timing,torch,stereo,,,seconds_per_audio_second,0.4365460200235248,ok,
reverse,13,04de76a,04de76a08895534a00810d6ca57cd8959e4e84ce,2026-08-13T00:55:10+08:00,perf(torch): fuse the synthesis chain into one shift-accumulate,timing,torch,stereo,,,realtime_factor,2.2907092359841275,ok,
reverse,13,04de76a,04de76a08895534a00810d6ca57cd8959e4e84ce,2026-08-13T00:55:10+08:00,perf(torch): fuse the synthesis chain into one shift-accumulate,timing,torch,stereo,,,spread_pct,4.455155927669301,ok,
